unit_id,connection_type,technology,tier,rsp,state_or_territory,geography,is_this_service_impaired,is_this_service_underperforming,gateway_mac,All hour trimmed mean download speed,All hour minimum download speed,All hour maximum download speed,Busy hour trimmed mean download speed,Busy hour minimum download speed,Busy hour maximum download speed,All hour trimmed mean upload speed,All hour minimum upload speed,All hour maximum upload speed,Busy hour trimmed mean upload speed,Busy hour minimum upload speed,Busy hour maximum upload speed,All hour trimmed mean latency,All hour minimum latency,All hour maximum latency,Busy hour trimmed mean latency,Busy hour minimum latency,Busy hour maximum latency,Average daily outages
135073792,NBN,Hybrid Fibre Coaxial,100/20 Mbps,Leaptel,VIC,Urban,FALSE,FALSE,1c:6xxxxxx,106.02,77.9,107.31,105.69,91.34,107.01,18.91,16.29,19.07,18.94,18.41,19,7.65,7.44,8.47,7.68,7.46,7.95,0
1028864,NBN,Fibre to the Node,50/20 Mbps,TPG,TAS,Minor Rural,FALSE,FALSE,e0:bxxxxxx,52.21,37.39,53.83,51.87,40.27,53.76,18.39,17.13,18.69,18.29,17.63,18.57,23.92,22.84,28.42,23.91,22.84,27.81,0
1188353,NBN,Hybrid Fibre Coaxial,25/5 Mbps,TPG,VIC,Urban,FALSE,FALSE,34:exxxxxx,26.33,19.26,26.55,26.09,19.26,26.52,4.66,4.34,4.8,4.64,4.34,4.78,8.81,8.39,23.24,9.36,8.43,17.91,0.35
81801473,NBN,Fibre to the Premises,50/20 Mbps,Dodo & iPrimus,VIC,Urban,FALSE,FALSE,a8:5xxxxxx,53.51,40.94,54.17,53.11,41.75,54.17,18.83,17.12,18.91,18.83,18.56,18.88,4.65,3.63,11.38,4.76,4.53,6.79,0
5071873,NBN,Fibre to the Node,50/20 Mbps,Exetel,VIC,Urban,FALSE,FALSE,28:dxxxxxx,54.01,40.34,54.49,53.35,40.34,54.42,18.84,18.27,18.99,18.84,18.75,18.99,8.26,5.11,8.95,8.35,7.08,8.95,0
23244545,NBN,Fibre to the Premises,100/20 Mbps,Optus,VIC,Urban,FALSE,FALSE,7c:1xxxxxx,108.59,61.27,110.24,106.74,61.27,109.31,18.94,18.59,19.01,18.94,18.59,19,3.57,2.87,6.96,3.66,2.87,6.96,0
2211073,NBN,Fibre to the Premises,400/50 Mbps,Launtel,TAS,Urban,FALSE,FALSE,f6:9xxxxxx,424.26,41.84,429.06,413.37,41.84,427.64,45.78,45.43,46.57,45.79,45.53,45.97,12.59,11.29,32.7,12.72,11.51,14.8,0
116906753,NBN,Hybrid Fibre Coaxial,250/25 Mbps,Dodo & iPrimus,VIC,Urban,FALSE,FALSE,1c:6xxxxxx,264.93,116.72,267.09,265.34,248.65,266.59,23.42,20.5,23.57,23.46,23.23,23.53,8.03,7.79,11.44,8.04,7.79,8.96,0.77
2219265,NBN,Fibre to the Node,50/20 Mbps,Optus,TAS,Minor Rural,TRUE,FALSE,10:1xxxxxx,37.84,23.42,38.06,37.69,30.16,38.02,10.1,9.46,10.53,10.07,9.52,10.48,22.57,18.8,26.45,22.57,22.24,23.56,0.03
83176197,NBN very high speed services,Fibre to the Premises,500-990/50 Mbps,Superloop,VIC,Urban,FALSE,FALSE,6a:dxxxxxx,914.07,537.72,936.41,898.11,537.72,936.07,47.16,45.4,47.49,47.14,45.4,47.49,1.79,1.65,1.91,1.75,1.65,1.86,0
45564677,NBN,Hybrid Fibre Coaxial,100/20 Mbps,Telstra,VIC,Urban,FALSE,FALSE,d8:dxxxxxx,108.94,99.37,109.73,108.98,103.55,109.73,18.86,17.86,19.11,18.9,18.69,19.1,10.42,9.99,51.4,10.33,9.99,10.76,0
133117190,NBN,Fibre to the Premises,100/20 Mbps,Dodo & iPrimus,NT + SA,Urban,FALSE,FALSE,f0:axxxxxx,105.63,72.72,108.65,105.11,95.23,107.46,18.7,17.55,18.88,18.64,17.55,18.87,15.04,11.37,16.86,15.08,11.39,16.25,1.03
2219271,NBN,Fibre to the Premises,50/20 Mbps,Superloop,NT + SA,Urban,FALSE,FALSE,e0:bxxxxxx,54.26,47.12,54.92,54.08,47.12,54.76,18.95,15.79,19.14,18.95,18.7,19.05,10.72,10.58,20.06,10.95,10.58,20.06,0
106456073,NBN,Fibre to the Node,50/20 Mbps,Exetel,NT + SA,Urban,FALSE,FALSE,90:0xxxxxx,53.47,30.41,54.49,52.86,30.41,54.49,18.81,18.18,19.09,18.79,18.18,18.9,18.1,17.4,19.02,18.13,17.43,18.43,0
106456329,NBN,Fibre to the Premises,100/40 Mbps,Superloop,VIC,Urban,FALSE,FALSE,88:dxxxxxx,108.57,96,109.47,108.38,97.13,109.47,37.93,36.73,38.17,37.92,37.31,37.98,2.21,2.11,4.33,2.22,2.12,3.22,0
118146316,NBN very high speed services,Hybrid Fibre Coaxial,500-990/50 Mbps,Leaptel,VIC,Urban,FALSE,FALSE,9c:axxxxxx,916.11,732.9,922.98,907.5,732.9,922.74,45.76,36.66,46.19,45.81,45.5,46.11,8.52,7.74,9.93,8.75,8.09,9.45,0
118146317,NBN very high speed services,Fibre to the Premises,500-990/50 Mbps,Leaptel,VIC,Urban,FALSE,FALSE,9c:axxxxxx,931.89,668.08,934.93,926.04,668.08,934.7,47.36,46.24,47.48,47.26,46.41,47.43,2.23,2.02,3.04,2.19,2.02,2.32,0.03
128793614,NBN very high speed services,Fibre to the Premises,500-990/50 Mbps,Leaptel,VIC,Urban,FALSE,FALSE,60:2xxxxxx,921.54,844.7,931.94,917.18,853.01,930.94,47.39,45.37,47.47,47.29,45.37,47.46,2.04,1.86,2.58,2,1.86,2.17,0
128793617,NBN very high speed services,Fibre to the Premises,500-990/50 Mbps,Leaptel,VIC,Major Rural,FALSE,FALSE,24:2xxxxxx,925.59,595.34,934.73,918.33,618.99,934.61,47.23,40.88,47.5,47.23,45.9,47.46,5.61,5.5,5.76,5.59,5.5,5.67,0.19
118146321,NBN,Hybrid Fibre Coaxial,100/20 Mbps,Leaptel,NT + SA,Urban,FALSE,FALSE,40:exxxxxx,102.09,75.05,104.13,101.87,85.85,103.94,18.82,18.23,18.9,18.81,18.23,18.9,16.33,16.02,17.93,16.36,16.04,17.66,0
1028882,NBN fixed wireless,Fixed Wireless,Fixed Wireless Plus 100/20,,VIC,Remote,FALSE,FALSE,00:exxxxxx,69.01,1.3,92.75,68.09,1.3,91.92,5.19,2.29,16.12,4.58,2.29,11.3,34.56,18.32,415.75,37.26,31.38,173.67,0.13
1188371,NBN,Fibre to the Premises,50/20 Mbps,Vodafone,VIC,Urban,FALSE,FALSE,20:bxxxxxx,53.64,34.64,54.1,53.26,34.64,54.08,18.68,18.24,19.26,18.7,18.53,19.26,2.23,2.17,4,2.2,2.17,2.27,0
1188373,NBN fixed wireless,Fixed Wireless,Fixed Wireless Plus 50/10,,VIC,Remote,FALSE,FALSE,40:axxxxxx,68.32,44.8,70.77,67.1,55.12,70.2,9.62,9.26,9.76,9.61,9.26,9.73,32.88,29.76,45.33,32.77,29.76,34.15,0
81885717,Non-NBN fixed line services,Fibre to the Premises,50/20 Mbps,,VIC,,FALSE,FALSE,e8:9xxxxxx,55.07,41.03,56.4,54.79,46.67,56.25,18.24,16.98,18.34,18.24,18.05,18.34,4.49,4.09,11.05,4.52,4.09,8.25,0.03
6986261,NBN,Hybrid Fibre Coaxial,50/20 Mbps,Aussie Broadband,VIC,Urban,FALSE,FALSE,7c:5xxxxxx,53.83,38.65,54.22,53.8,49.58,54.06,18.96,18.52,19.01,18.95,18.73,19,7.84,7.73,7.96,7.81,7.75,7.91,0
1029397,NBN,Fibre to the Premises,100/20 Mbps,Telstra,TAS,Urban,FALSE,FALSE,d4:3xxxxxx,109.09,102.95,110.44,108.91,102.95,109.26,18.94,5.87,19.28,18.82,11.61,19.17,13.28,12.53,15.03,13.24,12.85,13.95,0
119287832,NBN,Fibre to the Premises,50/20 Mbps,Leaptel,VIC,Urban,FALSE,FALSE,5c:axxxxxx,53.12,40.54,53.65,52.91,44.19,53.5,18.92,18.4,19.02,18.94,18.44,18.99,1.97,1.76,2.57,1.93,1.76,2.14,0
4329497,NBN very high speed services,Fibre to the Premises,500-990/50 Mbps,Superloop,VIC,Urban,FALSE,FALSE,34:9xxxxxx,931.57,839.16,936.63,930.72,878.37,936.1,47.41,47.08,47.59,47.4,47.21,47.47,2.28,2.2,2.7,2.26,2.21,2.43,0
2975257,NBN very high speed services,Fibre to the Premises,500-990/50 Mbps,Other RSPs,TAS,Major Rural,FALSE,FALSE,34:6xxxxxx,914.82,697.64,935.94,911.33,811.26,931.17,46.95,42.65,47.24,46.95,44.22,47.18,17.23,17.1,17.42,17.22,17.15,17.33,0.23
48464409,NBN,Hybrid Fibre Coaxial,250/25 Mbps,Superloop,VIC,Urban,FALSE,FALSE,d8:exxxxxx,271.49,237.96,272.05,271.74,268.88,271.99,23.7,23.58,23.77,23.71,23.58,23.77,7.38,7.26,7.74,7.46,7.32,7.74,0
95590425,NBN,Fibre to the Premises,100/40 Mbps,Telstra,VIC,Urban,FALSE,FALSE,b0:5xxxxxx,108.87,86.42,110.69,108.26,86.42,110.25,37.95,37.79,38.12,37.95,37.87,38,2.76,2.66,3.49,2.76,2.66,3.49,0
96729369,NBN fixed wireless,Fixed Wireless,25/5 Mbps,,NT + SA,Remote,FALSE,FALSE,a4:2xxxxxx,25.71,12.43,27.6,24.49,12.43,27.27,3.88,1.45,4.79,3.43,2.02,4.73,44.15,42.41,64.72,44.81,43.38,57.11,0
119287834,NBN,Fibre to the Node,100/20 Mbps,Leaptel,VIC,Urban,FALSE,FALSE,a4:9xxxxxx,97.69,76.73,98.17,97.36,85.99,98.17,17.7,17.35,17.9,17.72,17.55,17.84,8.89,8.6,9.43,8.84,8.62,9.33,0
134710042,NBN,Hybrid Fibre Coaxial,250/25 Mbps,Leaptel,VIC,Urban,FALSE,FALSE,c8:7xxxxxx,265.35,249.31,266.61,264.41,252.71,266.59,23.79,23,23.88,23.77,23.56,23.88,8.53,8.1,9.62,8.54,8.11,9.62,0
134710043,NBN very high speed services,Fibre to the Premises,500-990/50 Mbps,Leaptel,TAS,Urban,FALSE,FALSE,a8:4xxxxxx,927.32,833.27,929.38,925.5,833.27,929.02,47.12,46.78,47.41,47.13,46.95,47.22,11.69,11.54,12.65,11.66,11.56,11.94,0
2535451,NBN,Fibre to the Premises,250/100 Mbps,Aussie Broadband,VIC,Urban,FALSE,FALSE,00:1xxxxxx,271.38,245.4,271.97,270.58,263.41,271.95,94.77,92.47,94.9,94.61,92.47,94.9,2.3,2.2,2.38,2.27,2.2,2.35,0.12
1188381,NBN fixed wireless,Fixed Wireless,Fixed Wireless Plus 100/20,,VIC,Urban,FALSE,FALSE,bc:3xxxxxx,97.52,12.84,145.54,69.39,12.84,141.64,6.84,0.7,18.51,4.68,0.87,13.39,41.02,38.7,46.34,41.59,38.93,45.21,0.04
50570781,NBN very high speed services,Hybrid Fibre Coaxial,500-990/50 Mbps,Aussie Broadband,NT + SA,Urban,FALSE,FALSE,f0:2xxxxxx,910.23,695.03,941.5,900.57,768.09,941.48,47.12,39.98,47.54,46.75,39.98,47.47,17.52,17.13,41.24,17.68,17.13,18.93,0
81801505,NBN very high speed services,Fibre to the Premises,500-990/50 Mbps,Superloop,VIC,Urban,FALSE,FALSE,84:dxxxxxx,906.75,695.31,936.32,902.58,739.24,934.91,47.37,46.23,47.47,47.37,47.21,47.45,2.86,2.5,6.59,2.86,2.53,3.66,0.03
6986529,NBN very high speed services,Hybrid Fibre Coaxial,500-990/50 Mbps,Leaptel,VIC,Urban,FALSE,FALSE,90:9xxxxxx,925.53,817.27,936.16,924.95,864.43,935.35,47.12,44.15,47.97,46.88,44.15,47.97,7.92,7.59,8.89,7.9,7.59,8.73,0.1
1188387,NBN,Hybrid Fibre Coaxial,100/40 Mbps,Aussie Broadband,VIC,Urban,FALSE,FALSE,60:3xxxxxx,108,79.71,109.41,107.67,99.73,109.41,37.89,36.85,38.55,37.83,37.43,38.28,7.84,7.54,8.87,7.89,7.67,8.87,0.1
109931555,NBN fixed wireless,Fixed Wireless,Fixed Wireless Plus 100/20,,VIC,Major Rural,FALSE,FALSE,a0:bxxxxxx,87.85,52.01,96.39,87.66,68.73,93.63,18.77,10.1,21.78,17.98,13.68,20.8,36.79,34.16,45.15,36.72,35.21,38.12,0
106453541,NBN,Fibre to the Premises,100/20 Mbps,Exetel,NT + SA,Urban,FALSE,FALSE,fc:3xxxxxx,107.08,86.51,108.68,106.03,86.51,108.68,18.89,17.22,19,18.86,18.12,19,11.13,10.67,12.88,11.23,10.69,12.88,0
2219301,NBN,Fibre to the Curb,100/20 Mbps,Optus,VIC,Urban,FALSE,FALSE,10:0xxxxxx,108.31,80.98,110.1,107.94,98.23,109.99,18.62,17.86,18.91,18.63,17.98,18.83,7.15,6.03,11.87,7.15,6.23,7.45,0
1188391,NBN,Fibre to the Node,100/20 Mbps,Telstra,VIC,Urban,FALSE,FALSE,d4:3xxxxxx,94.07,71.02,94.93,93.77,71.02,94.36,18.98,15.76,19.43,18.79,15.76,19.43,11.06,9.14,12.42,10.95,9.14,11.67,0
1188393,NBN,Fibre to the Premises,250/25 Mbps,Telstra,VIC,Major Rural,FALSE,FALSE,d4:9xxxxxx,271.25,258.46,272.76,270.63,258.46,272.73,23.73,22.03,24.21,23.68,23.07,23.99,6.55,5.72,13.73,6.66,5.73,13.73,0.03
119287849,NBN very high speed services,Fibre to the Premises,500-990/50 Mbps,Launtel,VIC,Urban,FALSE,FALSE,d4:5xxxxxx,900.01,375.3,923.32,884.88,375.3,922.31,45.96,45.59,46.16,45.97,45.83,46.16,3.91,3.86,4,3.89,3.86,3.95,0
2219305,NBN,Fibre to the Premises,25/10 Mbps,Other RSPs,TAS,Urban,FALSE,FALSE,d4:3xxxxxx,27.22,17.15,27.42,27.23,26.11,27.42,9.47,9.25,9.52,9.46,9.4,9.5,13.74,13.59,22.68,13.91,13.65,22.68,0.05
119832362,NBN,Fibre to the Premises,100/20 Mbps,Leaptel,VIC,Urban,FALSE,FALSE,d4:3xxxxxx,108.45,92.42,109.36,107.65,92.42,109.34,18.92,17.32,19.04,18.92,18.77,19.01,2.34,2.21,2.65,2.31,2.21,2.65,0
1188395,NBN,Hybrid Fibre Coaxial,25/5 Mbps,TPG,VIC,Urban,FALSE,FALSE,34:exxxxxx,23.21,17.62,23.45,23.2,19.82,23.45,4.67,4.47,4.84,4.68,4.59,4.84,9.01,8.78,11.45,9.04,8.79,10.99,0
1027884,NBN,Fibre to the Premises,100/20 Mbps,Aussie Broadband,VIC,Urban,FALSE,FALSE,26:5xxxxxx,108.52,97.41,110.41,108.32,97.41,109.4,18.96,17.85,19.01,18.93,17.85,19.01,4.29,4.21,10.43,4.34,4.22,10.43,0.03
56963117,NBN,Fibre to the Premises,250/25 Mbps,Dodo & iPrimus,NT + SA,Urban,FALSE,FALSE,40:exxxxxx,262.07,153.73,267.47,261.6,209.65,266.99,23.61,21.5,23.73,23.64,23.27,23.71,14.3,13.12,24.09,14.1,13.22,16.23,0.03
106454829,NBN,Hybrid Fibre Coaxial,100/20 Mbps,Exetel,VIC,Urban,FALSE,FALSE,c4:2xxxxxx,107.97,54.4,109.01,107.66,92.23,108.88,18.82,17.79,18.93,18.79,17.79,18.92,10.78,10.6,12.04,10.81,10.68,12.04,0
54369069,NBN fixed wireless,Fixed Wireless,Fixed Wireless Plus 50/10,,VIC,Remote,FALSE,FALSE,a4:9xxxxxx,34.99,6.01,55.03,27.82,6.01,53.1,7.08,3.39,8.08,6.66,4.72,7.76,41.03,32.88,114.82,52.01,37.75,114.82,0.29
1029421,NBN,Fibre to the Node,50/20 Mbps,Dodo & iPrimus,VIC,Major Rural,FALSE,FALSE,50:6xxxxxx,53.61,39.15,54.02,53.47,39.15,53.94,18.84,17.97,19.1,18.84,18.78,19.09,13.51,10.45,14.57,13.63,11.29,14.39,0
2219309,NBN,Fibre to the Premises,100/20 Mbps,Leaptel,VIC,Urban,FALSE,FALSE,b8:6xxxxxx,105.92,83.79,109.25,105.03,83.79,106.87,18.96,17.97,19.04,18.96,18.82,18.99,4.68,4.48,6.34,4.65,4.5,5.13,0.16
108352047,NBN,Hybrid Fibre Coaxial,100/20 Mbps,Exetel,NT + SA,Urban,FALSE,FALSE,c4:2xxxxxx,105.06,37.66,108.94,105.8,92.27,108.82,18.81,17.99,18.92,18.77,17.99,18.92,18.48,17.74,19.95,18.57,17.89,19.41,0.1
112175664,NBN very high speed services,Fibre to the Premises,500-990/50 Mbps,Superloop,VIC,Urban,FALSE,FALSE,a0:8xxxxxx,936.43,909.13,937.92,935.16,909.13,937.72,47.36,46.04,47.57,47.32,46.55,47.48,1.26,1.2,1.44,1.24,1.2,1.34,0
47354929,NBN,Hybrid Fibre Coaxial,100/20 Mbps,Aussie Broadband,VIC,Urban,FALSE,FALSE,28:bxxxxxx,100.95,61.55,107.2,99.77,76.05,106.86,18.68,15.55,19.07,18.78,16.98,19,10.62,10.48,15.14,10.7,10.48,15.14,0
50570801,NBN,Hybrid Fibre Coaxial,25/10 Mbps,Dodo & iPrimus,VIC,Urban,FALSE,FALSE,58:1xxxxxx,26.3,19.1,26.56,26.15,19.1,26.48,9.4,8.05,9.47,9.33,8.05,9.46,8.82,8.48,9.89,8.86,8.56,9.89,0
1029427,NBN,Fibre to the Premises,100/20 Mbps,TPG,TAS,Urban,FALSE,FALSE,20:2xxxxxx,106.59,75.2,107.6,105.57,75.2,107.56,18.87,17.19,19.12,18.82,17.19,18.88,13.83,13.69,15.82,13.84,13.7,15.82,0.1
2211123,NBN,Fibre to the Premises,100/40 Mbps,Launtel,NT + SA,Urban,FALSE,FALSE,9e:0xxxxxx,104.39,32.27,105.95,103.09,90.45,105.9,36.61,34.47,36.81,36.66,36.53,36.74,12.66,12.54,31.81,12.67,12.57,13.48,0
126632756,NBN fixed wireless,Fixed Wireless,Fixed Wireless Plus 100/20,,VIC,Minor Rural,FALSE,FALSE,18:fxxxxxx,104.48,9.2,116.43,99.6,9.2,116.43,7.9,0.49,18.24,6.66,0.49,12.34,32.2,26.11,250.42,31.73,28.88,35.3,0
101188661,NBN,Hybrid Fibre Coaxial,100/20 Mbps,Telstra,VIC,Urban,FALSE,FALSE,d4:3xxxxxx,107.35,18.14,109.56,106.34,87.33,109.3,18.64,4.83,19.04,18.7,18.26,18.97,8.38,7.97,37.96,8.77,8.13,13.04,0.03
3881013,NBN,Fibre to the Premises,100/20 Mbps,Dodo & iPrimus,TAS,Urban,FALSE,FALSE,b8:0xxxxxx,98.3,30.66,106.57,100.5,30.66,106.55,17.94,11.95,18.87,18.21,13.83,18.86,13.61,11.1,30.62,13.08,11.11,28.77,0.29
5071925,NBN,Hybrid Fibre Coaxial,50/20 Mbps,Leaptel,VIC,Urban,FALSE,FALSE,68:dxxxxxx,52.33,19.51,53.27,51.27,19.51,53.23,18.28,9.92,18.5,18.26,16.75,18.5,8.25,7.86,12.53,8.34,7.86,12.26,0
106456117,NBN,Fibre to the Premises,100/20 Mbps,Exetel,VIC,Urban,FALSE,FALSE,bc:0xxxxxx,108.66,102.26,108.88,108.44,102.26,108.85,18.85,18.62,18.9,18.84,18.62,18.9,2.95,2.89,3.02,2.92,2.89,2.99,0
81885749,Non-NBN fixed line services,Fibre to the Premises,50/20 Mbps,,VIC,,FALSE,FALSE,60:axxxxxx,48.4,23.91,53.47,48.18,36.16,49.17,9.74,6.3,10.09,9.73,9.52,9.88,4.94,4.61,8.16,5.07,4.62,8.16,0
34243381,NBN,Hybrid Fibre Coaxial,50/20 Mbps,Vodafone,VIC,Urban,FALSE,FALSE,a4:9xxxxxx,52.47,31.81,54.06,51.47,31.81,53.93,18.71,17.89,19.55,18.67,18.26,19.23,8.37,8.1,12.75,8.61,8.14,12.75,0.48
50570805,NBN,Fibre to the Node,25/10 Mbps,Other RSPs,TAS,Urban,FALSE,FALSE,5c:bxxxxxx,27.32,25.9,27.6,27.3,25.9,27.6,9.2,9.04,9.54,9.21,9.05,9.52,25.47,21.47,28.6,25.47,23.51,26.49,0.03
101188665,NBN very high speed services,Hybrid Fibre Coaxial,500-990/50 Mbps,Launtel,NT + SA,Urban,FALSE,FALSE,72:axxxxxx,900.85,500.7,924.5,894.02,707.39,923.65,43.79,3.17,46.48,43.18,28.16,46.34,19.47,18.55,501.16,19.7,18.7,23.84,1.19
61545017,NBN,Fibre to the Premises,250/25 Mbps,Launtel,TAS,Urban,FALSE,FALSE,00:1xxxxxx,262.27,33,266.79,261.86,214.6,265.7,22.93,22.66,23.16,22.91,22.7,23.16,9.3,9.14,11.31,9.33,9.14,10.17,0.03
48464441,NBN,Fibre to the Premises,100/20 Mbps,Aussie Broadband,VIC,Urban,FALSE,FALSE,a8:4xxxxxx,105.14,70.41,109.51,105.28,71.47,108.77,18.83,16.41,19.06,18.79,17.41,18.99,4.81,3.94,9.46,4.98,4.33,6.47,0.05
54368825,NBN,Fibre to the Premises,100/20 Mbps,Optus,VIC,Urban,FALSE,FALSE,10:dxxxxxx,108.66,78.63,110.02,108.14,93.44,110.02,18.62,17.07,19.46,18.67,18.52,19.01,6.88,3.88,25.32,8.83,4.03,25.09,0
1029433,NBN,Fibre to the Node,50/20 Mbps,iiNet,VIC,Urban,FALSE,FALSE,9c:5xxxxxx,52.11,31.13,54.04,51.79,32.37,53.89,18.91,17.79,19.04,18.88,18.28,19.04,9.47,8.71,11.3,9.48,8.74,10.6,0
2211129,NBN,Fibre to the Premises,250/25 Mbps,iiNet,VIC,Urban,FALSE,FALSE,38:1xxxxxx,268.96,251.61,270.53,268.75,251.61,270.3,23.59,22.63,23.7,23.57,22.89,23.7,18.27,18.13,19,18.34,18.13,18.94,0
57725753,Non-NBN fixed line services,Fibre to the Premises,50/20 Mbps,,VIC,,FALSE,FALSE,cc:fxxxxxx,49.7,20.91,55.76,48.65,34.44,55.75,17.52,12.1,18.61,18.17,16.45,18.47,3.23,3.15,5.09,3.21,3.15,3.78,0
1188411,NBN,Fibre to the Node,50/20 Mbps,Telstra,VIC,Major Rural,FALSE,FALSE,10:1xxxxxx,45.41,36.12,46.36,44.23,37.11,46.33,19.06,18.6,19.31,19.04,18.66,19.3,23.9,20.9,26.37,23.88,20.9,25.89,0
1029435,NBN,Fibre to the Node,50/20 Mbps,iiNet,VIC,Urban,FALSE,FALSE,30:6xxxxxx,53.64,38.13,54.03,53.16,38.13,54.02,18.63,18.14,19,18.62,18.37,18.73,8.15,5.47,10.74,8.28,5.48,10.02,0
101188669,NBN,Hybrid Fibre Coaxial,50/20 Mbps,Optus,NT + SA,Urban,FALSE,FALSE,34:5xxxxxx,54.17,33.74,54.91,53.49,33.74,54.65,18.6,17.85,19.32,18.57,18.07,19.14,19.12,17.28,42.69,19.12,18.41,21.07,0
55519293,NBN,Hybrid Fibre Coaxial,50/20 Mbps,iiNet,NT + SA,Urban,FALSE,FALSE,74:dxxxxxx,47.18,38.53,47.91,47.04,44.27,47.91,18.69,0.01,18.9,18.81,18.12,18.9,17.76,17.62,22.87,17.82,17.64,20.08,0
47354941,NBN,Fibre to the Premises,250/25 Mbps,Vodafone,NT + SA,Urban,FALSE,FALSE,d0:dxxxxxx,268.09,181.75,270.18,268.17,260.82,269.54,23.72,22.79,24.33,23.74,23.3,24.33,11.62,11.54,13.17,11.69,11.54,13.17,0
1027904,NBN,Fibre to the Premises,250/25 Mbps,iiNet,TAS,Major Rural,FALSE,FALSE,2c:3xxxxxx,268,241.24,271.34,267.24,241.24,271.25,23.82,23.67,23.88,23.82,23.67,23.88,14.08,13.95,14.21,14.05,13.95,14.12,0
49590593,NBN,Hybrid Fibre Coaxial,100/20 Mbps,Other RSPs,VIC,Urban,FALSE,FALSE,08:cxxxxxx,104.1,48.87,109.27,100.24,67.07,109.27,18.46,14.09,19.03,18.23,16.21,19.02,11.67,10.13,25.43,11.28,10.24,14.11,0
102021953,NBN,Fibre to the Node,100/20 Mbps,Aussie Broadband,NT + SA,Urban,FALSE,FALSE,0c:9xxxxxx,105.29,87.39,105.93,104.81,87.39,105.89,18.95,8.39,19.02,18.69,8.39,19.01,17.91,14.62,40.63,18.06,14.77,20.67,0
1188423,NBN,Fibre to the Premises,100/20 Mbps,TPG,VIC,Urban,FALSE,FALSE,90:9xxxxxx,106.88,92.44,108.03,106.94,93.88,107.89,18.83,18.09,18.9,18.78,18.09,18.9,2.63,2.53,7.01,2.66,2.56,7.01,0
2219339,NBN very high speed services,Fibre to the Premises,500-990/50 Mbps,Launtel,TAS,Urban,FALSE,FALSE,f0:2xxxxxx,787.54,25.3,924.3,697.91,31.52,922.09,45.87,45.37,46.17,45.87,45.51,46.14,9.85,9.76,10.98,9.88,9.78,10.47,0.03
31726925,NBN,Fibre to the Node,50/20 Mbps,Vodafone,NT + SA,Urban,FALSE,FALSE,f8:cxxxxxx,50.93,35.03,53.89,49.66,35.03,53.66,11.49,10,12.22,11.54,10.96,11.95,22.93,15.86,101.84,24.74,18.82,101.84,0
124438605,NBN very high speed services,Fibre to the Premises,500-990/50 Mbps,Other RSPs,VIC,Urban,FALSE,FALSE,76:axxxxxx,929.66,838.58,936.59,928.44,855.57,936.53,46.92,44.85,47.35,46.83,44.85,47.33,2.2,1.93,2.45,2.18,1.93,2.45,0
1027918,NBN,Hybrid Fibre Coaxial,50/20 Mbps,Aussie Broadband,VIC,Urban,FALSE,FALSE,d4:3xxxxxx,53.89,47.69,54.44,53.76,47.69,54.23,18.77,3.17,19.21,18.82,18.5,19.14,7.41,7.3,8.76,7.43,7.3,8.76,0.1
1027920,NBN fixed wireless,Fixed Wireless,25/5 Mbps,,VIC,Remote,FALSE,FALSE,d8:4xxxxxx,26.37,10.89,27.58,26.02,21.89,27.38,4.69,4.09,4.79,4.68,4.38,4.79,41.9,35.67,47.95,41.88,38.17,44.74,0
124438608,NBN,Hybrid Fibre Coaxial,100/20 Mbps,Exetel,VIC,Urban,FALSE,FALSE,5c:exxxxxx,106.58,74.49,109.18,105.4,82.42,108.66,18.96,18.67,19.09,18.95,18.88,19.02,11.49,11.33,12.22,11.51,11.36,12.22,0.03
56963153,NBN,Hybrid Fibre Coaxial,250/25 Mbps,Superloop,VIC,Urban,FALSE,FALSE,20:6xxxxxx,215.97,105.37,219.56,213.88,105.37,219.37,17.99,6.61,19.04,17.61,8.41,19.02,8.82,6.49,47.18,8.76,6.49,9.79,0
6986577,NBN,Fibre to the Premises,100/20 Mbps,Telstra,VIC,Urban,FALSE,FALSE,08:cxxxxxx,108.49,57.14,110.63,108.63,91.6,110.52,18.97,17.68,19.22,18.99,18.93,19.21,3.71,3.58,4.54,3.71,3.58,4.09,0
128118098,NBN fixed wireless,Fixed Wireless,Fixed Wireless Plus 100/20,,VIC,Remote,FALSE,FALSE,90:9xxxxxx,51.61,5.85,108.09,37.98,5.85,86.18,1.62,0.7,2.74,1.39,0.7,2.17,38.31,33.8,103.16,40.55,35.49,103.16,0
126632533,NBN,Fibre to the Node,25/5 Mbps,Telstra,NT + SA,Urban,FALSE,FALSE,bc:3xxxxxx,26.46,16.1,27.48,25.45,16.1,27.36,4.69,4.12,4.83,4.65,4.35,4.78,16.08,15.22,21.93,16.38,15.22,21.93,0
57345113,NBN very high speed services,Fibre to the Premises,500-990/50 Mbps,Superloop,VIC,Urban,FALSE,TRUE,e4:5xxxxxx,80.81,57.38,91.72,78.65,58.54,90,47.08,42.11,47.91,46.71,43.93,47.46,5.51,4.06,35.18,5.3,4.56,7.16,0.07
48464473,NBN very high speed services,Hybrid Fibre Coaxial,500-990/50 Mbps,Aussie Broadband,VIC,Urban,FALSE,FALSE,90:exxxxxx,935.63,820.2,954.43,931.88,820.2,954.43,47.28,43.92,47.5,47.37,47.21,47.48,8.1,7.55,10.47,8.1,7.55,8.71,0.3
59419225,NBN,Fibre to the Premises,250/25 Mbps,iiNet,TAS,Major Rural,FALSE,FALSE,78:8xxxxxx,266.04,233.02,269.5,265.21,233.02,269.5,23.64,22.37,23.74,23.65,23.53,23.72,16.52,16.22,17.32,16.5,16.22,17.27,0
2211161,NBN,Fibre to the Node,50/20 Mbps,Aussie Broadband,VIC,Urban,FALSE,FALSE,e0:2xxxxxx,53.26,41.23,54.29,52.84,46.11,54.29,18.92,17.49,19.13,18.93,18.7,19.13,8.51,5.43,14.66,8.48,5.43,10.09,0.1
4114265,NBN fixed wireless,Fixed Wireless,Fixed Wireless Plus 100/20,,TAS,Remote,FALSE,FALSE,9e:0xxxxxx,105.99,11.55,145.63,86.41,11.55,130.82,15.03,4.65,19.61,12.42,8.43,15.87,44.59,40.84,90.31,51.16,41.81,90.31,1.68
110762844,NBN,Fibre to the Premises,100/20 Mbps,Exetel,NT + SA,Urban,FALSE,FALSE,24:2xxxxxx,107.18,17.59,108.8,105.53,17.59,108.74,18.08,15.21,18.24,18.02,15.21,18.21,10.56,10.46,12.13,10.57,10.46,12.13,0
106456157,NBN very high speed services,Hybrid Fibre Coaxial,500-990/50 Mbps,Other RSPs,NT + SA,Urban,FALSE,FALSE,9e:0xxxxxx,916.16,761.72,938.66,908.45,761.72,936.9,47.06,45.59,47.27,47.1,46.92,47.27,17.09,16.75,74.02,17.19,16.9,18.2,0
2203231,NBN,Fibre to the Premises,100/20 Mbps,Optus,TAS,Major Rural,FALSE,FALSE,74:8xxxxxx,108.68,79.09,110.97,108.6,101.91,109.9,18.94,18.53,19.02,18.91,18.53,18.99,12.37,10.56,20.82,12.27,10.56,12.54,0
61545057,NBN very high speed services,Fibre to the Premises,500-990/50 Mbps,Launtel,TAS,Urban,FALSE,FALSE,a2:0xxxxxx,805.75,20.56,925.44,720.73,30.27,924.17,45.66,41.71,46,45.6,43.62,45.97,9.41,9.16,35.5,9.63,9.17,22.74,0.74
45564773,NBN,Hybrid Fibre Coaxial,100/20 Mbps,Superloop,VIC,Urban,FALSE,FALSE,a4:9xxxxxx,93.9,89.97,94.3,93.98,92.72,94.12,18.91,17.48,19.04,18.91,18.51,19.04,8.17,7.72,44.51,8.18,7.91,8.6,0
2512741,NBN,Fibre to the Premises,25/5 Mbps,Telstra,NT + SA,Urban,FALSE,FALSE,c4:exxxxxx,27.25,5.2,27.52,27.17,24.24,27.49,4.74,4.68,4.82,4.73,4.68,4.8,11.36,10.03,13.98,11.31,10.03,12.39,0
24028773,NBN,Fibre to the Curb,50/20 Mbps,TPG,VIC,Urban,FALSE,FALSE,94:2xxxxxx,53.53,39,53.9,53.07,39,53.75,18.81,17.4,18.91,18.8,18.23,18.89,5.13,5.03,9.83,5.23,5.03,9.83,0.06
2219365,NBN,Fibre to the Premises,50/20 Mbps,Aussie Broadband,NT + SA,Urban,FALSE,FALSE,c0:0xxxxxx,53.12,38.27,54.66,52.96,44.69,54.27,18.93,18.2,19.05,18.94,18.78,19.05,12.28,11.44,29.13,12.56,11.44,26.76,0
2203239,NBN,Fibre to the Node,100/20 Mbps,Other RSPs,TAS,Urban,FALSE,FALSE,cc:4xxxxxx,91.1,32.81,93.46,88.66,60.73,93.25,18.84,18.61,18.9,18.85,18.72,18.9,17.49,14.62,18.74,17.35,14.63,18.34,0
1188457,NBN,Fibre to the Node,50/20 Mbps,Aussie Broadband,VIC,Urban,FALSE,FALSE,d0:dxxxxxx,50.82,41.68,52.95,51.35,48.66,52.61,18.96,18.69,19.23,18.96,18.85,19,9.06,5.77,9.81,8.75,5.77,9.53,0.1
56962921,NBN fixed wireless,Fixed Wireless,25/5 Mbps,,VIC,Minor Rural,FALSE,FALSE,d8:4xxxxxx,26.47,8.61,26.84,26.1,8.61,26.82,4.72,4.39,4.79,4.72,4.48,4.78,37.72,34.34,70.16,37.66,34.39,38.65,0
6986601,NBN very high speed services,Hybrid Fibre Coaxial,500-990/50 Mbps,Aussie Broadband,VIC,Urban,FALSE,FALSE,6a:dxxxxxx,919,143.01,939.07,911.52,680.59,939.04,47.05,20.36,47.49,47.23,45.9,47.49,9.2,7.8,19.17,9.24,8.3,10.4,0.03
24028777,NBN very high speed services,Fibre to the Premises,500-990/50 Mbps,Superloop,VIC,Urban,FALSE,TRUE,bc:bxxxxxx,542.7,211.63,644.27,544.6,211.63,632.94,44.29,35.94,47.45,43.76,37.47,47.41,2.66,2.21,3.73,2.66,2.21,3.66,0
59419241,NBN very high speed services,Fibre to the Premises,500-990/50 Mbps,Launtel,TAS,Urban,FALSE,TRUE,08:5xxxxxx,351.66,156.76,490.62,357.58,193.78,487.39,45.41,42.65,46.14,45.38,43.75,45.87,14.86,13.13,17.06,14.97,13.29,16.57,0
73856617,NBN,Fibre to the Premises,250/25 Mbps,Leaptel,VIC,Urban,FALSE,FALSE,08:bxxxxxx,263.53,176.14,267.76,261.54,220.98,267.16,23.73,23.09,23.86,23.67,23.13,23.84,3.54,3.29,14.94,4.35,3.39,14.94,0
1194603,NBN,Hybrid Fibre Coaxial,250/25 Mbps,Telstra,VIC,Urban,FALSE,FALSE,d4:3xxxxxx,272.54,259.65,276.2,272.25,259.65,273.12,23.5,23.01,23.76,23.48,23.01,23.59,7.84,7.76,8.07,7.84,7.76,8.07,0
4406637,NBN,Fibre to the Node,100/20 Mbps,iiNet,VIC,Urban,FALSE,FALSE,1c:exxxxxx,105.45,73.01,108.15,104.43,77.68,107.71,18.79,18.04,19.04,18.72,18.04,18.88,15.23,12.85,34.98,15.24,12.88,20.39,0.03
38616941,NBN very high speed services,Hybrid Fibre Coaxial,500-990/50 Mbps,Superloop,VIC,Urban,FALSE,FALSE,3c:7xxxxxx,927.24,744.97,941.62,928.7,898.55,941.51,47.41,37.78,48.04,47.4,47.01,47.55,8.26,8.01,9.32,8.27,8.12,8.61,0
124438637,Non-NBN fixed line services,Fibre to the Premises,100/20 Mbps,,VIC,,FALSE,FALSE,14:5xxxxxx,94.36,69.35,95.18,93.59,69.35,94.94,18.43,17.25,18.54,18.37,17.25,18.52,2.96,2.78,4.56,2.99,2.78,4.42,0
2211183,NBN,Hybrid Fibre Coaxial,100/20 Mbps,Superloop,VIC,Urban,FALSE,FALSE,28:8xxxxxx,108.27,95.55,110.1,107.69,95.55,109.1,18.94,18.54,19.02,18.91,18.54,19.02,8.06,7.85,8.78,8.07,7.85,8.78,0.03
96156273,NBN,Fibre to the Premises,100/20 Mbps,Superloop,VIC,Urban,FALSE,FALSE,30:3xxxxxx,107.08,69.02,108.67,106.82,97,108.64,18.86,17.2,19.01,18.86,18.65,18.97,6.54,6.44,7.42,6.53,6.47,6.62,0
1195121,NBN,Fibre to the Premises,100/40 Mbps,Superloop,VIC,Urban,FALSE,FALSE,b0:1xxxxxx,86.92,8.55,108.93,88.53,9.23,108.93,31.33,3.76,37.99,31.83,3.76,37.97,2.46,2.32,6.82,2.53,2.33,6.82,0
103959665,NBN,Fibre to the Curb,100/40 Mbps,Superloop,VIC,Urban,FALSE,FALSE,9c:5xxxxxx,82.51,60.24,84.75,82.36,66.3,84.75,31.06,26.52,31.69,31.06,28.86,31.56,5.76,5.49,8.62,5.88,5.55,7.25,0.03
106456177,NBN,Fibre to the Premises,250/25 Mbps,Exetel,VIC,Urban,FALSE,FALSE,a4:fxxxxxx,271.18,257.62,272.95,270.75,257.62,272.92,23.67,22.15,23.83,23.67,23.45,23.8,1.98,1.91,2.31,1.97,1.93,2.13,0
97184369,NBN fixed wireless,Fixed Wireless,Fixed Wireless Plus 100/20,,NT + SA,Remote,FALSE,FALSE,a4:9xxxxxx,96.36,23.31,146.08,95.01,26.11,146.08,10.51,3.8,18.24,9.94,3.8,16.91,42.77,39.73,108.14,42.97,42.05,45.21,0
2512757,NBN,Fibre to the Premises,50/20 Mbps,Superloop,VIC,Urban,FALSE,FALSE,10:1xxxxxx,53.81,37.46,54.68,53.41,39.85,54.48,18.91,17.32,19,18.87,17.91,18.99,2.29,2.13,19.37,2.91,2.13,19.37,0
106456181,NBN,Fibre to the Premises,100/40 Mbps,Superloop,VIC,Urban,FALSE,FALSE,50:2xxxxxx,105.03,89.9,108.13,104.36,90.73,107.88,36.81,32.61,37.26,36.7,32.61,37.26,1.8,1.69,3.89,1.76,1.69,2,0
57725557,NBN,Hybrid Fibre Coaxial,100/20 Mbps,Other RSPs,VIC,Urban,FALSE,FALSE,70:3xxxxxx,95.11,12.81,107.46,94.74,41.99,107.46,18.25,4.47,18.98,17.83,4.47,18.95,11.96,9.48,267.1,17.14,10.48,267.1,0
23486841,NBN,Fibre to the Node,50/20 Mbps,Dodo & iPrimus,VIC,Urban,TRUE,FALSE,84:4xxxxxx,40.96,22.02,43.64,40.81,25.38,43.64,8.5,6.09,9.8,8.47,7.4,9.31,12.65,8.38,44.15,13.06,9.31,35.24,0.13
104511097,NBN very high speed services,Hybrid Fibre Coaxial,500-990/50 Mbps,Superloop,VIC,Urban,FALSE,FALSE,70:axxxxxx,934.33,870.02,939.1,931.64,870.02,939.01,47.27,45.75,47.5,47.29,46.81,47.46,8.12,7.7,10.73,7.99,7.7,8.89,0.06
1028732,NBN,Fibre to the Node,100/20 Mbps,Dodo & iPrimus,VIC,Minor Rural,FALSE,FALSE,60:1xxxxxx,99.55,4.05,106.75,96.84,19.79,106.49,18.73,16.98,19.05,18.66,18.22,18.87,15.32,12.55,30.34,15.44,12.58,17.91,0
48464253,NBN,Fibre to the Node,100/20 Mbps,Aussie Broadband,VIC,Urban,FALSE,FALSE,a0:3xxxxxx,103.37,82.15,108.69,103.41,83.78,108.69,18.97,18.46,19.24,18.96,18.76,19.01,10.47,7.38,12.46,10.37,7.39,12.42,0
2992253,NBN very high speed services,Fibre to the Premises,500-990/50 Mbps,Other RSPs,NT + SA,Urban,FALSE,FALSE,b0:5xxxxxx,884.23,564.55,936.14,883.65,734.45,936.09,46.4,42.15,46.72,46.41,46.04,46.67,64.56,42.53,90.74,64.43,42.56,90.74,0
104511101,NBN,Fibre to the Node,50/20 Mbps,Aussie Broadband,NT + SA,Urban,FALSE,FALSE,18:fxxxxxx,53.72,44.35,54.33,53.26,44.35,54.3,18.95,18.38,19.05,18.95,18.62,19.02,18.98,15.97,41.88,18.99,17.35,20,0
1188479,NBN,Fibre to the Premises,50/20 Mbps,Optus,VIC,Urban,FALSE,FALSE,84:9xxxxxx,53.19,38.03,55.41,52.35,39.67,54.8,18.98,16.86,19.29,18.95,18.26,19.26,3.84,3.04,8.59,4.09,3.04,7.62,0
2210943,NBN,Fibre to the Premises,100/40 Mbps,Exetel,VIC,Urban,FALSE,FALSE,24:4xxxxxx,108.6,91.99,109.09,108.57,105.18,108.92,37.64,35.92,37.77,37.64,37.31,37.73,2.66,2.56,2.78,2.64,2.57,2.71,0
111768960,NBN,Fibre to the Premises,100/20 Mbps,Optus,VIC,Urban,FALSE,FALSE,f8:1xxxxxx,94.51,59.14,107.69,91.69,59.14,107.69,18.29,7.81,18.71,18.44,17.27,18.64,4.37,4.09,5.67,4.33,4.09,5.27,0
2565249,NBN,Fibre to the Premises,50/20 Mbps,Aussie Broadband,NT + SA,Urban,FALSE,FALSE,9c:cxxxxxx,53.85,45.35,55,53.85,48.05,55,18.95,18.52,19.08,18.95,18.83,19.08,42.21,42.07,65.81,42.18,42.07,42.29,0.06
26490241,NBN fixed wireless,Fixed Wireless,Fixed Wireless Plus 100/20,,NT + SA,Remote,FALSE,FALSE,3c:3xxxxxx,88.04,44.59,94.1,85.97,44.59,94.1,9.66,6.01,11.58,9.23,6.52,11.12,41.43,37.75,64.41,41.17,40.11,42.66,0
106454145,NBN,Fibre to the Premises,250/25 Mbps,Exetel,VIC,Urban,FALSE,FALSE,d8:bxxxxxx,270.44,237.02,272.16,270.61,249.43,272.06,23.58,22.08,23.79,23.55,23.11,23.67,1.91,1.81,2.88,1.88,1.81,1.93,0
39485825,NBN very high speed services,Hybrid Fibre Coaxial,500-990/50 Mbps,Other RSPs,VIC,Urban,FALSE,FALSE,24:4xxxxxx,939.85,910.78,944.22,938.22,910.78,944.22,47.39,46.97,47.54,47.38,47.16,47.48,12.02,11.74,12.88,12.06,11.77,12.75,0.26
110846850,Non-NBN fixed line services,Fibre to the Premises,100/40 Mbps,,NT + SA,,FALSE,FALSE,e8:6xxxxxx,93.42,38.38,94.87,93.26,84.66,93.62,38.76,37.73,39.14,38.76,37.73,39.14,11.4,11.31,133.95,11.42,11.31,15.19,0
116680578,NBN,Fibre to the Premises,250/25 Mbps,Exetel,VIC,Urban,FALSE,FALSE,cc:2xxxxxx,271.35,252.27,272.37,270.97,252.27,272.03,23.58,22.02,23.74,23.51,22.02,23.73,2.43,2.39,2.46,2.41,2.39,2.43,28
134674306,NBN very high speed services,Fibre to the Premises,500-990/50 Mbps,Leaptel,VIC,Urban,FALSE,FALSE,34:9xxxxxx,933.29,728.04,934.64,933.53,915.59,934.64,47.3,45.23,47.56,47.27,46.56,47.45,1.81,1.59,3,1.77,1.65,2.09,0
134674307,NBN,Hybrid Fibre Coaxial,100/40 Mbps,Leaptel,VIC,Urban,FALSE,FALSE,5c:exxxxxx,106.37,91.01,109.26,106.11,94.41,109.21,37.87,35.57,37.99,37.88,36.92,37.98,8.4,8.14,10.9,8.43,8.14,9.87,1.68
124438660,NBN,Fibre to the Node,50/20 Mbps,Leaptel,NT + SA,Urban,FALSE,FALSE,ac:8xxxxxx,54.15,47.13,54.53,53.98,47.37,54.49,18.85,18.65,19.09,18.85,18.73,18.9,17.82,14.79,18.47,17.88,16.3,18.47,0
134674308,NBN very high speed services,Fibre to the Premises,500-990/50 Mbps,Leaptel,VIC,Urban,FALSE,FALSE,14:9xxxxxx,926.39,462.32,935.46,914.57,462.32,935.11,47.4,46.63,47.51,47.38,47.2,47.46,2.21,2.03,2.89,2.19,2.03,2.89,0.1
4329605,NBN very high speed services,Fibre to the Premises,500-990/50 Mbps,Leaptel,VIC,Urban,FALSE,FALSE,62:2xxxxxx,914.67,330.93,934.5,908.76,330.93,934.4,47.08,36.03,47.56,46.47,36.03,47.44,3.96,3.8,4.86,3.94,3.82,4.2,4.74
127446151,NBN very high speed services,Hybrid Fibre Coaxial,500-990/50 Mbps,Superloop,VIC,Urban,FALSE,FALSE,d4:9xxxxxx,939.84,930.25,941.32,939.07,934.4,941.27,47.42,47.2,47.51,47.4,47.29,47.46,7.62,7.48,8.55,7.72,7.54,8.55,0.03
55187081,NBN very high speed services,Hybrid Fibre Coaxial,500-990/50 Mbps,Aussie Broadband,VIC,Urban,FALSE,FALSE,b0:9xxxxxx,875.48,825.45,907.45,875.48,835.96,907.45,47.41,46.26,47.53,47.42,47.27,47.52,8,7.84,8.47,8.01,7.84,8.22,0
81885833,NBN,Hybrid Fibre Coaxial,100/40 Mbps,Dodo & iPrimus,VIC,Urban,FALSE,FALSE,c0:5xxxxxx,107.01,72.71,108.41,106.62,72.71,107.48,37.69,35.45,37.79,37.69,37.57,37.77,8.35,8.17,10.02,8.36,8.21,9.41,0.03
24329101,NBN,Fibre to the Premises,100/20 Mbps,Superloop,NT + SA,Urban,FALSE,FALSE,74:bxxxxxx,107.23,91.93,110.05,106.62,92.64,108.91,18.93,17.99,19.03,18.9,17.99,18.98,13,12.81,15.6,13.02,12.81,14.63,0
128521359,NBN Satellite Services,Satellite,50/10 Mbps,,NSW,Major Rural,FALSE,FALSE,14:exxxxxx,51.06,19.02,55.72,48.84,27.59,54.89,9.7,4.91,10.47,9.34,7.77,10.08,619.43,579.25,639.69,619.26,582.84,639.69,0
1196431,NBN,Fibre to the Premises,250/25 Mbps,iiNet,VIC,Urban,FALSE,FALSE,a4:9xxxxxx,270.8,247.48,272.06,270.29,247.48,272.06,23.55,22.63,24.3,23.54,22.75,23.94,2.17,2.09,2.31,2.15,2.1,2.26,0
2219407,NBN,Fibre to the Premises,100/40 Mbps,Superloop,NT + SA,Urban,FALSE,FALSE,d8:4xxxxxx,107.58,78.58,109.74,106.13,78.58,108.68,37.89,18.84,37.99,37.78,35.32,37.99,11.17,10.77,19.6,11.59,10.77,19.6,0
24028817,NBN,Hybrid Fibre Coaxial,100/20 Mbps,Telstra,VIC,Urban,FALSE,FALSE,a4:9xxxxxx,103.12,13.28,109.94,100.76,14.18,109.31,17,4.28,19.09,15.95,4.28,18.9,10.24,8.27,73.3,10.81,8.3,53.68,0
104511121,NBN,Hybrid Fibre Coaxial,50/20 Mbps,Telstra,VIC,Urban,FALSE,FALSE,10:0xxxxxx,54.49,48.12,54.89,54.47,51.23,54.66,18.95,18.54,19.01,18.95,18.64,19.01,8.53,8.35,9.55,8.53,8.35,9.55,0
57725841,Non-NBN fixed line services,Fibre to the Premises,100/40 Mbps,,VIC,,FALSE,FALSE,c8:7xxxxxx,111.46,86.36,112.79,109.96,86.36,112.49,36.84,34.86,37.1,36.79,36.63,36.89,4.8,4.55,7.16,4.87,4.55,7.16,0
124770449,NBN,Fibre to the Curb,100/20 Mbps,Leaptel,VIC,Urban,FALSE,FALSE,1c:bxxxxxx,105.63,84.01,106.7,105.12,84.01,106.66,17.97,16.34,18.1,17.97,17.72,18.1,4.81,4.67,6.13,4.81,4.67,6.13,0.06
127789201,NBN very high speed services,Hybrid Fibre Coaxial,500-990/50 Mbps,Other RSPs,VIC,Urban,FALSE,FALSE,d8:bxxxxxx,791.69,541.11,890.37,788.44,554.85,890.37,46.53,8.97,47.22,46.8,43.92,47.19,8.56,8.09,79.83,8.61,8.09,12.62,0
134674321,NBN very high speed services,Hybrid Fibre Coaxial,500-990/50 Mbps,Leaptel,NT + SA,Urban,FALSE,FALSE,d4:3xxxxxx,926.94,798.21,935.03,926.28,843.71,934.91,18.61,11.65,19.09,18.7,18.28,18.87,18.28,17.87,20.09,18.45,17.87,20.09,0.03
127446162,NBN fixed wireless,Fixed Wireless,Fixed Wireless Home Fast 250/20,,VIC,Remote,FALSE,FALSE,f4:9xxxxxx,264.81,143.99,304.26,256.61,163.47,287.27,14.47,9.38,18.54,13.16,9.38,15.99,46.5,44.71,49.77,46.81,45.38,49.77,0
134533267,NBN,Fibre to the Premises,250/100 Mbps,Leaptel,VIC,Urban,FALSE,FALSE,14:exxxxxx,264.69,208.22,266.69,262.57,223.48,266.54,94.84,94.53,95.09,94.8,94.53,95.09,3.18,3.02,3.67,3.15,3.02,3.3,0
28131221,NBN,Hybrid Fibre Coaxial,100/20 Mbps,TPG,VIC,Urban,FALSE,FALSE,38:9xxxxxx,107.1,89.94,108.55,107.25,99.69,108.1,18.8,18.26,18.91,18.79,18.36,18.89,8.6,8.39,9.69,8.6,8.4,9.68,0
127446165,NBN,Fibre to the Premises,250/25 Mbps,Leaptel,VIC,Urban,FALSE,FALSE,d8:4xxxxxx,261.55,88.19,267.95,254.44,109.96,267.05,23.57,20.11,23.89,23.38,20.81,23.86,3.01,2.66,35.28,3.91,2.66,28.27,0
112480920,NBN,Fibre to the Node,100/20 Mbps,Aussie Broadband,NT + SA,Urban,FALSE,FALSE,b0:fxxxxxx,99.9,76.48,102.35,99.16,76.48,102.17,18.78,11.91,19.21,18.86,17.78,19.18,71.1,60.29,138.62,67.51,62.23,138.06,0
81885849,NBN very high speed services,Fibre to the Premises,500-990/50 Mbps,Leaptel,TAS,Urban,FALSE,FALSE,04:4xxxxxx,864.05,462.29,935.5,886.85,489.71,934.88,47.33,46.3,47.47,47.25,46.72,47.47,12.21,11.95,13.22,12.28,12,12.64,0
48464537,NBN,Fibre to the Premises,100/20 Mbps,Exetel,NT + SA,Urban,FALSE,FALSE,00:exxxxxx,93.76,33.59,97.92,91.97,64.32,97.88,18.04,13.72,18.66,18.01,13.9,18.63,10.88,10.74,11.06,10.85,10.75,11.03,0
44732057,NBN fixed wireless,Fixed Wireless,Fixed Wireless Plus 100/20,,VIC,Urban,FALSE,FALSE,50:dxxxxxx,68.85,12.35,95.38,51.62,12.35,93.13,5.56,1.07,18.68,4.47,1.18,11.89,40.02,36.06,499.2,40.49,36.76,47.88,0.06
2992281,NBN,Fibre to the Node,100/20 Mbps,Other RSPs,VIC,Urban,FALSE,FALSE,3c:5xxxxxx,106.81,41.61,109.58,105.05,41.61,109.45,18.88,17.74,19.03,18.81,17.74,18.98,8.88,5.74,10.13,8.74,5.76,9.9,0.1
134533273,NBN fixed wireless,Fixed Wireless,Fixed Wireless Home Fast 250/20,,VIC,Remote,FALSE,TRUE,14:4xxxxxx,105.65,53.35,118.7,102.37,60.98,116.17,12.74,5.59,20.72,11.09,5.59,15.99,44.63,33.01,164.72,45.39,35.07,74.34,0.1
117176474,NBN,Fibre to the Node,25/5 Mbps,Dodo & iPrimus,NT + SA,Urban,FALSE,FALSE,8c:1xxxxxx,26.34,21.91,26.56,26.26,21.91,26.56,4.71,4.64,4.78,4.7,4.65,4.74,25.46,19.83,26.91,25.61,23.32,26.59,0
1188507,NBN,Fibre to the Premises,100/20 Mbps,TPG,VIC,Urban,FALSE,FALSE,50:cxxxxxx,107.32,72.96,108.12,107.46,93.75,108.02,18.83,18.26,18.9,18.83,18.6,18.88,4.53,4.39,5.6,4.48,4.39,4.95,0
1196443,NBN,Fibre to the Node,100/40 Mbps,Optus,VIC,Urban,TRUE,TRUE,88:axxxxxx,59.32,7.26,64.47,57.7,7.26,63.83,18.75,5.18,19.86,18.76,16.05,19.79,11.47,8.61,59.86,12.07,8.78,59.86,0.03
81801629,NBN,Hybrid Fibre Coaxial,50/20 Mbps,Telstra,VIC,Urban,FALSE,FALSE,bc:3xxxxxx,54.48,40.4,55.31,54.22,40.4,55.31,18.78,7.73,18.86,18.42,7.73,18.86,9.99,9.83,13.37,10.04,9.84,13.37,0
29843357,NBN,Fibre to the Curb,100/20 Mbps,iiNet,VIC,Urban,FALSE,FALSE,6a:dxxxxxx,105.52,3.27,108.6,107.87,105.95,108.45,18.82,17.42,18.97,18.87,18.53,18.95,5,4.78,14.43,4.95,4.79,5.46,0
39485853,NBN,Fibre to the Curb,100/20 Mbps,Vodafone,VIC,Urban,FALSE,FALSE,20:bxxxxxx,93.03,70.05,93.17,92.32,70.05,93.17,18.67,17.91,18.72,18.63,17.91,18.72,4.56,4.35,4.98,4.56,4.35,4.98,0
48666781,NBN very high speed services,Fibre to the Premises,500-990/50 Mbps,Launtel,TAS,Urban,FALSE,FALSE,c8:7xxxxxx,770.24,28.11,925.51,668.93,39.11,924.24,45.73,24.41,45.98,45.7,44.44,45.95,9.96,9.66,82.54,11.16,9.73,82.34,0
24028829,NBN,Fibre to the Node,50/20 Mbps,Aussie Broadband,VIC,Urban,TRUE,FALSE,00:exxxxxx,38.1,8.26,40.07,37.72,21.34,40.07,4.86,3.48,6.59,4.85,3.49,6.4,10.87,7.21,209.16,11.58,8.85,57.07,0
1028766,NBN,Fibre to the Premises,100/40 Mbps,TPG,VIC,Urban,FALSE,FALSE,76:axxxxxx,94.34,90.39,94.78,94.34,92.32,94.71,37.64,35.61,37.77,37.69,37.47,37.75,4.77,4.65,5.51,4.74,4.65,4.97,0
1347743,NBN,Hybrid Fibre Coaxial,50/20 Mbps,Dodo & iPrimus,VIC,Urban,FALSE,FALSE,28:dxxxxxx,51.98,26.23,53.5,50.77,36.02,53.48,18.76,16.15,18.91,18.68,16.87,18.9,8.18,7.76,12.67,8.58,7.88,12.67,0
124770464,NBN very high speed services,Fibre to the Premises,500-990/50 Mbps,Superloop,VIC,Urban,FALSE,FALSE,c8:9xxxxxx,935.96,909.05,938.1,933.48,909.05,937.78,47.4,46.99,47.51,47.39,47.22,47.46,2.13,1.97,2.38,2.15,1.97,2.38,0
2565281,NBN,Fibre to the Premises,100/20 Mbps,iiNet,TAS,Urban,FALSE,FALSE,f0:0xxxxxx,107.11,91.08,107.72,107.07,99.99,107.48,16.71,16.26,16.95,16.72,16.37,16.94,14.12,14.05,14.99,14.09,14.06,14.46,0.03
123218337,NBN,Hybrid Fibre Coaxial,50/20 Mbps,Dodo & iPrimus,VIC,Urban,FALSE,FALSE,54:axxxxxx,52.63,34.81,54.09,52.36,35.98,53.96,18.74,16.93,18.85,18.71,17.06,18.85,8.7,8.17,14.79,8.98,8.38,14.79,0
134533282,NBN,Hybrid Fibre Coaxial,250/25 Mbps,Leaptel,VIC,Urban,FALSE,FALSE,60:8xxxxxx,264.4,216.27,267.52,262.86,216.27,267.52,23.75,22.83,23.91,23.72,23.38,23.86,8.31,8.07,9.27,8.46,8.07,9.25,0
1028772,NBN,Fibre to the Node,50/20 Mbps,Optus,VIC,Urban,FALSE,FALSE,8c:1xxxxxx,54.18,38.53,55.59,53.41,38.53,54.61,19.04,16.97,19.41,19.06,18.75,19.13,10.31,6.81,11.31,10.22,6.82,11.18,0.06
48666789,NBN,Fibre to the Premises,100/20 Mbps,Other RSPs,VIC,Urban,FALSE,FALSE,08:bxxxxxx,95.51,70.06,97.81,94.43,70.06,97.81,18.84,17.47,18.91,18.81,17.47,18.9,5.56,5.44,8.62,5.63,5.48,6.07,0
59812517,NBN fixed wireless,Fixed Wireless,Fixed Wireless Plus 100/20,,TAS,Remote,FALSE,FALSE,00:1xxxxxx,138.17,100.75,146.28,136.37,108.36,143.96,22.96,15.83,24.14,22.6,19.58,24,42.09,39.66,58.11,41.8,41.05,42.76,0
2211237,NBN very high speed services,Fibre to the Premises,500-990/50 Mbps,Launtel,TAS,Urban,FALSE,FALSE,3c:7xxxxxx,910.97,363.61,924.99,910.85,738.43,922.72,45.7,44.73,45.93,45.54,44.95,45.82,14.87,13.73,28.29,14.96,13.9,17.13,0
128670374,NBN,Fibre to the Premises,100/40 Mbps,Exetel,NT + SA,Urban,FALSE,FALSE,40:exxxxxx,92.19,42.43,94.55,92.85,78.29,94.38,37.64,25.42,37.99,37.64,36.99,37.97,12.54,11.41,446.92,11.61,11.41,11.96,0
2992295,NBN,Fibre to the Premises,50/20 Mbps,TPG,NT + SA,Urban,FALSE,FALSE,98:4xxxxxx,53.22,41.19,53.74,52.8,41.19,53.74,18.82,18.27,19.1,18.82,18.45,19.02,62.88,44.07,87.37,62.56,44.09,85.79,0.06
112915368,NBN very high speed services,Fibre to the Premises,500-990/50 Mbps,Superloop,VIC,Urban,FALSE,FALSE,3c:3xxxxxx,915.72,141.89,934.54,922.21,828.23,934.54,47.25,45.15,47.52,47.14,45.61,47.45,1.89,1.78,6.68,1.85,1.79,2.08,0.03
24028841,NBN very high speed services,Hybrid Fibre Coaxial,500-990/50 Mbps,Leaptel,VIC,Urban,FALSE,FALSE,9e:0xxxxxx,931.53,876.03,935.35,930.84,904.75,934.93,47.36,45.43,47.56,47.31,46.64,47.56,8.99,8.72,10.15,9.03,8.73,9.8,0
132234153,NBN very high speed services,Fibre to the Premises,500-990/50 Mbps,Leaptel,NT + SA,Urban,FALSE,FALSE,6a:dxxxxxx,729.77,6.28,935.34,737.65,9.68,934.64,42.41,3.99,47.29,42.52,21.52,47.26,10.73,10.53,18.63,10.8,10.53,13.69,0.16
31273133,NBN,Hybrid Fibre Coaxial,25/5 Mbps,Vodafone,VIC,Urban,FALSE,FALSE,f8:cxxxxxx,26.47,25.1,26.61,26.46,25.73,26.6,3.62,3.42,4.66,3.61,3.48,4.41,8.6,8.49,9.6,8.58,8.5,8.74,0
48666797,NBN,Hybrid Fibre Coaxial,100/20 Mbps,Dodo & iPrimus,VIC,Urban,FALSE,FALSE,78:dxxxxxx,106.47,92.76,106.9,106.18,92.76,106.81,18.86,18.51,18.96,18.85,18.51,18.9,7.45,7.3,8.26,7.43,7.3,8.25,0.1
97045677,NBN very high speed services,Hybrid Fibre Coaxial,500-990/50 Mbps,Aussie Broadband,VIC,Urban,FALSE,FALSE,f0:7xxxxxx,937.83,771.16,945.85,935.51,771.16,941.28,47.39,46.4,47.5,47.4,47.03,47.49,7.95,7.82,9.19,7.97,7.84,9.11,0.1
124146096,Non-NBN fixed line services,Fibre to the Premises,250/25 Mbps,,VIC,,FALSE,FALSE,78:4xxxxxx,266.58,240.91,268.76,266.64,244.39,268.44,24.08,23.24,24.32,24.06,23.73,24.16,4.11,3.71,5.06,4.08,3.74,5.06,0
81801649,NBN,Hybrid Fibre Coaxial,100/20 Mbps,Superloop,VIC,Urban,FALSE,FALSE,50:cxxxxxx,107.55,96.54,109.55,106.65,98.46,109.55,18.94,6.21,19.06,18.92,18.02,19.06,7.79,7.53,8.36,7.88,7.65,8.36,0.03
81885873,Non-NBN fixed line services,Fibre to the Premises,250/25 Mbps,,VIC,,FALSE,FALSE,34:0xxxxxx,264.42,179.38,267.01,264.02,250,266.74,23.27,13.87,23.52,23.3,22.55,23.52,2.97,2.69,19.78,3.02,2.72,5.31,0.23
33031349,NBN,Fibre to the Node,50/20 Mbps,Aussie Broadband,TAS,Urban,FALSE,FALSE,04:dxxxxxx,49.86,32.64,51.81,49.65,38.97,51.67,17.18,16.11,17.97,17.24,16.57,17.97,22.94,21.3,53.08,23.18,21.9,31.7,0.29
47073717,NBN,Hybrid Fibre Coaxial,100/20 Mbps,Vodafone,VIC,Urban,FALSE,FALSE,20:bxxxxxx,92.59,70.48,93.61,91.94,70.48,93.51,18.63,17.88,19.33,18.61,18,19.16,8.27,7.97,11.44,8.3,8.07,8.97,0.06
124146101,NBN,Fibre to the Premises,100/20 Mbps,Aussie Broadband,VIC,Urban,FALSE,FALSE,74:fxxxxxx,107.85,90.06,109.87,107.04,90.06,109.87,18.94,15.5,19.05,18.94,18.76,19,2.68,2.56,3.57,2.67,2.56,3.01,0
57725621,Non-NBN fixed line services,Fibre to the Premises,100/20 Mbps,,VIC,,FALSE,FALSE,a4:2xxxxxx,110.78,77.74,112.8,109.33,77.74,112.57,18.34,16.7,18.65,18.28,17.04,18.62,1.77,1.61,6.28,1.76,1.61,3.26,0
113972406,NBN fixed wireless,Fixed Wireless,Fixed Wireless Plus 100/20,,VIC,Remote,FALSE,FALSE,c0:cxxxxxx,98.67,4.65,126.31,85.71,21.59,119.65,8.57,2.81,10.81,8.09,5.2,9.72,37.73,32.25,84.57,43.41,34.93,72.35,0.19
126632374,NBN,Fibre to the Premises,250/25 Mbps,Other RSPs,NT + SA,Urban,FALSE,FALSE,28:8xxxxxx,237.02,59.19,245.3,229.5,59.19,245.3,23.64,22.43,23.8,23.67,23.17,23.75,14.92,14.27,39.28,15.87,14.27,25.85,0
124690614,NBN,Hybrid Fibre Coaxial,250/25 Mbps,Optus,VIC,Urban,FALSE,FALSE,78:8xxxxxx,271.05,207.54,277.48,270.51,249.27,273.21,23.8,23.59,23.9,23.8,23.66,23.88,8.4,8.23,8.84,8.34,8.23,8.46,0
1028792,NBN,Fibre to the Node,50/20 Mbps,iiNet,VIC,Urban,FALSE,FALSE,a4:9xxxxxx,53.51,41.13,54.06,53.31,43.75,53.95,17.34,15.72,18.42,17.35,15.96,18.27,10.07,6.76,13.61,10.1,9.51,11.83,0
4719033,NBN,Hybrid Fibre Coaxial,100/40 Mbps,Exetel,VIC,Urban,FALSE,FALSE,b0:1xxxxxx,106.92,78.7,109.22,106.57,93.87,108.99,36.24,0.33,37.77,35.69,3.37,37.73,8.22,7.92,9.78,8.36,7.92,9.27,1.11
48464313,NBN,Hybrid Fibre Coaxial,100/40 Mbps,Aussie Broadband,VIC,Urban,FALSE,FALSE,76:axxxxxx,106.31,66.64,108.67,104.59,66.64,108.67,37.67,32.04,37.98,37.31,32.04,37.96,8.7,8.13,34.5,8.77,8.38,11.14,4.52
2219449,NBN,Fibre to the Premises,250/25 Mbps,iiNet,NT + SA,Urban,FALSE,FALSE,e0:2xxxxxx,267.84,237.78,269.56,267.56,257.42,269.53,23.64,23.3,23.74,23.57,23.4,23.69,11.86,11.62,13.64,11.88,11.62,13.63,0
4719037,NBN,Fibre to the Premises,50/20 Mbps,Telstra,VIC,Urban,FALSE,FALSE,bc:3xxxxxx,54.09,29.44,55.31,53.25,29.44,55.12,18.78,16.77,18.87,18.74,17.86,18.85,3.19,2.39,5.03,3.2,2.42,5.03,0.03
126632895,NBN Satellite Services,Satellite,25/5 Mbps,,NSW,Major Rural,FALSE,FALSE,5c:6xxxxxx,20.47,5.12,27.49,8.74,5.83,11.3,4.92,1.46,5.61,4.32,2.44,5.28,698.68,666.34,791.57,720.92,704.29,744.15,0
106456001,NBN,Hybrid Fibre Coaxial,100/20 Mbps,Exetel,VIC,Urban,FALSE,FALSE,7c:1xxxxxx,104.62,8.37,108.83,105.38,35.26,108.79,18.78,15.44,18.97,18.79,18.32,18.89,8.44,8.21,10.72,8.35,8.21,8.78,0.03
3880901,NBN,Fibre to the Node,100/40 Mbps,Superloop,VIC,Urban,TRUE,TRUE,cc:2xxxxxx,33.21,5.79,37.86,32.94,5.79,37.86,5.31,3.73,5.93,5.29,4.15,5.86,14.4,6.9,48.4,14.82,9.62,42.22,0
24591813,NBN,Fibre to the Node,100/20 Mbps,Telstra,VIC,Urban,FALSE,FALSE,d4:3xxxxxx,106.61,48.38,110.73,105.86,87.49,110.45,18.93,15.91,19.34,18.87,17.73,19.11,4.78,4.52,61.45,4.87,4.59,7.29,0.03
1347781,NBN fixed wireless,Fixed Wireless,Fixed Wireless Plus 100/20,,VIC,Remote,FALSE,TRUE,d4:3xxxxxx,49.34,10.91,97.88,46.14,23.56,90.96,1.5,0.21,2.32,1.42,0.84,2.09,35.88,33.32,117.53,37.01,33.83,117.53,0
55105221,NBN very high speed services,Hybrid Fibre Coaxial,500-990/50 Mbps,Aussie Broadband,VIC,Urban,FALSE,FALSE,e2:6xxxxxx,909.86,808.3,940.55,905.38,815,939.08,47.14,43.06,47.5,46.72,43.09,47.45,7.68,7.4,10.05,7.95,7.4,9.87,0.03
4191173,NBN,Fibre to the Premises,100/20 Mbps,Aussie Broadband,NT + SA,Minor Rural,FALSE,FALSE,10:7xxxxxx,107.48,81.13,110.5,107.27,97.41,108.67,18.93,16.7,19.06,18.93,18.79,18.98,10.99,10.9,34.52,10.97,10.9,11.14,0
1347783,NBN,Fibre to the Curb,25/5 Mbps,Telstra,VIC,Urban,FALSE,FALSE,bc:3xxxxxx,27.22,23.77,27.43,27.13,23.77,27.43,4.66,3.82,4.73,4.63,4.09,4.72,5.86,5.77,7.44,5.85,5.77,7.44,0
23989193,NBN,Hybrid Fibre Coaxial,25/5 Mbps,Telstra,NT + SA,Urban,FALSE,FALSE,bc:3xxxxxx,27.26,20.74,27.41,27.11,20.74,27.41,4.65,4.39,4.76,4.59,4.39,4.71,15.9,15.68,20.66,15.87,15.76,16.82,0
117784265,NBN very high speed services,Fibre to the Premises,500-990/50 Mbps,Launtel,VIC,Minor Rural,FALSE,FALSE,b4:9xxxxxx,847.09,332.95,919.79,867.07,741.46,918.38,40.49,36.93,42.29,40.79,37.64,41.96,10.05,9.72,11.53,10.09,9.72,11.53,0
66151881,NBN,Hybrid Fibre Coaxial,50/20 Mbps,Superloop,VIC,Urban,FALSE,FALSE,08:3xxxxxx,54.29,47.88,55.23,54.32,51.42,54.47,18.93,11.88,19.01,18.95,18.89,19,9.59,9.43,9.89,9.57,9.44,9.77,0
112272588,NBN,Fibre to the Premises,100/20 Mbps,iiNet,VIC,Urban,FALSE,FALSE,94:8xxxxxx,106.38,87.86,107.94,105.15,90.03,107.85,18.73,12.53,18.87,18.7,17.76,18.87,3.59,3.31,35.9,4.22,3.33,35.9,0.16
1028812,NBN,Fibre to the Premises,100/20 Mbps,Optus,VIC,Urban,FALSE,FALSE,38:exxxxxx,108.45,95.36,109.31,107.44,95.36,109.31,18.8,18.41,18.83,18.78,18.51,18.83,6.81,6.09,11.94,6.84,6.15,9.53,0
1188301,NBN,Fibre to the Node,50/20 Mbps,Telstra,VIC,Urban,FALSE,FALSE,08:cxxxxxx,54.64,36.61,55.24,54.67,54.05,55.18,19.02,18.57,19.32,19.03,18.96,19.21,11.7,8.12,13.42,11.65,9.53,13.37,0
42980557,NBN,Fibre to the Node,25/10 Mbps,Aussie Broadband,TAS,Urban,FALSE,FALSE,d8:4xxxxxx,26.79,12.37,27.55,26.82,19.12,27.31,9.47,9.22,9.55,9.48,9.41,9.52,19.36,19.26,20.87,19.32,19.26,19.64,0
55971025,NBN,Hybrid Fibre Coaxial,100/20 Mbps,Telstra,VIC,Urban,FALSE,FALSE,b0:1xxxxxx,92.03,18.7,93.7,91.5,64.07,93.53,18.7,17.96,19.46,18.68,18.22,18.97,9.55,9.27,13.52,9.72,9.33,13.52,0
1347793,NBN very high speed services,Fibre to the Premises,500-990/50 Mbps,Launtel,TAS,Urban,FALSE,FALSE,e4:cxxxxxx,922.34,654.54,926.6,921.82,912.03,924.29,45.82,44.73,46.07,45.82,45.61,46.06,12.27,11.36,15.55,12.27,11.39,14.6,0
21279185,NBN fixed wireless,Fixed Wireless,Fixed Wireless Home Fast 250/20,,VIC,Remote,FALSE,FALSE,90:0xxxxxx,86.87,1.2,247.17,45.9,7.08,160.29,6.01,1.06,15.79,3.85,1.56,7.16,44.86,35.76,648.25,66.61,39.55,648.25,0.29
54457553,NBN very high speed services,Fibre to the Premises,500-990/50 Mbps,Aussie Broadband,VIC,Urban,FALSE,FALSE,9e:0xxxxxx,908.22,826.33,925.36,905.53,844.62,924.07,46.38,43.92,47.46,46.21,44.77,47.43,2.58,2.49,3.12,2.57,2.53,2.67,0
2211027,NBN,Fibre to the Premises,100/20 Mbps,Superloop,VIC,Urban,FALSE,FALSE,9c:cxxxxxx,108.06,89.84,109.5,107.99,95.53,109.37,18.9,17.9,19.01,18.91,18.04,18.99,3.17,3.07,3.98,3.16,3.08,3.27,0
26490069,NBN very high speed services,Fibre to the Premises,500-990/50 Mbps,Launtel,VIC,Urban,FALSE,FALSE,6a:dxxxxxx,898.59,304.53,926.4,894.98,522.93,922.32,38.96,32.45,45.81,38.79,33.43,44.91,4.1,3.49,17.55,4.01,3.5,5.21,0
44032981,NBN very high speed services,Fibre to the Premises,500-990/50 Mbps,Superloop,VIC,Urban,FALSE,FALSE,74:fxxxxxx,933.22,891.42,936.53,932.51,891.42,936.49,47.42,45.81,47.49,47.43,47.33,47.48,2.7,2.63,3.15,2.7,2.64,3.15,0
135546070,NBN,Fibre to the Premises,50/20 Mbps,Leaptel,TAS,Urban,FALSE,FALSE,d0:1xxxxxx,54.49,42.31,54.72,54.49,52.17,54.69,18.96,18.85,19.01,18.96,18.87,18.99,11.7,11.59,12.64,11.67,11.61,11.93,0
31764185,NBN,Hybrid Fibre Coaxial,100/20 Mbps,Vodafone,VIC,Urban,FALSE,FALSE,88:6xxxxxx,94.12,91.47,96.23,94.07,91.47,96.23,18.9,17.71,19.02,18.9,18.57,19,9.35,9.05,14.64,9.38,9.06,10.66,0
135546074,NBN very high speed services,Fibre to the Premises,500-990/50 Mbps,Other RSPs,VIC,Major Rural,FALSE,FALSE,6a:dxxxxxx,914.44,753.15,932.51,906.76,753.15,930.27,47.31,44.3,47.51,47.26,44.3,47.47,7.77,5.35,25.78,9.08,5.35,25.73,0.03
2211035,NBN,Fibre to the Node,25/10 Mbps,Aussie Broadband,VIC,Urban,FALSE,FALSE,18:fxxxxxx,26.61,17.01,27.42,26.35,17.01,27.31,9.46,8.87,9.53,9.47,9.38,9.52,8.79,7.65,14.19,9.08,8.31,13.1,0
1028828,NBN,Fibre to the Premises,100/20 Mbps,Telstra,TAS,Urban,FALSE,FALSE,d4:3xxxxxx,109.14,64.61,110.68,109.09,104.78,110.68,19.01,18.12,19.32,19.02,18.74,19.26,15.22,14.39,15.38,15.18,15.14,15.38,0
81801693,NBN,Hybrid Fibre Coaxial,50/20 Mbps,Telstra,VIC,Urban,FALSE,FALSE,bc:3xxxxxx,54.46,35.18,55.01,54.34,44.04,55.01,18.8,17.87,18.87,18.81,18.69,18.86,10.95,10.81,12.06,10.93,10.81,11.72,0.06
2260957,NBN,Fibre to the Premises,100/20 Mbps,iiNet,NT + SA,Urban,FALSE,FALSE,10:1xxxxxx,106.97,96.54,107.91,106.63,99.28,107.84,18.8,16.82,18.91,18.77,18.35,18.91,13.21,11.89,14.74,13.27,11.89,13.84,0
135346398,NBN fixed wireless,Fixed Wireless,Fixed Wireless Plus 50/10,,VIC,Minor Rural,FALSE,FALSE,d4:3xxxxxx,56.14,37.02,66.68,55.04,37.02,66.03,4.08,1.71,7.31,3.81,2.23,4.8,35.71,32.13,59.38,36.14,33.1,40.39,0.1
113837793,NBN,Fibre to the Node,100/20 Mbps,Leaptel,TAS,Major Rural,FALSE,FALSE,3c:axxxxxx,107.12,23.44,109.31,105.89,65.74,109.31,18.93,17.11,19.06,18.94,18.7,19.01,18.35,16.1,19.54,18.41,18.18,18.65,0
11285729,NBN,Hybrid Fibre Coaxial,100/20 Mbps,Telstra,NT + SA,Urban,FALSE,FALSE,a4:9xxxxxx,109.15,90.73,110.8,108.86,90.73,109.69,18.54,13.02,19.36,18.8,18.02,19.29,18.06,16.68,21.62,17.98,16.68,19.59,0
78151137,NBN very high speed services,Hybrid Fibre Coaxial,500-990/50 Mbps,Launtel,VIC,Urban,FALSE,FALSE,da:bxxxxxx,916.02,529.28,923.38,913.63,776.06,922.82,46.36,0.42,46.68,46.32,44.03,46.6,7.6,7.17,8.92,7.73,7.37,8.58,0.19
49590497,NBN,Fibre to the Premises,100/20 Mbps,Dodo & iPrimus,VIC,Urban,FALSE,FALSE,b0:axxxxxx,106.88,85.51,108.19,106.68,91.19,107.62,18.82,18.34,18.92,18.81,18.34,18.89,1.92,1.83,2.9,1.89,1.84,2.39,0.03
24869349,NBN,Hybrid Fibre Coaxial,100/40 Mbps,Superloop,VIC,Urban,FALSE,FALSE,d8:0xxxxxx,106.74,66.77,109.15,105.09,66.77,108.68,37.91,36.26,38.08,37.88,37.36,38,8.03,7.65,9.11,8.08,7.8,8.61,0.83
81885925,NBN very high speed services,Fibre to the Premises,500-990/50 Mbps,Leaptel,VIC,Urban,FALSE,FALSE,18:fxxxxxx,930.23,836.97,933.27,929.96,849.68,933.27,47.09,43.83,47.47,47.1,45.44,47.46,2.09,1.94,2.48,2.08,1.94,2.33,0
130915558,NBN,Fibre to the Node,100/40 Mbps,Aussie Broadband,VIC,Urban,FALSE,FALSE,fc:3xxxxxx,95.28,66.26,98.28,94.72,66.26,98.27,37.92,37.51,38.13,37.93,37.51,38.13,11.52,7.38,14.16,11.56,8.04,12.74,0
119120103,NBN very high speed services,Hybrid Fibre Coaxial,500-990/50 Mbps,Leaptel,VIC,Urban,FALSE,FALSE,d8:bxxxxxx,904.8,31.02,935.4,878.13,31.02,934.57,46.47,10.13,47.53,45.62,10.13,47.45,8.11,7.82,22.86,8.53,7.85,22.86,0.1
81885673,Non-NBN fixed line services,Fibre to the Premises,100/40 Mbps,,VIC,,FALSE,FALSE,d2:2xxxxxx,111.98,89.47,112.78,111.63,106.37,112.52,36.62,35.2,36.83,36.56,35.31,36.74,1.65,1.58,7.15,1.68,1.58,4.05,0
131627498,NBN very high speed services,Hybrid Fibre Coaxial,500-990/50 Mbps,Superloop,VIC,Urban,FALSE,FALSE,e4:5xxxxxx,767.44,86.56,932.4,753.16,88.6,929.86,47.35,44.67,47.57,47.36,47.02,47.55,10.56,9.85,89.46,10.65,9.96,11.55,0.26
4719085,NBN very high speed services,Hybrid Fibre Coaxial,500-990/50 Mbps,Superloop,VIC,Urban,FALSE,FALSE,cc:2xxxxxx,925.26,314.18,941.5,933.85,897.41,941.33,46.04,6.63,47.56,47.38,47.35,47.42,10.95,7.4,20.86,10.39,7.53,19.37,1.9
116906736,NBN,Fibre to the Node,50/20 Mbps,Dodo & iPrimus,NT + SA,Urban,FALSE,FALSE,c0:0xxxxxx,51.91,38.98,54.1,51.23,38.98,53.91,18.8,17.6,18.93,18.76,17.6,18.9,20.58,15.29,26.6,20.77,17.39,26.6,0
66082801,NBN fixed wireless,Fixed Wireless,Fixed Wireless Plus 100/20,,VIC,Urban,FALSE,FALSE,08:3xxxxxx,138.08,44.71,144.93,134.14,44.71,144.93,12.37,3.49,19.5,10.85,4.84,15.47,37.05,34.67,40.06,37.24,34.91,39.95,0
1027826,NBN,Fibre to the Node,50/20 Mbps,Telstra,VIC,Urban,FALSE,FALSE,d4:9xxxxxx,54.08,36.68,54.83,53.51,36.68,54.78,19.03,18,19.32,19.03,18.55,19.25,7.49,6.46,23.48,7.53,6.69,9.33,0
4329461,NBN,Fibre to the Node,50/20 Mbps,TPG,NSW,Urban,FALSE,FALSE,34:exxxxxx,48.82,32.85,49.76,48.56,40.4,49.74,13.92,11.87,14.06,13.9,11.99,14.06,31.19,11.7,101.72,31.54,30.35,37.5,0
26490101,NBN,Fibre to the Premises,50/20 Mbps,iiNet,TAS,Urban,FALSE,FALSE,34:9xxxxxx,53.57,26.38,53.9,52.97,26.38,53.9,18.85,18.55,18.91,18.85,18.77,18.91,16.19,15.91,16.61,16.19,15.93,16.36,0
106454773,NBN,Hybrid Fibre Coaxial,100/20 Mbps,Leaptel,VIC,Urban,FALSE,FALSE,1c:6xxxxxx,105.34,92.05,106.89,105.04,97.26,106.89,18.46,14.78,18.94,18.41,16.1,18.88,8.27,8,12.14,8.37,8.02,9.34,0
31032053,NBN,Fibre to the Curb,100/20 Mbps,Exetel,NT + SA,Urban,FALSE,FALSE,8c:6xxxxxx,107.88,89.02,109,106.62,95.13,108.92,18.84,18.03,18.92,18.81,18.03,18.89,12.5,12.44,13.14,12.5,12.44,12.78,0
31764213,NBN,Fibre to the Premises,250/25 Mbps,Leaptel,VIC,Urban,FALSE,FALSE,70:axxxxxx,262.79,211.52,267.12,261.96,250.03,266.82,23.56,21.11,23.85,23.41,22.43,23.85,2.28,2.13,4.84,2.25,2.14,2.65,0.03
102021877,NBN very high speed services,Fibre to the Premises,500-990/50 Mbps,Superloop,VIC,Urban,FALSE,FALSE,54:bxxxxxx,932,874.67,936.8,931.84,874.67,936.62,47.37,46.78,47.49,47.36,46.78,47.46,1.94,1.77,82.51,1.93,1.78,2.91,0
2211061,NBN,Fibre to the Node,50/20 Mbps,iiNet,NT + SA,Minor Rural,FALSE,FALSE,98:9xxxxxx,53.23,43.11,53.91,53.12,43.11,53.91,18.84,18.36,19.08,18.84,18.43,18.96,21.97,20.56,23.64,21.89,20.56,23.58,0.03
135073782,NBN,Fibre to the Premises,100/20 Mbps,Leaptel,VIC,Urban,FALSE,FALSE,76:8xxxxxx,93.5,45.38,95.6,92.83,45.38,95.6,18.37,15.12,19.15,18.51,17.06,19.15,1.99,1.56,17.65,2.13,1.56,10.56,0
2535415,NBN,Fibre to the Premises,50/20 Mbps,Aussie Broadband,VIC,Urban,FALSE,FALSE,c4:exxxxxx,53.17,41.51,54.58,53.11,41.51,54.58,18.88,16.92,19,18.81,16.92,18.98,4.28,3.99,12.7,4.43,4.02,8.15,0
48370425,NBN,Hybrid Fibre Coaxial,50/20 Mbps,Vodafone,VIC,Urban,FALSE,FALSE,d0:dxxxxxx,52.7,19.99,53.99,51.82,38.71,53.99,18.85,1.29,19.49,18.81,18.36,19.23,10.84,10.22,16.07,11.06,10.22,16.07,0.19
45564665,NBN,Fibre to the Premises,100/20 Mbps,Superloop,VIC,Urban,FALSE,FALSE,2a:7xxxxxx,107.81,87.42,108.95,107.59,92.35,108.95,18.73,15.97,19.01,18.81,17.85,19,2.16,1.89,2.52,2.14,1.89,2.36,4.16
2535417,NBN very high speed services,Fibre to the Premises,500-990/50 Mbps,Aussie Broadband,NT + SA,Urban,FALSE,FALSE,26:5xxxxxx,834.05,559.83,935.63,792.23,559.83,933.17,47.21,43.84,47.91,47.16,45.79,47.73,42.28,42.14,64.89,42.26,42.14,42.48,0
126632700,NBN very high speed services,Fibre to the Premises,500-990/50 Mbps,Other RSPs,VIC,Urban,FALSE,FALSE,10:1xxxxxx,936.87,639.56,938.12,936.86,923.31,938.08,47.02,46.08,47.25,46.99,46.42,47.21,2.17,2.1,3.96,2.13,2.1,2.15,0
53382909,NBN,Fibre to the Node,25/5 Mbps,Dodo & iPrimus,VIC,Urban,FALSE,FALSE,dc:dxxxxxx,26.36,26.14,26.52,26.36,26.14,26.51,4.71,4.65,4.82,4.71,4.68,4.78,16.46,12.93,17.93,16.57,13.68,17.93,0.03
6986493,NBN very high speed services,Fibre to the Premises,500-990/50 Mbps,Other RSPs,VIC,Urban,FALSE,FALSE,00:fxxxxxx,903.53,302.99,934.55,896.56,626.25,934.55,46.1,30.05,47.48,46.68,43.91,47.15,3.13,2.94,3.65,3.2,3.06,3.59,0
135073790,NBN,Fibre to the Premises,100/20 Mbps,Leaptel,VIC,Minor Rural,FALSE,FALSE,00:1xxxxxx,105.54,80.72,106.87,104.38,80.72,106.67,18.89,18.4,19.01,18.86,18.4,18.96,7.16,6.74,9.1,7.21,6.81,9.1,0.18
116906750,NBN,Fibre to the Premises,100/20 Mbps,Leaptel,NT + SA,Urban,FALSE,FALSE,f0:axxxxxx,105.43,69.14,107.47,105.62,99.5,106.85,14.95,13.64,15.07,14.96,14.57,15.07,11.1,10.95,29.11,11.08,11.01,11.85,0.03
1029375,NBN,Fibre to the Node,25/5 Mbps,TPG,VIC,Urban,FALSE,FALSE,c4:exxxxxx,26.16,9.75,26.43,26.13,20.76,26.43,4.71,4.15,4.76,4.71,4.68,4.74,18.73,9.65,39.83,18.8,13.14,29.78,0.13
66082817,NBN very high speed services,Fibre to the Premises,500-990/50 Mbps,Superloop,VIC,Urban,FALSE,FALSE,6a:dxxxxxx,936.37,893.72,938.98,935.94,910.65,938.75,47.15,22.16,47.56,47.35,46.26,47.56,2.04,1.99,2.3,2.03,2,2.1,0
54369025,NBN fixed wireless,Fixed Wireless,Fixed Wireless Plus 100/20,,NT + SA,Remote,FALSE,FALSE,d4:3xxxxxx,75.18,1.01,121.93,67.45,30.89,110.43,15.83,8.35,21.46,13.81,11.43,17.77,87.8,65.5,127.78,90.29,67.04,118.9,0.42
47354885,NBN,Fibre to the Curb,50/20 Mbps,Superloop,VIC,Urban,FALSE,FALSE,94:2xxxxxx,54.12,52.97,54.58,54.11,53.71,54.13,18.98,17.75,19.15,19,18.95,19.15,5.37,5.27,5.44,5.34,5.27,5.41,0
24028677,NBN,Fibre to the Node,50/20 Mbps,Launtel,VIC,Minor Rural,FALSE,FALSE,9e:0xxxxxx,47.11,30.2,47.87,46.51,33.56,47.87,18.09,16.31,18.21,17.99,16.36,18.19,18.76,11.69,33.84,18.4,13.32,29.33,0
23244549,NBN very high speed services,Hybrid Fibre Coaxial,500-990/50 Mbps,Superloop,VIC,Urban,FALSE,FALSE,f0:2xxxxxx,939.9,919.7,941.57,940.16,928.99,941.53,47.34,46.88,47.5,47.33,46.88,47.47,8.68,8.36,9.34,8.71,8.4,9.32,0
2260999,NBN,Fibre to the Premises,100/20 Mbps,Launtel,TAS,Major Rural,FALSE,FALSE,40:bxxxxxx,105.01,80.89,106.35,104.87,88.2,106.04,18.2,17.51,18.33,18.19,17.51,18.33,12.92,11.9,15.26,13.19,11.95,15.18,0
117969162,NBN very high speed services,Hybrid Fibre Coaxial,500-990/50 Mbps,Leaptel,VIC,Urban,FALSE,FALSE,40:axxxxxx,929.42,825.72,935.6,928.35,898.5,935.04,47.35,45.93,47.49,47.31,46.78,47.46,8.89,8.5,11.15,9.18,8.6,11.15,0
134710027,NBN,Fibre to the Premises,100/20 Mbps,Leaptel,NT + SA,Urban,FALSE,FALSE,48:fxxxxxx,105.91,96.49,106.74,105.56,101.2,106.71,18.92,18.14,19.01,18.94,18.82,19.01,10.47,10.19,13.67,10.44,10.2,10.95,0
46621964,NBN very high speed services,Hybrid Fibre Coaxial,500-990/50 Mbps,Other RSPs,NT + SA,Urban,FALSE,FALSE,3c:3xxxxxx,932.13,642.86,941.6,928.68,642.86,933.66,46.77,32.41,46.92,46.73,45.37,46.89,17.78,17.49,18.33,17.78,17.5,18.16,0.13
24329229,Non-NBN fixed line services,Fibre to the Premises,250/100 Mbps,,VIC,,FALSE,FALSE,9e:0xxxxxx,213.47,8.61,238.07,197.18,8.61,235.73,93.12,71.46,95.47,93.68,78.84,95.46,3.3,1.81,20.75,4.88,2.32,20.75,0
5071885,NBN fixed wireless,Fixed Wireless,Fixed Wireless Plus 100/20,,VIC,Minor Rural,FALSE,FALSE,3c:7xxxxxx,140.98,94.57,148,140.16,94.57,148,16.24,9.07,21.39,13.97,9.47,18.65,44.54,36.07,49.39,45.04,41.01,49.39,0.03
55971345,NBN,Fibre to the Premises,100/20 Mbps,Dodo & iPrimus,VIC,Urban,FALSE,FALSE,7c:1xxxxxx,106.22,89.7,106.86,105.85,89.7,106.8,18.85,18.02,18.92,18.85,18.72,18.91,5.21,2.76,8.03,5.43,2.79,8.03,0
4803345,NBN,Fibre to the Premises,100/40 Mbps,Aussie Broadband,VIC,Urban,FALSE,FALSE,fc:exxxxxx,107.58,95.05,110.09,106.68,95.05,108.7,37.88,34.76,38.01,37.88,37.62,38.01,4.28,3.99,6.44,4.32,3.99,6.23,0
106456081,NBN,Hybrid Fibre Coaxial,100/40 Mbps,Exetel,VIC,Urban,FALSE,FALSE,9c:axxxxxx,105.42,48.6,109.48,104.51,89.58,108.06,37.45,30.72,37.78,37.42,35.21,37.76,8.71,8.34,15.34,8.78,8.45,12.42,0
128793619,NBN very high speed services,Fibre to the Premises,500-990/50 Mbps,Leaptel,VIC,Urban,FALSE,FALSE,b0:fxxxxxx,926.95,338.87,937.06,914.25,521.97,937.06,47.53,45.6,47.69,47.65,47.39,47.69,2.42,2.15,13.24,2.58,2.15,13.24,0
2219283,NBN very high speed services,Fibre to the Premises,500-990/50 Mbps,Aussie Broadband,VIC,Urban,FALSE,FALSE,6a:dxxxxxx,931.94,792.82,936.86,929.23,810.33,936.67,47.31,42.28,47.5,47.25,42.77,47.49,1.4,1.34,4.87,1.37,1.34,1.44,0
2219285,NBN,Fibre to the Premises,100/20 Mbps,Superloop,TAS,Urban,FALSE,FALSE,a0:6xxxxxx,89.59,68.53,89.98,89.47,87.28,89.8,18.94,18.64,19.01,18.9,18.64,18.98,9.94,9.76,11.7,9.93,9.76,10.08,0.09
1188375,NBN,Hybrid Fibre Coaxial,100/20 Mbps,Telstra,VIC,Urban,FALSE,FALSE,d4:3xxxxxx,108.65,94.28,109.37,108.46,100.37,109.37,18.73,4.65,19.04,18.7,17.51,18.97,10.2,10.04,10.68,10.18,10.04,10.45,0
1029399,NBN,Fibre to the Node,100/20 Mbps,Optus,TAS,Urban,FALSE,FALSE,4c:2xxxxxx,108.9,100.91,110.11,108.85,105.2,109.12,18.95,17.88,19.07,18.96,18.88,19.07,18.6,16.11,27.75,18.5,17.04,18.93,0
119287833,NBN,Fibre to the Premises,50/20 Mbps,Leaptel,VIC,Urban,FALSE,FALSE,74:4xxxxxx,52.93,46.77,53.25,52.79,47.35,53.25,18.85,18.36,18.9,18.85,18.81,18.89,2.4,2.26,6.13,2.44,2.26,3.67,0
61833241,NBN very high speed services,Hybrid Fibre Coaxial,500-990/50 Mbps,Launtel,VIC,Urban,FALSE,TRUE,d8:bxxxxxx,607.06,303.08,711.19,613.76,303.08,711.19,45.73,25.8,46.67,45.99,41.3,46.52,10.52,9.79,36.25,10.67,9.79,36.25,0.04
45341465,Starlink,Satellite,100/50 Mbps,Starlink,VIC,,FALSE,FALSE,60:axxxxxx,170.47,12.87,382.1,147.87,12.87,292.98,26.14,5.02,57.5,26.69,9.06,38.85,29.1,24.68,36.79,29.61,25.31,35.13,0.16
1028892,NBN,Fibre to the Premises,50/20 Mbps,Dodo & iPrimus,VIC,Urban,FALSE,FALSE,d0:dxxxxxx,53.27,47.63,53.46,53.2,50.27,53.46,18.86,18.65,18.92,18.85,18.65,18.9,4.19,4.1,4.39,4.16,4.1,4.25,0
126822176,NBN very high speed services,Hybrid Fibre Coaxial,500-990/50 Mbps,Other RSPs,VIC,Urban,FALSE,FALSE,20:bxxxxxx,934.5,833.52,944.42,933.72,889.27,944.42,46.95,45.29,47.32,46.97,46.59,47.17,9.62,9.42,10.61,9.66,9.42,10.23,0
1194531,NBN,Fibre to the Node,50/20 Mbps,Telstra,VIC,Major Rural,FALSE,FALSE,bc:3xxxxxx,46.97,22.85,49.82,47.08,38.2,49.82,19.04,17.41,19.24,19.02,18.46,19.15,13.16,10.95,27.23,13.12,11.21,14.93,0
49590565,NBN,Fibre to the Node,25/5 Mbps,TPG,NT + SA,Minor Rural,FALSE,FALSE,10:0xxxxxx,25.05,4.59,26.57,24.97,5.47,26.57,4.66,3.84,4.84,4.63,4.12,4.84,31.39,26.36,34.01,31.34,28.33,33.91,0
119287846,NBN very high speed services,Fibre to the Premises,500-990/50 Mbps,Superloop,VIC,Urban,FALSE,FALSE,ec:bxxxxxx,924.74,815.01,930.57,922.49,815.01,930.07,47.4,44.48,47.55,47.37,46.36,47.51,1.84,1.71,2.08,1.82,1.71,1.96,0
119832358,NBN,Fibre to the Premises,100/20 Mbps,Superloop,NT + SA,Major Rural,FALSE,FALSE,c8:7xxxxxx,107.96,98.02,108.68,107.13,98.98,108.67,18.77,15.3,19.02,18.78,16.96,18.97,21.04,20.89,24.1,21.18,20.89,22.86,0
81801769,NBN,Fibre to the Premises,100/20 Mbps,Other RSPs,VIC,Urban,FALSE,FALSE,f8:axxxxxx,91.03,23.02,93.62,89.53,28.19,93.62,18.76,17.93,18.89,18.77,18.5,18.82,3.58,2.99,13.14,5.94,2.99,11.88,0
114331433,NBN,Hybrid Fibre Coaxial,250/25 Mbps,Superloop,VIC,Urban,FALSE,FALSE,10:1xxxxxx,271.69,256.35,273.27,271.55,256.35,272.59,23.6,23.46,23.7,23.6,23.53,23.7,9,8.58,9.77,9,8.8,9.41,0
1028906,NBN,Fibre to the Premises,50/20 Mbps,iiNet,VIC,Urban,FALSE,FALSE,2c:3xxxxxx,53.59,46,53.98,53.45,47.54,53.97,18.97,18.77,19.01,18.96,18.77,19,2.27,2.2,4.15,2.25,2.21,3.01,0
4991277,NBN,Hybrid Fibre Coaxial,50/20 Mbps,Other RSPs,VIC,Urban,FALSE,FALSE,80:2xxxxxx,53.39,40.24,54.21,53.17,43.13,54.21,18.56,17.82,19.32,18.51,17.83,19.08,10.36,10.21,10.65,10.32,10.21,10.55,0.06
3881005,NBN,Fibre to the Premises,250/25 Mbps,Dodo & iPrimus,VIC,Urban,FALSE,FALSE,d0:dxxxxxx,266.52,245.91,267.04,266.04,245.91,266.89,23.68,23.23,23.77,23.68,23.23,23.75,6.07,3.83,8.06,6.17,3.84,7.97,0
5071917,NBN,Fibre to the Node,50/20 Mbps,Aussie Broadband,VIC,Urban,TRUE,FALSE,f8:cxxxxxx,41.9,25.95,44.17,41.9,37.81,44.13,12.16,10.38,12.9,12.16,11.18,12.77,11,8.56,16.77,10.81,9.68,13,0
39486509,NBN very high speed services,Hybrid Fibre Coaxial,500-990/50 Mbps,Other RSPs,NT + SA,Urban,FALSE,FALSE,74:fxxxxxx,931.05,872,937.2,930.24,872,937.2,46.86,45.57,48.43,46.81,46.39,47.99,18.05,17.55,19.61,18.06,17.55,19.56,0
24029229,NBN,Fibre to the Curb,100/20 Mbps,TPG,VIC,Urban,FALSE,FALSE,08:bxxxxxx,107.13,95.03,108.08,106.82,97.05,107.91,18.82,18.5,18.9,18.82,18.59,18.9,5.02,4.85,6.69,4.99,4.87,5.45,0
2211119,NBN very high speed services,Fibre to the Premises,500-990/50 Mbps,Superloop,VIC,Urban,FALSE,FALSE,18:fxxxxxx,934.5,927.35,936.35,934.32,928.67,936.31,47.35,46.91,47.44,47.36,47.29,47.41,1.77,1.66,1.92,1.74,1.71,1.81,0
126632752,NBN,Fibre to the Node,100/20 Mbps,Leaptel,VIC,Urban,FALSE,FALSE,34:6xxxxxx,82.14,44.23,86.12,82.13,62.92,86.08,18.95,18.41,19.11,18.95,18.63,19.01,6.24,4.48,12.56,6.41,4.48,9.21,0.03
42617393,NBN,Fibre to the Premises,100/20 Mbps,Optus,VIC,Urban,FALSE,FALSE,3c:5xxxxxx,108.19,73.95,110.54,107.96,92.01,109.3,18.52,16.4,18.67,18.53,17.93,18.64,3.07,2.76,5.28,3.03,2.82,3.81,0.13
39357233,NBN,Fibre to the Premises,50/20 Mbps,TPG,VIC,Urban,FALSE,FALSE,50:9xxxxxx,53,30.84,54.2,52.64,40.4,53.73,18.92,18.36,19.55,18.91,18.53,18.94,2.26,2.16,5.84,2.27,2.17,2.78,0.17
128844853,NBN,Fibre to the Premises,250/100 Mbps,Leaptel,VIC,Urban,FALSE,FALSE,24:5xxxxxx,251.92,203.87,254.22,251.81,225.28,254.16,91.59,88.65,91.78,91.58,90.88,91.75,1.65,1.4,4.74,1.61,1.41,1.7,0
107095861,NBN very high speed services,Fibre to the Premises,500-990/50 Mbps,Superloop,VIC,Urban,FALSE,FALSE,d8:5xxxxxx,911.47,721.2,934.76,902.49,721.2,932.33,47.01,28.64,47.8,46.32,28.64,47.78,2.57,2.42,3.9,2.55,2.42,3.64,0.03
53499189,NBN,Fibre to the Premises,250/25 Mbps,Aussie Broadband,VIC,Urban,FALSE,FALSE,b0:axxxxxx,271.71,248.3,273.35,271.59,266.2,273.35,23.67,23.27,23.8,23.66,23.54,23.74,2.19,1.37,2.5,2.08,1.44,2.43,0
119832373,NBN very high speed services,Fibre to the Premises,500-990/50 Mbps,Superloop,VIC,Urban,FALSE,FALSE,58:1xxxxxx,926.79,577.01,934.59,926.29,911.08,933.31,47.37,46.61,47.5,47.34,46.87,47.43,2.39,2.22,2.72,2.43,2.23,2.68,0
48464437,NBN fixed wireless,Fixed Wireless,Fixed Wireless Plus 100/20,,TAS,Minor Rural,FALSE,FALSE,24:4xxxxxx,133.95,3.43,144.39,134.49,18.91,144.39,17.18,10.55,22.36,14.37,10.55,19.97,46.36,39.86,94.43,46.22,39.86,51.22,0.08
4114229,NBN,Fibre to the Node,75/20 Mbps,Aussie Broadband,TAS,Minor Rural,FALSE,FALSE,78:8xxxxxx,75.43,70.57,75.86,75.52,73.96,75.86,18.83,18.3,18.95,18.82,18.36,18.94,16.58,15.54,19.51,16.81,15.55,19.43,0
2219317,NBN,Fibre to the Premises,50/20 Mbps,Exetel,VIC,Major Rural,FALSE,FALSE,c0:fxxxxxx,52.87,28.27,54.46,52.03,45,54.46,18.82,18.31,18.9,18.77,18.31,18.89,3.85,3.76,5.11,3.99,3.77,5.11,0
1194551,NBN,Hybrid Fibre Coaxial,100/20 Mbps,TPG,VIC,Urban,FALSE,FALSE,f8:cxxxxxx,106.67,85.33,108.29,105.71,85.33,108.29,18.74,16.88,19.54,18.79,18.35,19.32,8.67,8.38,33.09,8.84,8.41,16.69,0.06
1188409,NBN,Fibre to the Node,50/20 Mbps,Aussie Broadband,VIC,Urban,FALSE,FALSE,34:3xxxxxx,47,32.52,49.05,46.93,42.46,49.02,9.62,9.37,9.86,9.62,9.4,9.86,10.75,8.8,16.18,10.75,10.11,12.29,0
97560377,NBN,Fibre to the Premises,250/25 Mbps,Optus,VIC,Urban,FALSE,FALSE,88:0xxxxxx,270.48,112.19,273.28,267.98,119.37,273.28,23.5,11.66,23.73,23.51,22.72,23.7,3.01,2.67,5.34,3,2.84,4.9,0
117265210,Non-NBN fixed line services,Fibre to the Premises,100/40 Mbps,,VIC,,FALSE,FALSE,34:exxxxxx,108.23,87.12,111.9,109.88,102.27,111.19,36.88,36.47,37,36.85,36.71,36.94,3.37,3.01,5.46,3.35,3.01,5.16,0
42617405,NBN,Hybrid Fibre Coaxial,100/40 Mbps,Leaptel,VIC,Urban,FALSE,FALSE,9c:axxxxxx,103.93,89.42,105.68,103.86,90.95,105.46,36.13,29.23,36.59,35.85,29.23,36.48,7.95,7.7,10.33,7.92,7.71,8.37,0.03
97560381,NBN,Fibre to the Node,50/20 Mbps,Aussie Broadband,VIC,Urban,FALSE,FALSE,f8:cxxxxxx,43.19,26.34,46.3,41.65,27.2,46.26,9.45,8.87,10.24,9.41,9.11,10.07,12.21,9.45,20.98,12.79,11.5,18.19,0
1029437,NBN,Fibre to the Node,50/20 Mbps,Superloop,VIC,Major Rural,FALSE,FALSE,d2:2xxxxxx,39.68,10.11,42.07,39.36,27.55,42.05,11.8,11.27,11.99,11.8,11.27,11.91,13.44,10.83,30.55,13.4,12.1,14.12,0
102021949,NBN,Hybrid Fibre Coaxial,50/20 Mbps,Dodo & iPrimus,VIC,Urban,FALSE,FALSE,7c:1xxxxxx,53.33,35.35,53.47,53.13,35.35,53.45,18.86,3.21,18.91,18.87,18.84,18.9,8.12,7.85,8.81,8.11,7.85,8.37,0.06
56963137,NBN,Fibre to the Node,100/20 Mbps,Launtel,TAS,Urban,TRUE,TRUE,bc:3xxxxxx,48.84,24.49,50.98,49.67,41.73,50.93,14.85,13.42,15.42,15.03,13.92,15.41,17.48,13.96,25.85,17.27,16.02,20.98,0
81886017,Non-NBN fixed line services,Fibre to the Premises,100/40 Mbps,,VIC,,FALSE,TRUE,78:4xxxxxx,62.72,28.78,69.79,62.12,36.33,69.55,20.4,9.03,26.98,18.54,9.51,25.63,4.4,3.82,39.21,4.43,3.98,7.94,0
1188419,NBN very high speed services,Fibre to the Premises,500-990/50 Mbps,Aussie Broadband,VIC,Urban,FALSE,FALSE,00:1xxxxxx,843.98,94.12,872.99,851.8,780.28,871.03,47.37,44.85,47.48,47.37,47.17,47.47,2.04,1.93,7.18,2.02,1.94,2.61,0
2219335,NBN very high speed services,Fibre to the Premises,500-990/50 Mbps,Aussie Broadband,TAS,Major Rural,FALSE,FALSE,10:1xxxxxx,926.87,589.97,937.06,918.12,653.78,936.77,47.4,46.85,47.54,47.37,46.88,47.54,15.65,15.59,19.22,15.62,15.59,15.68,0
110762824,NBN,Fibre to the Node,100/20 Mbps,Other RSPs,VIC,Urban,FALSE,FALSE,00:5xxxxxx,77.61,44.72,78.32,77.2,63.57,78.22,16.73,14.8,16.95,16.65,14.8,16.88,9.02,5.46,13.68,9.74,7.47,13.68,0.42
4114249,NBN very high speed services,Hybrid Fibre Coaxial,500-990/50 Mbps,Superloop,VIC,Urban,FALSE,FALSE,76:axxxxxx,805.49,44.68,932.13,782.43,44.68,931.53,44.84,3.22,47.8,42.74,33.13,47.71,8.51,7.85,52.59,9.21,8,52.59,0.06
23580745,NBN very high speed services,Fibre to the Premises,500-990/50 Mbps,Other RSPs,VIC,Urban,FALSE,FALSE,72:axxxxxx,892.53,526.38,931.72,889.58,583.83,931.28,46.92,43.83,47.27,46.93,46.18,47.13,2.19,2.06,4.67,2.18,2.07,2.63,0.16
1027914,NBN,Fibre to the Premises,100/20 Mbps,Dodo & iPrimus,VIC,Major Rural,FALSE,FALSE,90:8xxxxxx,107.23,97.27,108.78,107,99.03,107.52,18.86,18.65,18.92,18.85,18.65,18.92,2.94,2.74,3.59,2.9,2.79,3.54,0
6986317,NBN,Fibre to the Premises,100/20 Mbps,Leaptel,VIC,Urban,FALSE,FALSE,e0:3xxxxxx,104.99,64.15,107.09,103.43,81.29,106.71,18.88,17.03,19.05,18.76,17.03,19,2.1,1.86,3.44,2.11,1.86,2.81,0
23084113,NBN very high speed services,Hybrid Fibre Coaxial,500-990/50 Mbps,Leaptel,VIC,Urban,FALSE,FALSE,54:axxxxxx,931.25,790.18,935.68,928.02,790.18,934.53,47.27,45.1,47.66,47.28,46.54,47.47,8.06,7.69,9.78,8.11,7.71,8.95,0.1
103959633,NBN,Fibre to the Premises,50/20 Mbps,TPG,VIC,Urban,FALSE,FALSE,9c:axxxxxx,53.25,29.21,53.9,53.25,29.21,53.9,16.92,16.17,17.28,16.93,16.33,17.16,6.38,5.75,9.36,6.4,5.77,7.57,0
95590481,NBN,Fibre to the Node,25/5 Mbps,Dodo & iPrimus,VIC,Remote,FALSE,FALSE,84:bxxxxxx,26.11,16.98,26.51,25.95,17.93,26.51,4.7,4.4,4.8,4.7,4.61,4.75,12.36,9.21,16.92,12.03,9.22,16.92,0
1029459,NBN,Fibre to the Node,100/20 Mbps,Telstra,VIC,Urban,TRUE,FALSE,a4:9xxxxxx,82.06,19.74,84.07,80.54,19.74,84.07,19.03,15.96,19.35,19.01,18.77,19.17,11.86,8.54,24.69,11.8,9.89,13.07,0
48464213,NBN,Fibre to the Premises,100/20 Mbps,Leaptel,VIC,Urban,FALSE,FALSE,70:axxxxxx,86.39,53.53,99.75,84.47,57.96,98.18,18.33,16.82,18.47,18.3,16.82,18.45,3.59,3.08,4.58,3.57,3.08,3.98,0
95590485,NBN fixed wireless,Fixed Wireless,Fixed Wireless Plus 100/20,,VIC,Remote,FALSE,FALSE,d4:6xxxxxx,137.97,112.76,141.92,137.55,120.26,141.4,18.29,8.05,21.81,16.47,8.05,20.16,42.78,36.67,307.36,46.06,38.19,118.25,0.03
2521431,NBN,Fibre to the Premises,50/20 Mbps,Optus,NT + SA,Urban,FALSE,FALSE,24:2xxxxxx,54.28,44.82,55.17,52.85,44.82,55.11,18.76,17.99,19.01,18.66,18.04,18.82,12.21,11.66,15.38,12.26,12.01,15.38,0
110762840,NBN,Fibre to the Premises,100/20 Mbps,Dodo & iPrimus,NT + SA,Urban,FALSE,FALSE,b0:6xxxxxx,107.12,78.87,108.71,106.61,78.87,107.49,18.83,17.95,18.91,18.84,18.74,18.9,14.28,12.34,16.37,14.28,14.12,14.4,0
1027928,NBN,Fibre to the Premises,100/40 Mbps,Other RSPs,VIC,Urban,FALSE,FALSE,10:1xxxxxx,91.22,45.05,98.1,86.44,45.05,97.23,37.54,34.97,37.94,37.52,34.97,37.94,18.49,10.05,31.92,18.79,10.17,30.57,0
1028696,NBN,Fibre to the Premises,100/20 Mbps,Aussie Broadband,VIC,Urban,FALSE,FALSE,cc:fxxxxxx,99.63,86.19,107.89,99.71,90.53,106.79,18.89,17.35,19.22,18.91,18.72,19.07,1.94,1.87,2.09,1.92,1.87,1.95,0
93458521,NBN,Fibre to the Curb,50/20 Mbps,Dodo & iPrimus,VIC,Urban,FALSE,FALSE,6c:cxxxxxx,53.59,41.6,54.05,53.65,50.37,53.99,18.84,18.72,18.9,18.84,18.75,18.89,5.94,5.86,6.48,5.97,5.86,6.19,0.16
1188441,NBN,Fibre to the Premises,100/20 Mbps,Dodo & iPrimus,VIC,Urban,FALSE,FALSE,84:bxxxxxx,107.05,70.46,108.44,107.17,106.38,107.35,18.75,18.04,18.86,18.65,18.19,18.83,2.88,2.67,3.32,2.85,2.74,3.2,0
23084121,NBN,Hybrid Fibre Coaxial,100/40 Mbps,Optus,VIC,Urban,FALSE,FALSE,ec:bxxxxxx,108.76,94.34,110.16,108.2,94.34,109.31,37.44,36.78,37.91,37.43,37.01,37.68,10.52,9.32,12.16,10.55,9.32,12.16,0
106456153,NBN,Fibre to the Premises,250/25 Mbps,Exetel,NT + SA,Urban,FALSE,FALSE,7a:4xxxxxx,268.91,13.22,271.43,265.62,13.22,271.19,23.5,22.53,23.63,23.52,23.19,23.6,10.2,10.14,16.63,10.29,10.14,16.63,0
6986329,NBN,Fibre to the Premises,50/20 Mbps,Superloop,VIC,Urban,FALSE,FALSE,28:bxxxxxx,54.12,41.49,55.51,53.77,41.49,54.47,18.94,18.58,19,18.92,18.64,18.99,2.01,1.91,3.01,1.98,1.91,2.03,0
6986585,NBN,Fibre to the Premises,100/40 Mbps,Launtel,VIC,Urban,FALSE,FALSE,cc:2xxxxxx,98.6,0,106.18,97.25,58.16,105.5,36.02,28.65,36.9,34.66,28.65,36.9,3.07,2.39,299.41,4.92,2.43,20.64,0.19
2521435,NBN very high speed services,Hybrid Fibre Coaxial,500-990/50 Mbps,Aussie Broadband,VIC,Urban,FALSE,FALSE,9e:0xxxxxx,916.72,445.73,947.11,914.54,445.73,943.2,47.28,42.29,47.45,47.22,42.29,47.41,7.98,7.52,8.86,7.98,7.64,8.65,0
126126683,NBN fixed wireless,Fixed Wireless,25/5 Mbps,,TAS,Remote,FALSE,FALSE,10:6xxxxxx,24.64,15.25,25.88,24.5,15.25,25.88,4.64,2.87,4.88,4.48,2.97,4.75,35.39,32.05,59.75,36.05,32.05,59.75,0.03
2211163,NBN,Fibre to the Premises,250/25 Mbps,Aussie Broadband,VIC,Urban,FALSE,FALSE,20:2xxxxxx,269.55,226.81,274.87,268.48,229.93,274.87,23.17,3.63,23.74,23.07,19.61,23.72,2.34,1.85,15.81,2.21,2.08,5.69,0.16
118488411,NBN,Fibre to the Node,50/20 Mbps,Telstra,VIC,Major Rural,FALSE,FALSE,d4:9xxxxxx,53.41,21.9,55.32,53.78,38.82,55.32,15.5,7.82,17.31,15.28,7.82,17.31,12.54,11.03,16.57,12.32,11.07,14.82,0
61545053,NBN,Fibre to the Premises,50/20 Mbps,Exetel,NT + SA,Urban,FALSE,FALSE,cc:fxxxxxx,50.11,36.58,53.11,50.25,45.72,53.04,17.93,17.4,18.46,17.92,17.78,18.11,11.56,11.24,12.32,11.58,11.29,12.32,0
1188445,NBN,Fibre to the Premises,100/20 Mbps,iiNet,VIC,Urban,FALSE,FALSE,b0:exxxxxx,100.05,67.84,107.02,99.72,67.84,107.02,18.69,12.99,19.14,18.74,15.41,19.05,6.21,5.65,20.71,6.26,5.66,7.51,0
4991069,NBN,Fibre to the Node,50/20 Mbps,iiNet,NT + SA,Urban,FALSE,FALSE,34:3xxxxxx,48.87,17.37,52.91,49,45.58,52.85,18.66,11.21,19.03,18.61,15.78,18.95,18.12,14.91,22.29,18.38,14.91,22.15,1.39
6432353,NBN,Fibre to the Node,50/20 Mbps,Aussie Broadband,VIC,Urban,FALSE,FALSE,10:1xxxxxx,53.57,47.38,54.21,53.42,50.25,54.06,18.95,18.61,19.15,18.94,18.65,19.01,8.71,7.87,10.55,8.75,7.89,9.62,0
55458401,NBN fixed wireless,Fixed Wireless,Fixed Wireless Plus 50/10,,VIC,Remote,FALSE,FALSE,28:8xxxxxx,66.59,14.59,80.81,66.08,16.92,80.3,5.56,2.77,8.97,5.04,2.77,6.68,33.3,31.81,37.1,33.52,32.28,37.1,0.1
106456161,NBN,Fibre to the Premises,100/40 Mbps,Exetel,TAS,Urban,FALSE,FALSE,d8:bxxxxxx,105.25,70.68,108.91,104.07,80.75,108.78,37.57,36.09,37.77,37.44,36.09,37.73,11.37,11.27,12.3,11.31,11.27,11.36,0
102021985,NBN,Fibre to the Premises,250/25 Mbps,Dodo & iPrimus,VIC,Urban,FALSE,FALSE,48:bxxxxxx,268.36,241.35,272.71,267.7,241.35,272.71,23.58,22.03,23.73,23.53,22.03,23.69,5.73,3.51,8.55,5.87,3.54,7.69,0.19
55105377,NBN,Hybrid Fibre Coaxial,50/20 Mbps,TPG,VIC,Urban,FALSE,FALSE,d8:4xxxxxx,53.37,45.19,53.67,53.13,45.19,53.67,18.79,18.45,18.87,18.8,18.75,18.87,8.78,8.65,9.29,8.77,8.65,8.98,1.39
1028708,NBN,Fibre to the Node,50/20 Mbps,Superloop,VIC,Urban,FALSE,FALSE,a4:fxxxxxx,53.84,40.64,54.46,53.71,45.34,54.46,5.44,4.74,5.68,5.43,4.95,5.6,11.49,9.09,18.85,11.7,9.52,15.59,0.1
4991077,NBN,Fibre to the Premises,100/20 Mbps,Other RSPs,NT + SA,Urban,FALSE,FALSE,7c:1xxxxxx,92.54,17.14,96.77,88.56,17.14,96.77,18.78,16.59,18.92,18.81,18.64,18.88,13.24,12.93,50.89,14.92,12.98,50.89,0
56963173,NBN very high speed services,Fibre to the Premises,500-990/50 Mbps,Launtel,VIC,Urban,FALSE,FALSE,fc:3xxxxxx,915.47,686.28,923.31,912.17,686.28,921.66,45.87,44.99,46.09,45.84,44.99,45.99,2.79,2.58,3.06,2.81,2.59,2.99,0
1194597,NBN,Fibre to the Premises,50/20 Mbps,Telstra,VIC,Urban,FALSE,FALSE,d4:3xxxxxx,54.41,0.25,55.28,54.09,41.53,55.16,19.07,0.24,19.38,19.06,18.77,19.31,1.99,1.88,2.5,1.98,1.89,2.5,0
116723817,NBN,Fibre to the Premises,250/25 Mbps,Exetel,VIC,Urban,FALSE,FALSE,c8:7xxxxxx,271.32,253.23,272.75,270.91,263.05,272.02,23.66,23.24,23.76,23.62,23.24,23.71,4.71,4.64,6.44,4.71,4.64,5.7,0
48464233,NBN,Fibre to the Node,12/1 Mbps,TPG,TAS,Urban,FALSE,FALSE,28:8xxxxxx,11.92,4.73,12.13,11.79,8.31,12.12,0.98,0.89,1.07,0.98,0.9,1.06,18.97,18.81,50.81,19.71,18.81,50.81,1.58
48464489,NBN,Hybrid Fibre Coaxial,100/20 Mbps,Telstra,VIC,Urban,FALSE,FALSE,a4:9xxxxxx,98.28,53.03,109.3,97.33,53.03,109.3,18.27,4.54,19.01,18.28,4.54,19.01,9.95,9.33,18.01,10.12,9.34,18.01,0
2219369,NBN,Fibre to the Node,100/40 Mbps,Superloop,NT + SA,Urban,FALSE,FALSE,a4:9xxxxxx,97.53,73.64,98.34,97.09,85.04,98.26,37.9,37.16,38.06,37.84,37.16,38.03,19.64,16.48,21.54,19.55,17.37,20.89,0
134674281,NBN fixed wireless,Fixed Wireless,Fixed Wireless Plus 100/20,,TAS,Major Rural,FALSE,FALSE,74:fxxxxxx,94.17,81.11,97.05,94.19,88.68,95.12,7.3,4.28,9.12,6.83,5.46,7.73,38.23,35.77,47.63,38.18,37.1,41.42,0.03
124438635,Non-NBN fixed line services,Fibre to the Premises,50/20 Mbps,,VIC,,FALSE,FALSE,1c:6xxxxxx,52.83,46.64,53.33,52.67,46.64,53.31,19.28,18.49,20.16,19.31,18.74,20.16,3.59,3.43,5.62,3.59,3.46,4.21,0.03
1028716,NBN,Fibre to the Premises,50/20 Mbps,TPG,TAS,Urban,FALSE,FALSE,28:8xxxxxx,52.9,35.84,53.82,51.99,36.14,53.82,16.62,16.05,16.85,16.65,16.3,16.85,16.15,16.05,19.17,16.18,16.05,17.06,0
1188461,NBN,Fibre to the Premises,250/25 Mbps,Telstra,VIC,Urban,FALSE,FALSE,a0:bxxxxxx,272.58,103.19,274.6,270.63,103.19,274.6,23.8,22.68,24.11,23.83,23.67,24.11,5.02,4.37,11.56,5.11,4.38,11.56,0
2227313,NBN,Fibre to the Node,100/20 Mbps,Other RSPs,TAS,Major Rural,TRUE,TRUE,d0:dxxxxxx,54.42,26.96,56.72,52.83,26.96,56.65,15.02,13,15.45,15.11,14.34,15.45,23.83,21,31.27,24.63,22.16,29.03,2.81
23580789,NBN,Hybrid Fibre Coaxial,50/20 Mbps,Optus,VIC,Urban,FALSE,FALSE,e8:fxxxxxx,54.52,47.4,54.86,54.43,50.73,54.84,18.95,18.53,19.02,18.94,18.53,19.02,8.86,8.29,9.97,8.87,8.74,9.3,0
2227317,NBN,Fibre to the Premises,100/40 Mbps,iiNet,TAS,Urban,FALSE,FALSE,44:4xxxxxx,105.35,48.76,108.14,102.98,48.76,108.03,37.95,36.2,38.98,37.88,37.12,38.73,13.72,13.38,15.61,13.94,13.38,15.4,0.03
106456185,NBN very high speed services,Fibre to the Premises,500-990/50 Mbps,Superloop,VIC,Urban,FALSE,FALSE,9c:5xxxxxx,934.5,451.69,936.74,921.46,451.69,936.74,47.43,47.36,47.48,47.43,47.4,47.47,2.1,2.03,4.66,2.15,2.05,4.66,0
30048377,NBN,Fibre to the Node,50/20 Mbps,iiNet,NT + SA,Urban,FALSE,FALSE,08:bxxxxxx,52.87,36.28,53.61,52.04,40.38,53.51,18.81,18.2,19.09,18.77,18.47,18.86,19.75,16.61,22.02,19.71,17.25,22.02,0
101484409,NBN very high speed services,Fibre to the Premises,500-990/50 Mbps,Other RSPs,NT + SA,Urban,FALSE,FALSE,e4:5xxxxxx,752.72,79.75,909.03,685.84,93.82,904.14,45.44,39.55,45.76,45.48,44.77,45.68,12.3,11.24,24.32,12.1,11.24,13.86,0.74
54368889,NBN,Hybrid Fibre Coaxial,100/20 Mbps,Launtel,VIC,Urban,FALSE,FALSE,9e:0xxxxxx,98.27,3.55,106.04,95.89,3.83,105.85,17.91,3.39,18.68,17.58,3.42,18.6,8.58,7.65,536.05,9.35,7.79,18.62,0.15
2565243,NBN,Fibre to the Premises,100/20 Mbps,Launtel,TAS,Urban,FALSE,FALSE,76:axxxxxx,101.66,10.92,106.09,100.93,42.49,105.69,17.97,14.15,18.34,18.06,14.72,18.34,9.05,8.85,21.48,9.14,8.87,11.12,0
117446013,Non-NBN fixed line services,Fibre to the Premises,100/40 Mbps,,VIC,,FALSE,FALSE,a0:bxxxxxx,107.6,86.38,108.91,106.86,88.85,108.87,38.41,36.91,39.83,38.33,36.91,38.48,3.01,2.9,3.81,2.98,2.93,3.06,0
1188477,NBN,Fibre to the Premises,100/40 Mbps,Other RSPs,VIC,Urban,FALSE,FALSE,bc:3xxxxxx,94.62,82.61,96.51,94.33,84.87,96.51,37.87,27.52,38.04,37.88,37.4,38.04,3.48,2.11,5.59,3.69,2.11,5.29,0.77
4991101,NBN,Hybrid Fibre Coaxial,100/40 Mbps,Optus,VIC,Urban,FALSE,FALSE,38:axxxxxx,107.68,42.37,109.91,107.17,86.28,109.31,37.41,36.52,37.71,37.4,36.9,37.54,9.34,8.83,10.15,9.29,8.85,9.6,0
1194621,NBN very high speed services,Fibre to the Premises,500-990/50 Mbps,Superloop,VIC,Urban,FALSE,FALSE,04:4xxxxxx,932.67,920.87,936.35,933.06,921.09,936.28,47.42,47.17,47.53,47.42,47.27,47.47,2.39,2.26,2.91,2.37,2.28,2.5,0
38302845,NBN very high speed services,Hybrid Fibre Coaxial,500-990/50 Mbps,Leaptel,VIC,Urban,FALSE,FALSE,74:axxxxxx,930.33,875.69,935.74,927.9,875.69,935.25,47.27,44.55,47.53,47.12,45.84,47.46,8.38,7.84,9.76,8.45,7.84,9.5,0.06
116680574,NBN,Fibre to the Premises,250/25 Mbps,Exetel,VIC,Urban,FALSE,FALSE,c0:fxxxxxx,271.29,253.58,272.14,271.41,267.28,272.01,23.55,22.21,23.72,23.5,22.21,23.71,3.19,3.07,4.97,3.18,3.08,3.34,0.06
1194623,NBN very high speed services,Fibre to the Premises,500-990/50 Mbps,Other RSPs,VIC,Urban,FALSE,FALSE,d4:9xxxxxx,907.58,18.12,936.44,868.2,18.12,936.39,46.72,4.01,47.89,45.52,4.01,47.71,3.44,3.01,30.41,4.25,3.01,30.41,0.06
130164866,NBN,Fibre to the Premises,100/20 Mbps,Aussie Broadband,VIC,Urban,FALSE,FALSE,9c:5xxxxxx,106.85,76.45,110.26,106.28,76.45,108.67,18.9,17.98,18.99,18.87,17.98,18.99,2.88,2.76,4.28,2.94,2.78,4.01,0.03
106456197,NBN fixed wireless,Fixed Wireless,Fixed Wireless Plus 100/20,,NT + SA,Remote,FALSE,FALSE,e4:fxxxxxx,58.2,12,121.03,40.49,13.04,102.02,6.85,3.12,10.18,5.37,3.12,7.35,69.15,66.53,95.39,69.45,67.3,81.53,0.19
55187593,NBN fixed wireless,Fixed Wireless,Fixed Wireless Plus 100/20,,VIC,Minor Rural,FALSE,FALSE,70:3xxxxxx,112.66,7.01,132.81,112.37,90.17,127.89,16.07,8.98,21.02,15.56,8.98,18.78,40.74,35.07,46.2,40.58,35.15,46.16,0
1195145,NBN,Fibre to the Node,50/20 Mbps,Telstra,VIC,Urban,FALSE,FALSE,d4:3xxxxxx,54.25,44.05,55.23,54.14,47.08,55.19,19.07,18.7,19.38,19.07,18.87,19.22,10.78,8.53,13.9,10.71,8.54,12.69,0
48464265,NBN very high speed services,Hybrid Fibre Coaxial,500-990/50 Mbps,Aussie Broadband,NT + SA,Urban,FALSE,FALSE,e4:3xxxxxx,942.32,913.72,958.26,938.62,913.72,952.5,47.4,41,47.64,47.37,47.02,47.54,15.68,15.55,36.97,15.72,15.56,16.2,1.77
38966409,NBN very high speed services,Fibre to the Premises,500-990/50 Mbps,Aussie Broadband,VIC,Urban,FALSE,FALSE,78:8xxxxxx,933.13,843.21,938.94,932.39,896.84,938.94,47.28,44.48,47.46,47.32,46.96,47.46,2.11,2,2.52,2.1,2,2.29,0
43359117,NBN,Fibre to the Curb,50/20 Mbps,TPG,VIC,Urban,FALSE,FALSE,cc:3xxxxxx,51.65,23.35,53.87,50.97,38.76,53.72,18.59,16.4,18.95,18.56,17.67,18.95,6.47,5.69,16.82,6.84,5.69,11.64,0.03
134674317,NBN,Fibre to the Premises,250/25 Mbps,Leaptel,VIC,Urban,FALSE,FALSE,14:exxxxxx,264.23,242.6,265.82,263.84,242.6,265.28,23.66,23.24,23.8,23.65,23.46,23.76,2.33,2.2,2.54,2.3,2.2,2.54,0
134674318,NBN very high speed services,Fibre to the Premises,500-990/50 Mbps,Other RSPs,VIC,Urban,FALSE,FALSE,24:exxxxxx,923.25,834.22,930.81,918.91,834.22,930.54,45.4,43.72,45.69,45.4,44.79,45.63,1.67,1.52,7.24,1.66,1.54,1.86,0
129106833,NBN very high speed services,Fibre to the Premises,500-990/50 Mbps,Leaptel,VIC,Urban,FALSE,FALSE,c4:axxxxxx,918.03,889.77,921.58,917.33,900.33,921.52,41.69,38.53,47.47,41.57,39.44,47.46,2.41,2.28,2.8,2.37,2.28,2.64,0
23989137,NBN,Hybrid Fibre Coaxial,50/20 Mbps,Dodo & iPrimus,VIC,Urban,FALSE,FALSE,50:7xxxxxx,52.94,32.36,54.1,52.29,45.18,54.1,18.81,17.93,18.91,18.75,17.93,18.91,8.21,8.04,19.41,8.39,8.07,18.64,0.35
58141329,NBN,Fibre to the Premises,100/20 Mbps,Launtel,TAS,Urban,FALSE,FALSE,08:bxxxxxx,102.92,26.52,105.91,102.49,79.78,105.65,18.21,17.79,18.34,18.17,17.79,18.34,9.56,9.45,21.94,9.8,9.46,21.94,0.04
28131217,NBN fixed wireless,Fixed Wireless,25/5 Mbps,,VIC,Remote,FALSE,FALSE,9c:axxxxxx,24.14,7.98,26.66,23.25,7.98,26.44,4.38,1.27,4.74,4.48,3.98,4.72,45.26,42.48,56.18,45.41,42.79,50.76,0
125662353,NBN,Fibre to the Premises,50/20 Mbps,Exetel,VIC,Urban,FALSE,FALSE,78:8xxxxxx,54.12,36.76,55.12,53.84,36.76,54.84,18.93,16.56,19.01,18.93,18.2,19,2.85,2.78,5.47,2.88,2.78,5.12,0
129106835,NBN Satellite Services,Satellite,100/10 Mbps,,QLD,Major Rural,FALSE,FALSE,9c:axxxxxx,56.75,9.85,108.78,35.03,9.85,102.18,14.4,4.51,19.75,12.62,4.51,17.19,657.4,626.29,723.44,665.58,638.81,707.55,0.19
107095957,NBN very high speed services,Hybrid Fibre Coaxial,500-990/50 Mbps,Aussie Broadband,VIC,Urban,FALSE,FALSE,24:5xxxxxx,932.22,835.12,944.77,930.85,877.04,944.77,46.38,36.99,47.49,47.21,46.7,47.41,8.03,7.47,16.48,8.19,7.59,9.79,0.1
48666773,NBN,Hybrid Fibre Coaxial,100/20 Mbps,Telstra,NT + SA,Urban,FALSE,FALSE,d4:3xxxxxx,108.51,82.98,109.73,108.67,102.66,109.33,18.91,17.03,19.22,18.96,18.47,19.19,17.29,16.37,22.03,17.25,16.38,20.02,0.03
112480918,NBN,Fibre to the Premises,100/20 Mbps,Other RSPs,TAS,Urban,FALSE,FALSE,e8:9xxxxxx,106.03,71.6,108.87,105.81,88.34,108.87,18.96,18.62,19.02,18.94,18.62,19,13.66,12.42,15.25,13.73,12.43,14.84,0
116680600,NBN,Fibre to the Curb,50/20 Mbps,Dodo & iPrimus,VIC,Urban,FALSE,FALSE,60:0xxxxxx,52.61,36.1,53.42,52.38,40.76,53.42,18.83,14.64,18.92,18.85,18.77,18.92,5.89,5.68,8.28,5.85,5.69,6.13,0.1
6986393,NBN,Fibre to the Node,100/40 Mbps,iiNet,NT + SA,Urban,FALSE,FALSE,10:1xxxxxx,99.66,80.39,99.92,99.6,95.3,99.89,37.16,36.73,37.88,37.16,36.73,37.61,20.89,16.69,24.38,20.82,18.33,22.33,0
134533274,NBN very high speed services,Fibre to the Premises,500-990/50 Mbps,Launtel,VIC,Urban,FALSE,FALSE,78:9xxxxxx,912.54,488.13,922.09,908.13,824.17,920.68,47.39,46.56,47.54,47.39,47.21,47.51,2.31,2.15,2.5,2.25,2.16,2.33,0
22158493,NBN,Fibre to the Curb,50/20 Mbps,Telstra,VIC,Urban,FALSE,FALSE,a4:9xxxxxx,54.5,46.74,55.21,54.52,53.44,55.01,19.08,18.51,19.38,19.08,18.72,19.34,6.53,6.42,7.78,6.49,6.44,6.97,0
49824669,NBN very high speed services,Fibre to the Premises,500-990/50 Mbps,Other RSPs,VIC,Urban,FALSE,FALSE,9e:0xxxxxx,936.36,918.86,944.56,936.08,920.18,943.98,47.36,46.12,47.66,47.38,47.13,47.44,2.28,2.1,2.5,2.26,2.13,2.38,0
31031965,NBN,Hybrid Fibre Coaxial,50/20 Mbps,Vodafone,VIC,Urban,FALSE,FALSE,74:4xxxxxx,53.13,38.27,53.93,53.19,39.05,53.86,18.94,18.15,19.02,18.92,18.64,19.01,12.07,11.77,17.72,12.05,11.77,13.94,0.03
2211231,NBN fixed wireless,Fixed Wireless,12/1 Mbps,,TAS,Remote,FALSE,FALSE,78:axxxxxx,10.11,3.86,12.74,10.12,5.25,12.7,0.94,0.5,0.98,0.95,0.93,0.97,46.75,43.14,93.92,46.93,44.43,53.87,0.1
127446176,NBN,Fibre to the Premises,250/25 Mbps,Telstra,VIC,Urban,FALSE,FALSE,68:3xxxxxx,208.14,24.41,251.6,194.73,61.35,251.6,20.25,18.87,21.49,20.28,19.62,20.98,2.32,2.17,2.47,2.3,2.17,2.4,0.06
31174817,NBN fixed wireless,Fixed Wireless,Fixed Wireless Plus 100/20,,VIC,Remote,FALSE,FALSE,9c:0xxxxxx,88.14,7.38,128.26,69.05,17.56,117.2,8.19,2.17,14.38,5.84,2.61,11.84,38.23,34.55,56.16,39.86,35.88,56.16,0
2142625,NBN very high speed services,Fibre to the Premises,500-990/50 Mbps,Other RSPs,VIC,Urban,FALSE,TRUE,40:9xxxxxx,202.84,164.93,207.09,202.89,193.96,207.09,47.14,22.97,47.2,47.14,47.08,47.18,2.12,1.95,2.49,2.13,1.95,2.46,0.03
2211233,NBN,Fibre to the Premises,50/20 Mbps,Dodo & iPrimus,NT + SA,Urban,FALSE,FALSE,60:1xxxxxx,52.92,42.76,54.23,52.33,42.76,53.87,18.81,17.58,18.89,18.77,17.97,18.85,13.72,11.2,18.68,13.77,11.21,17.76,0
1188515,NBN,Fibre to the Node,25/5 Mbps,Telstra,NT + SA,Major Rural,FALSE,FALSE,10:1xxxxxx,26.75,5.16,27.47,26.93,22.2,27.47,4.9,0.9,5.39,4.8,0.9,5.39,25.29,22.71,111.73,26.35,22.84,111.73,0
28131237,NBN,Hybrid Fibre Coaxial,25/10 Mbps,Dodo & iPrimus,VIC,Urban,FALSE,FALSE,bc:3xxxxxx,26.48,19.63,26.73,26.25,21.84,26.72,9.42,9.06,9.5,9.4,9.06,9.47,7.77,7.46,8.55,7.78,7.46,8.5,0.52
45564837,NBN,Hybrid Fibre Coaxial,100/20 Mbps,Aussie Broadband,VIC,Urban,FALSE,FALSE,48:fxxxxxx,108.03,98.2,109.19,108.08,99.15,108.68,18.89,16.3,19.01,18.89,18.3,19,10.85,7.82,21.47,10.82,7.82,11.49,0
48464549,NBN,Hybrid Fibre Coaxial,50/20 Mbps,Other RSPs,VIC,Urban,FALSE,FALSE,08:3xxxxxx,47.65,20.39,48.49,47.58,38.65,48.25,18.72,17.12,18.91,18.63,17.12,18.91,8.42,7.8,49.63,8.7,7.8,11.47,0.27
6986405,NBN,Hybrid Fibre Coaxial,50/20 Mbps,Aussie Broadband,VIC,Urban,FALSE,FALSE,c4:exxxxxx,53.64,46.58,54.16,53.53,48.43,53.97,18.93,18.18,19.03,18.9,18.56,19,8.19,8.01,10.51,8.19,8.03,10.51,0
1354405,NBN,Fibre to the Premises,100/20 Mbps,Telstra,VIC,Urban,FALSE,FALSE,d8:dxxxxxx,107.16,85.49,110.9,106.27,87.12,109.77,18.79,16.36,19.16,18.77,17.2,19.07,11.33,9.63,204.26,11.8,9.63,18.77,0
39774629,NBN,Fibre to the Premises,50/20 Mbps,Telstra,NT + SA,Urban,FALSE,FALSE,d4:3xxxxxx,53.56,15.91,55.45,53.77,44.88,55.07,17.25,13.63,17.45,17.37,16.86,17.44,46.46,45.63,58.08,46.48,46.24,53.7,0
55458217,NBN,Fibre to the Node,25/10 Mbps,Aussie Broadband,NT + SA,Urban,FALSE,FALSE,e0:2xxxxxx,25.13,14.43,27.3,24.47,14.43,27.28,6.34,4.65,6.71,6.33,5.1,6.61,20.61,16.47,43.94,21.51,17.15,26.26,0
48464297,NBN very high speed services,Hybrid Fibre Coaxial,500-990/50 Mbps,Aussie Broadband,VIC,Urban,FALSE,FALSE,78:8xxxxxx,659.68,3.14,945.93,756.65,27.48,945.93,43.05,1,47.49,44.66,35.95,47.49,8.8,7.87,15.85,8.43,7.87,11.04,0.32
126632618,NBN,Fibre to the Premises,100/20 Mbps,Optus,VIC,Major Rural,FALSE,FALSE,4c:2xxxxxx,109.17,103.16,111.15,109.01,106.1,109.31,19.09,18.87,19.31,19.04,18.87,19.29,13.78,5.73,27.79,14.16,5.73,26.12,0
55187117,NBN,Fibre to the Premises,100/20 Mbps,Superloop,NT + SA,Urban,FALSE,FALSE,e4:5xxxxxx,94.23,70.05,108.72,88.59,70.05,108.69,18.98,18.21,19.26,18.96,18.3,19.25,13.64,13.47,13.85,13.62,13.47,13.73,0
97491373,NBN,Fibre to the Node,50/20 Mbps,Dodo & iPrimus,TAS,Urban,FALSE,FALSE,14:5xxxxxx,53.19,42.22,54.04,52.88,42.22,54,9.71,7.43,10.56,9.77,9.15,10.56,19.98,14.51,23.47,20.08,18.34,23.47,0
134533293,NBN very high speed services,Fibre to the Premises,500-990/50 Mbps,Superloop,VIC,Urban,FALSE,FALSE,60:bxxxxxx,914.18,811.17,917.4,914.03,863.63,917.4,43.28,39.32,43.49,43.35,42.04,43.49,3.84,3.67,58.97,4.94,3.68,58.97,0.06
2521519,NBN,Fibre to the Premises,100/20 Mbps,Aussie Broadband,VIC,Urban,FALSE,FALSE,d0:dxxxxxx,108.52,99.08,110.35,108.3,99.08,109.98,18.96,18.78,19.02,18.95,18.88,19.02,2.86,2.8,2.94,2.84,2.8,2.89,0
134533296,NBN very high speed services,Fibre to the Premises,500-990/50 Mbps,Leaptel,VIC,Urban,FALSE,FALSE,b0:1xxxxxx,924.78,597.74,934.96,909.82,597.74,934.96,47.36,44.87,47.47,47.27,46.41,47.46,2.14,1.95,3.37,2.12,2.01,2.32,0
4991153,NBN,Fibre to the Curb,50/20 Mbps,Optus,VIC,Urban,FALSE,FALSE,f4:6xxxxxx,54.7,45.98,55.49,54.68,51.86,55.12,18.81,18.23,18.93,18.8,18.51,18.83,7.09,6,8.92,7.11,6.58,8.92,0
106456241,NBN very high speed services,Hybrid Fibre Coaxial,500-990/50 Mbps,Other RSPs,VIC,Urban,FALSE,FALSE,94:8xxxxxx,917.61,632.9,927.35,907.97,659.76,926.8,46.86,39.37,47.32,46.92,46.04,47.15,9.51,8.93,11.29,9.57,9.1,10.34,0
118699442,NBN very high speed services,Fibre to the Premises,500-990/50 Mbps,Launtel,VIC,Urban,FALSE,FALSE,70:axxxxxx,787.28,54.94,865.69,787.74,509.21,854.42,42.87,38.25,43.06,42.71,39.01,43.04,2.81,2.73,3.04,2.79,2.73,2.96,0
114331315,Non-NBN fixed line services,Fibre to the Premises,100/40 Mbps,,VIC,,FALSE,FALSE,20:exxxxxx,107.86,82.37,108.89,106.62,82.37,108.89,39.2,38.86,39.5,39.18,38.95,39.29,2.57,2.39,5.25,2.56,2.4,3.49,0
48464309,NBN,Fibre to the Premises,25/10 Mbps,Other RSPs,VIC,Urban,FALSE,FALSE,48:dxxxxxx,27.16,21.24,27.41,27.16,24.06,27.4,9.47,8.51,9.52,9.45,8.51,9.52,3.68,3.44,7.9,3.64,3.5,3.8,0
3880889,NBN,Fibre to the Curb,100/40 Mbps,Aussie Broadband,VIC,Urban,FALSE,FALSE,90:exxxxxx,106.45,69.69,109.48,106.04,89.66,108.77,37.82,28.94,38.02,37.74,37.05,37.96,4.66,4.53,8.42,4.69,4.54,6.16,0
2521531,NBN,Fibre to the Premises,50/20 Mbps,Telstra,VIC,Urban,FALSE,FALSE,a0:bxxxxxx,54.16,39.5,55.08,53.55,39.5,54.86,18.86,14.15,19.18,18.82,16.67,18.99,3.46,3.33,61.65,3.61,3.34,12.01,0
23989181,NBN very high speed services,Fibre to the Premises,500-990/50 Mbps,Superloop,VIC,Urban,FALSE,FALSE,76:axxxxxx,933.17,629.78,939.44,931.59,832.11,938.57,47.35,35.57,47.49,47.32,45.86,47.47,1.82,1.71,3.11,1.81,1.71,2.02,0.1
118699453,NBN,Fibre to the Node,50/20 Mbps,Other RSPs,VIC,Urban,FALSE,FALSE,a0:bxxxxxx,54.23,46.43,55.26,54.21,46.43,55.14,0.94,0.15,15.35,0.58,0.16,15.18,12.47,10.36,18.13,12.57,11.53,18.13,0.06
3880893,NBN fixed wireless,Fixed Wireless,Fixed Wireless Plus 100/20,,TAS,Remote,FALSE,FALSE,00:1xxxxxx,138.81,70.42,145.03,136.12,70.42,142.53,19.79,10.39,21.91,18.68,12.65,20.23,46.8,42.06,98.23,45.78,42.8,48.13,0.13
6986429,NBN fixed wireless,Fixed Wireless,Fixed Wireless Plus 100/20,,NT + SA,Remote,FALSE,FALSE,10:1xxxxxx,116.85,2.2,142.44,114.86,6.55,141.6,17.3,13.01,20.48,16.3,13.11,19.28,49.16,45.53,58.11,49.23,45.76,51.56,0.06
2219455,NBN,Fibre to the Premises,50/20 Mbps,iiNet,TAS,Urban,FALSE,FALSE,a4:9xxxxxx,52.82,20.15,53.6,52.25,20.15,53.53,18.8,17.92,18.9,18.79,18.23,18.9,14.24,14.1,16.48,14.21,14.12,14.37,0
66082753,NBN,Fibre to the Premises,100/20 Mbps,Telstra,VIC,Urban,FALSE,FALSE,a0:bxxxxxx,108.08,85.15,110.59,107.62,85.15,110.09,18.97,17.09,19.24,18.96,18.74,19.09,2.02,1.84,8.84,2.02,1.84,2.92,0.04
4329669,NBN very high speed services,Fibre to the Premises,500-990/50 Mbps,Aussie Broadband,VIC,Urban,FALSE,FALSE,cc:fxxxxxx,913.21,871.71,925.22,909.97,878.23,922.06,47.29,46.74,47.41,47.16,46.74,47.38,2.39,2.23,2.73,2.35,2.28,2.44,0
28131273,NBN,Fibre to the Node,50/20 Mbps,Telstra,VIC,Urban,FALSE,FALSE,d4:3xxxxxx,53.74,38.49,55.07,52.79,41.58,54.95,19.04,17.72,19.39,19.01,17.72,19.26,10.73,7.82,15.51,11.26,8.54,15.24,0
1347785,NBN,Hybrid Fibre Coaxial,50/20 Mbps,Telstra,VIC,Urban,FALSE,FALSE,90:axxxxxx,54.01,42.97,54.83,53.84,47.15,54.64,18.77,4.92,19.08,18.78,18.56,19.05,8.99,8.69,14.35,9.05,8.7,14.35,0
124146122,NBN,Fibre to the Node,25/10 Mbps,Dodo & iPrimus,VIC,Urban,FALSE,FALSE,20:6xxxxxx,26.58,15.29,27.19,26.14,15.84,27.19,9.42,8.78,9.49,9.42,9.22,9.48,6.42,6.24,17.63,6.61,6.27,17.63,0
2260939,NBN,Fibre to the Premises,100/40 Mbps,TPG,NT + SA,Urban,FALSE,FALSE,60:0xxxxxx,107.69,92.13,108.3,107.45,92.13,108.01,37.72,37.07,37.8,37.73,37.64,37.78,12.02,11.53,14.54,11.91,11.56,13.46,0
131289292,NBN,Fibre to the Premises,250/25 Mbps,Leaptel,VIC,Urban,FALSE,FALSE,d4:3xxxxxx,266.09,253.61,267.32,265.06,260.13,266.58,23.81,23.62,23.94,23.82,23.78,23.86,3.03,2.79,16.07,3.86,2.82,16.07,0
11285709,NBN,Hybrid Fibre Coaxial,50/20 Mbps,Vodafone,VIC,Urban,FALSE,FALSE,a4:9xxxxxx,53.13,42.97,54.19,52.77,42.97,54.05,18.62,17.38,19.31,18.62,17.92,19.29,8.31,7.98,12,8.53,7.98,12,0.87
131289293,NBN very high speed services,Fibre to the Premises,500-990/50 Mbps,Launtel,VIC,Urban,FALSE,FALSE,da:bxxxxxx,916.37,646.67,922.5,909.84,648.38,922.19,47.38,29.23,47.48,47.33,44.91,47.48,2.19,2.11,4.26,2.22,2.12,4.26,0
39357133,NBN,Fibre to the Node,50/20 Mbps,Aussie Broadband,VIC,Urban,FALSE,FALSE,f8:cxxxxxx,53.73,43.27,54.31,53.55,48.11,54.24,17.77,16.88,18.39,17.82,17.03,18.39,10.44,8.89,14.17,10.43,8.95,11.22,0
49590477,NBN,Hybrid Fibre Coaxial,50/20 Mbps,Dodo & iPrimus,VIC,Urban,FALSE,FALSE,f8:cxxxxxx,53.08,45.68,53.34,53.08,50.11,53.34,18.81,14.89,18.91,18.82,18.67,18.91,7.82,7.6,8.65,7.78,7.62,8.29,0.03
1029327,NBN,Fibre to the Premises,100/20 Mbps,Other RSPs,TAS,Urban,FALSE,FALSE,34:3xxxxxx,95.54,48.93,97.28,95.31,85.23,96.5,18.91,17.8,19.13,18.88,18.15,19.13,15.48,13.56,18.66,15.55,15.17,18.17,0.16
97491409,NBN,Fibre to the Node,50/20 Mbps,TPG,VIC,Urban,TRUE,TRUE,28:exxxxxx,31.83,14.87,32.41,31.53,14.87,32.4,9.81,8.58,11.64,9.75,8.58,10.55,12.25,7.39,15.36,12.2,10.36,14.21,0
81381585,Non-NBN fixed line services,Fibre to the Premises,50/20 Mbps,,NT + SA,,FALSE,FALSE,a0:6xxxxxx,53.92,0.14,54.28,52.07,0.14,54.26,18.25,0.13,18.34,17.71,0.13,18.34,12.49,12.13,131.71,12.46,12.24,13.19,0.84
81885653,Non-NBN fixed line services,Fibre to the Premises,250/25 Mbps,,VIC,,FALSE,FALSE,b0:axxxxxx,122.85,80,282.59,117.91,80,282.22,22.9,21.02,23.13,22.87,22.4,23.09,3,2.93,5.07,2.99,2.93,3.28,0.77
22865877,NBN,Hybrid Fibre Coaxial,50/20 Mbps,Aussie Broadband,VIC,Urban,FALSE,FALSE,cc:4xxxxxx,53.9,51.57,54.26,53.9,52.68,54.02,18.94,18.18,19.01,18.92,18.51,18.99,8.36,8.25,9.41,8.33,8.25,8.43,0.19
129577436,NBN very high speed services,Fibre to the Premises,500-990/50 Mbps,Leaptel,VIC,Urban,FALSE,FALSE,30:3xxxxxx,932.49,883.92,935.28,932.76,905.72,935.28,47.26,42.02,47.47,47.27,43.8,47.45,1.97,1.79,2.09,1.93,1.79,2.05,0
4719069,NBN very high speed services,Fibre to the Premises,500-990/50 Mbps,Superloop,VIC,Urban,FALSE,FALSE,50:2xxxxxx,919.96,586.88,936.66,906.52,661.72,936.59,47.06,42.16,47.47,46.74,42.16,47.42,2.35,2.19,3.93,2.44,2.22,3.09,0.1
31764189,NBN,Fibre to the Node,25/10 Mbps,Superloop,VIC,Minor Rural,TRUE,FALSE,cc:2xxxxxx,20.74,17.13,21.4,20.69,17.88,21.11,5.26,4.22,6.47,5.29,4.7,6.25,15.18,10.49,18.26,15.1,13.5,16.83,0.13
119120094,NBN,Fibre to the Node,100/40 Mbps,Leaptel,VIC,Urban,FALSE,FALSE,00:dxxxxxx,101.57,42.74,105.71,98,52.95,105.69,36.96,29.42,37.98,36.36,29.42,37.95,8.71,6.56,37.4,9.93,7.31,30.74,0.1
1347807,NBN,Fibre to the Node,50/20 Mbps,Dodo & iPrimus,VIC,Urban,FALSE,FALSE,50:cxxxxxx,50.83,23.76,52.69,50.29,29.07,52.67,13.03,12.18,15.46,12.83,12.25,15.26,12.4,8.89,17.99,12.41,9.79,17.99,0.1
1029345,NBN very high speed services,Fibre to the Premises,500-990/50 Mbps,Other RSPs,VIC,Urban,FALSE,FALSE,40:exxxxxx,930.63,916.81,932.64,930.2,919.35,932.33,47.11,46.72,47.18,47.09,46.72,47.17,3.45,3.11,3.93,3.51,3.15,3.92,0
59686113,NBN very high speed services,Fibre to the Premises,500-990/50 Mbps,Launtel,VIC,Urban,FALSE,FALSE,3c:7xxxxxx,908.46,396.91,922.02,884.31,396.91,921.15,45.8,43.86,46.07,45.77,45.41,46.05,2.82,2.69,5.32,2.99,2.69,5.16,0
135073764,NBN,Hybrid Fibre Coaxial,25/10 Mbps,Aussie Broadband,NT + SA,Urban,FALSE,FALSE,f8:cxxxxxx,27.14,24.76,27.54,27.11,24.76,27.44,9.45,8.54,9.56,9.46,8.98,9.52,17.97,17.85,35.82,17.94,17.85,19.33,0
3880933,NBN,Fibre to the Premises,50/20 Mbps,Exetel,VIC,Urban,FALSE,FALSE,c8:9xxxxxx,54.01,44.03,54.46,53.92,46.17,54.43,18.83,18.3,18.9,18.8,18.49,18.89,2.79,2.73,3.28,2.77,2.73,3.28,0.03
55276773,NBN,Fibre to the Node,50/20 Mbps,Dodo & iPrimus,NT + SA,Urban,FALSE,FALSE,f8:cxxxxxx,53.18,32.47,53.5,52.69,32.47,53.45,18.86,18.68,18.95,18.86,18.68,18.95,19.44,15.43,29.75,19.71,15.44,29.75,0
56963049,NBN,Fibre to the Curb,100/40 Mbps,Optus,VIC,Urban,FALSE,FALSE,5c:bxxxxxx,108.65,92.41,110.06,107.98,95.21,110.06,37.45,36.15,38.17,37.38,36.15,37.78,6.64,5.91,8.49,6.7,5.91,8.49,0
1347817,NBN,Fibre to the Node,50/20 Mbps,TPG,VIC,Major Rural,FALSE,FALSE,68:fxxxxxx,53.61,44.29,53.85,53.44,44.29,53.82,18.81,18.54,18.98,18.8,18.54,18.92,15.16,13.35,21.44,15.03,13.35,21.38,0
22865897,NBN,Fibre to the Premises,100/20 Mbps,Superloop,VIC,Urban,FALSE,FALSE,10:1xxxxxx,109.3,106.94,109.41,109.29,109.06,109.39,18.97,18.07,19.07,18.96,18.81,19.02,2.08,2.04,2.13,2.07,2.04,2.12,0
122214123,NBN,Hybrid Fibre Coaxial,100/20 Mbps,TPG,VIC,Urban,FALSE,FALSE,4c:exxxxxx,107.07,48.95,108.31,106.94,89.73,108.31,18.76,0.16,18.86,18.77,17.71,18.86,8.33,8.14,8.92,8.39,8.19,8.82,1.58
132047595,NBN very high speed services,Fibre to the Premises,500-990/50 Mbps,Leaptel,VIC,Urban,FALSE,FALSE,c0:0xxxxxx,928.75,749.59,935.07,925.04,826.12,934.74,47.4,35.84,47.48,47.42,47.27,47.46,2.43,2.28,3.17,2.41,2.32,2.74,0
4991213,NBN,Hybrid Fibre Coaxial,100/20 Mbps,Telstra,VIC,Urban,FALSE,FALSE,bc:3xxxxxx,108.83,0.26,109.69,108.85,104.53,109.52,18.79,1.54,18.88,18.81,18.75,18.87,10.46,9.89,208.34,11.76,9.89,118.27,1.81
95590381,NBN fixed wireless,Fixed Wireless,Fixed Wireless Plus 100/20,,NT + SA,Remote,FALSE,FALSE,f8:cxxxxxx,63.29,1.4,142.95,59.55,1.4,137.04,8.06,1.16,19.92,7.15,1.16,13.13,41.02,38.03,72.34,43.87,38.03,72.34,0.23
45887729,NBN very high speed services,Fibre to the Premises,500-990/50 Mbps,Superloop,VIC,Urban,FALSE,FALSE,c8:9xxxxxx,937.23,924.94,938.17,937.04,932.64,937.88,47.41,47.03,47.56,47.41,47.1,47.49,1.73,1.61,1.89,1.7,1.61,1.8,0
54645233,NBN very high speed services,Hybrid Fibre Coaxial,500-990/50 Mbps,Superloop,VIC,Urban,FALSE,FALSE,54:axxxxxx,924.74,88.8,937,889.6,88.8,936.49,46.25,44.86,47.08,46.27,45.59,46.84,2.2,2.08,5.01,2.25,2.1,5.01,0
2260981,NBN,Fibre to the Premises,250/25 Mbps,Leaptel,VIC,Urban,FALSE,FALSE,24:4xxxxxx,263.84,245.98,265.42,263.57,259.04,265.06,22.68,21.93,23,22.75,22.53,22.89,2.26,2.11,8.31,2.58,2.13,8.31,0.21
53382905,NBN,Hybrid Fibre Coaxial,250/25 Mbps,Leaptel,VIC,Urban,FALSE,FALSE,76:axxxxxx,264.33,216.87,266.5,262.7,241.35,266.48,23.66,19.88,23.97,23.68,22.88,23.83,8.43,8.05,19.06,8.36,8.1,10.11,0
31764217,NBN,Hybrid Fibre Coaxial,250/25 Mbps,Vodafone,VIC,Urban,FALSE,FALSE,d8:4xxxxxx,270.38,238.26,271.73,269.82,238.26,271.11,23.81,23.12,23.91,23.8,23.53,23.86,8.91,8.65,9.76,8.93,8.76,9.3,0.03
131627514,NBN fixed wireless,Fixed Wireless,Fixed Wireless Plus 100/20,,NT + SA,Minor Rural,FALSE,FALSE,e0:bxxxxxx,139.14,89.08,141.55,139.75,134.22,140.72,16.13,9.16,18.65,14.47,9.16,16.93,40.55,38.15,44.05,40.52,38.88,41.65,0.03
116906748,NBN,Fibre to the Premises,250/25 Mbps,Dodo & iPrimus,VIC,Urban,FALSE,FALSE,9c:axxxxxx,265.97,234.28,266.82,265.87,258.54,266.76,23.65,17.77,23.75,23.63,23.4,23.7,3.14,3.01,3.33,3.1,3.01,3.3,0
74079485,NBN,Fibre to the Node,15/5 Mbps,Dodo & iPrimus,VIC,Urban,FALSE,FALSE,3c:5xxxxxx,15.31,5.18,16.07,15.43,8.76,16.05,4.65,4.26,4.87,4.66,4.43,4.87,11.31,7.99,27.94,11.5,9.05,26.74,0.06
82211325,NBN,Fibre to the Premises,50/20 Mbps,Superloop,NT + SA,Urban,FALSE,FALSE,0c:8xxxxxx,53.77,36.43,55.4,53.87,45.93,55.4,18.85,13.58,19.19,18.83,16.53,18.99,11.27,11.17,22.36,11.42,11.17,17.16,0.03
31032061,NBN,Hybrid Fibre Coaxial,50/20 Mbps,Optus,VIC,Urban,FALSE,FALSE,ec:bxxxxxx,54.49,46.45,55.2,54.37,46.45,54.7,18.49,13.67,19.28,18.53,16.79,19.11,12.4,11.1,13.78,12.4,11.55,13.22,0.03
2535421,NBN,Fibre to the Premises,250/25 Mbps,TPG,NT + SA,Urban,FALSE,FALSE,90:9xxxxxx,268.04,259.67,269.67,268.32,265.47,269.65,23.65,23.13,23.93,23.65,23.13,23.93,63.72,43.16,86.22,62.11,43.16,86.17,0.07
102021885,NBN,Hybrid Fibre Coaxial,100/40 Mbps,Other RSPs,VIC,Urban,FALSE,FALSE,80:2xxxxxx,96.04,63.3,97.02,95.53,63.3,96.81,37.49,30.21,37.81,37.38,36.54,37.69,8.93,8.39,12.17,9.54,8.59,12.04,0.1
22865917,NBN very high speed services,Fibre to the Premises,500-990/50 Mbps,Other RSPs,VIC,Urban,FALSE,FALSE,d4:9xxxxxx,933.48,898.8,935.52,933.18,909.59,935.52,47.58,47.01,47.92,47.57,47.05,47.81,2.31,2.12,28.25,2.28,2.15,2.42,0.03
2975231,NBN very high speed services,Fibre to the Premises,500-990/50 Mbps,Aussie Broadband,VIC,Urban,FALSE,FALSE,a8:4xxxxxx,935.12,867.21,937.07,935.1,927.73,936.92,47.39,46.91,47.54,47.39,47.31,47.5,2.55,2.49,3.32,2.53,2.49,2.56,0
125033983,NBN,Fibre to the Curb,50/20 Mbps,TPG,VIC,Urban,FALSE,FALSE,6c:5xxxxxx,53.11,40.17,53.59,52.79,40.23,53.53,18.84,18.44,18.93,18.84,18.5,18.93,4.57,4.45,5.31,4.55,4.45,5.13,0
48370433,NBN fixed wireless,Fixed Wireless,Fixed Wireless Home Fast 250/20,,VIC,Remote,FALSE,FALSE,ac:8xxxxxx,150.99,11.92,239.1,114.66,30.32,214.58,13.26,3.85,20.91,8.92,4.12,15.9,42.7,35.63,68.3,44.52,38.62,62.86,0
5106689,NBN,Hybrid Fibre Coaxial,100/40 Mbps,Dodo & iPrimus,QLD,Urban,FALSE,FALSE,80:6xxxxxx,106.73,86.28,108.7,106.09,86.28,107.51,37.59,33.74,37.79,37.65,36.89,37.79,9.75,8.61,12.23,9.81,8.68,11.14,0
4329477,NBN,Fibre to the Premises,50/20 Mbps,Exetel,NSW,Urban,FALSE,FALSE,74:dxxxxxx,53.41,35.94,54.54,53.08,39.11,54.54,18.55,17.45,18.89,18.58,17.72,18.89,12.18,11.87,20.62,12.21,11.87,14.6,0
39357189,NBN,Fibre to the Premises,100/20 Mbps,Aussie Broadband,QLD,Urban,FALSE,FALSE,14:2xxxxxx,97.51,57.13,107.03,96.68,62.32,107,17.84,11.34,19.15,18.28,13.76,19.13,2.88,2.75,5.24,2.92,2.78,5.24,0.13
134710025,NBN,Hybrid Fibre Coaxial,50/20 Mbps,Leaptel,WA,Urban,FALSE,FALSE,84:dxxxxxx,53.34,33.92,54.17,52.72,44.22,53.97,18.75,18.37,18.96,18.77,18.47,18.92,9.14,9.02,9.86,9.17,9.05,9.76,0.06
127924745,NBN Satellite Services,Satellite,100/10 Mbps,,TAS,Major Rural,FALSE,FALSE,58:dxxxxxx,64.59,12.49,111.57,46.36,15.91,101.95,7.53,1.32,12.78,5.08,1.32,9.62,626.19,602.15,687.17,630.65,609.05,660.38,0.03
24454669,Starlink,Satellite,100/50 Mbps,Starlink,WA,,FALSE,FALSE,24:exxxxxx,174.82,27.35,271.12,171.95,27.35,262.92,29.45,10.35,54.86,28.75,10.35,47.3,30.11,26.73,36.19,30.78,28.57,32.79,0.23
46192909,NBN,Fibre to the Node,100/20 Mbps,Superloop,NSW,Urban,FALSE,FALSE,3c:8xxxxxx,102.79,82.04,104.84,101.41,82.04,104.79,18.92,16.2,19.18,18.81,16.2,19.18,12.96,7.43,15.46,13.03,10.05,15.34,0.29
31032081,NBN,Fibre to the Premises,100/20 Mbps,TPG,QLD,Urban,FALSE,FALSE,74:fxxxxxx,107.44,96.64,108.26,107.02,96.64,108,18.84,18.64,18.9,18.83,18.68,18.88,3.31,3.24,3.63,3.32,3.27,3.53,0.06
59686161,Non-NBN fixed line services,Fibre to the Premises,25/5 Mbps,,ACT,,FALSE,FALSE,a0:6xxxxxx,27.82,18.33,28.38,27.48,20.67,28.29,4.07,3.66,4.51,4.06,3.66,4.41,6.73,6.3,11.48,6.84,6.3,10.74,0.03
22865937,NBN very high speed services,Hybrid Fibre Coaxial,500-990/50 Mbps,Aussie Broadband,WA,Urban,FALSE,FALSE,72:axxxxxx,938.51,708.88,947.49,934.92,708.88,945.8,47.33,45.82,47.53,47.35,47.03,47.48,7.94,7.74,11.52,7.98,7.76,8.41,0.06
5106705,NBN,Fibre to the Premises,50/20 Mbps,Telstra,TAS,Urban,FALSE,FALSE,a4:9xxxxxx,52.69,35.41,54.93,51.62,35.41,54.85,19.03,18.11,19.25,18.95,18.11,19.21,12.41,11.98,18.69,12.86,12.1,18.5,0
53382937,NBN,Fibre to the Premises,50/20 Mbps,iiNet,WA,Urban,FALSE,FALSE,a4:9xxxxxx,52.61,30.58,53.99,52.19,39.59,53.86,18.91,17.7,19.13,18.94,18.69,19.13,3.22,2.81,6.16,3.6,2.9,6.07,0
102021913,NBN very high speed services,Fibre to the Premises,500-990/50 Mbps,Launtel,NSW,Urban,FALSE,FALSE,10:0xxxxxx,914.1,461,922.26,896.18,461,920.95,45.84,43.18,46.13,45.8,43.74,46.09,2.17,1.94,2.48,2.16,2.03,2.39,0
3880989,NBN,Fibre to the Node,50/20 Mbps,Other RSPs,NSW,Urban,TRUE,TRUE,a0:0xxxxxx,30.34,24.44,30.85,30.14,24.44,30.83,5.69,4.86,5.93,5.66,4.91,5.91,11.85,9.08,14.35,11.79,9.57,14.14,0.23
53382941,NBN,Fibre to the Premises,100/20 Mbps,TPG,NSW,Urban,FALSE,FALSE,24:2xxxxxx,107.01,90.29,108.09,107.05,99.68,108.06,18.83,18.33,19.31,18.81,18.54,18.88,1.48,1.41,1.65,1.45,1.41,1.64,0.03
95590429,NBN fixed wireless,Fixed Wireless,Fixed Wireless Superfast 400/40,,WA,Remote,FALSE,TRUE,10:7xxxxxx,121.45,34.32,201.31,83.53,55.19,140.64,9.97,3.95,14.05,8.96,8.4,9.92,32.77,28.76,52.9,34.4,28.9,42.24,0.1
24029469,NBN,Fibre to the Curb,50/20 Mbps,Aussie Broadband,QLD,Major Rural,FALSE,FALSE,78:3xxxxxx,53.94,51.31,54.46,53.88,51.31,54.24,18.95,17.89,19.01,18.89,17.89,18.98,9.93,9.88,10.38,9.94,9.9,10.26,0
59419165,NBN,Fibre to the Premises,100/20 Mbps,Launtel,ACT,Urban,FALSE,FALSE,38:9xxxxxx,92.89,59.98,93.57,92.76,78.76,93.25,18.22,15.07,18.38,18.23,17.88,18.38,6.17,6.06,6.88,6.18,6.14,6.27,0
134710047,NBN,Fibre to the Premises,100/20 Mbps,Leaptel,QLD,Urban,FALSE,FALSE,f0:2xxxxxx,106.35,94.92,107,106.26,94.92,106.87,18.96,18.62,19.07,18.96,18.78,19.07,2.88,2.82,4.85,2.92,2.84,4.48,0
130493985,Starlink,Satellite,100/50 Mbps,Starlink,NSW,,FALSE,FALSE,74:2xxxxxx,229.76,2.58,451.25,207.83,33.3,414.26,28.36,7.38,75.54,30.37,11.73,75.54,26.58,21.63,36.31,27.61,24.27,32.89,0.06
66082849,NBN,Fibre to the Node,100/20 Mbps,Telstra,NSW,Urban,FALSE,FALSE,18:8xxxxxx,100.72,81.5,101.01,100.27,81.5,101.01,19.09,18.52,19.22,19.09,18.85,19.18,12.91,10.46,14.72,12.89,12.06,14.58,0
88256033,NBN,Fibre to the Premises,100/20 Mbps,Other RSPs,QLD,Urban,FALSE,FALSE,50:9xxxxxx,106.43,63.36,107.81,104.13,63.36,107.72,18.85,18.61,18.9,18.84,18.61,18.9,4.06,3.81,13.06,4.41,3.82,10.79,0
106455333,NBN,Fibre to the Premises,250/25 Mbps,Exetel,NSW,Urban,FALSE,FALSE,e0:dxxxxxx,270.46,234.34,272.05,269.09,234.34,271.73,23.6,21.74,23.74,23.59,23.13,23.73,2.12,2.02,2.24,2.09,2.02,2.18,0
106456101,Non-NBN fixed line services,Fibre to the Premises,50/20 Mbps,,QLD,,FALSE,FALSE,ac:8xxxxxx,53.95,38.23,54.44,53.78,38.23,54.44,19.36,18.94,19.48,19.35,19.16,19.44,4.43,4.34,5.61,4.49,4.37,5.61,0
46624807,NBN,Hybrid Fibre Coaxial,100/20 Mbps,Launtel,NSW,Urban,FALSE,FALSE,bc:2xxxxxx,99.57,85.49,102.77,99.17,85.49,102.75,18.29,17.52,18.86,18.25,17.67,18.86,7.7,7.46,8.6,7.72,7.59,8.23,0
48464173,NBN very high speed services,Hybrid Fibre Coaxial,500-990/50 Mbps,Aussie Broadband,VIC,Urban,FALSE,TRUE,24:exxxxxx,212.12,144.02,932.46,225.57,145.21,932.46,47.03,40.87,47.48,47,45.36,47.48,11.46,11.24,13.01,11.49,11.3,12.82,0
2211117,NBN,Fibre to the Node,25/5 Mbps,Dodo & iPrimus,NSW,Major Rural,FALSE,FALSE,f8:2xxxxxx,26.36,26.21,26.54,26.35,26.21,26.5,4.71,4.64,4.75,4.71,4.68,4.75,16.07,11.15,16.74,16.11,12.41,16.65,0
34740273,NBN,Fibre to the Premises,100/40 Mbps,Exetel,NSW,Urban,FALSE,FALSE,b0:9xxxxxx,102.88,9.13,108.8,101.87,10.47,108.8,37.31,26.64,37.74,37.27,34.85,37.74,2.48,1.99,17.31,2.55,2.26,5.3,0.03
2975281,NBN,Hybrid Fibre Coaxial,100/20 Mbps,Telstra,WA,Urban,FALSE,FALSE,d4:3xxxxxx,108.23,88.11,110.06,107.21,88.11,110.06,18.94,18.2,19.1,18.93,18.66,19.02,8.19,8.09,9.48,8.24,8.09,9.2,0
128844854,NBN very high speed services,Fibre to the Premises,500-990/50 Mbps,Leaptel,NSW,Major Rural,FALSE,FALSE,e8:9xxxxxx,924.79,695.56,935.7,914.04,695.56,935.7,47.36,45.02,47.53,47.34,46.76,47.53,14.14,13.78,14.46,14.12,14.04,14.2,0.03
55458361,NBN very high speed services,Fibre to the Premises,500-990/50 Mbps,Other RSPs,NSW,Urban,FALSE,FALSE,74:axxxxxx,915.86,553.59,934.01,906.4,553.59,933.28,39.24,5.52,47.17,38.01,11.79,47.14,5.81,5.53,13.21,5.87,5.59,8.57,0.03
85818937,Non-NBN fixed line services,Fibre to the Premises,250/25 Mbps,,ACT,,FALSE,FALSE,5c:axxxxxx,280.67,267.36,281.01,280.63,276.01,281,23.15,22.87,23.48,23.18,22.91,23.4,5.73,5.63,5.86,5.75,5.63,5.86,0
57345085,NBN,Fibre to the Node,25/5 Mbps,iiNet,NSW,Urban,FALSE,FALSE,10:1xxxxxx,26.61,24.48,26.75,26.6,24.8,26.73,4.74,4.56,4.82,4.73,4.56,4.79,11.32,8.34,84.04,11.17,8.46,13.53,0
110762814,NBN,Fibre to the Node,50/20 Mbps,Exetel,NSW,Urban,FALSE,FALSE,8c:6xxxxxx,53.76,39.4,54.19,53.3,39.4,54.19,17.45,5.19,18.61,17.58,15.73,18.31,9.19,7.74,43.23,9.17,8.3,11.4,0.06
110762816,NBN,Fibre to the Premises,100/40 Mbps,Exetel,NSW,Urban,FALSE,FALSE,78:cxxxxxx,107.68,88.77,108.94,108.03,91.83,108.9,37.72,35.42,37.78,37.72,37.46,37.77,5.33,4.95,6.07,5.3,4.96,6.01,0
93458497,NBN,Fibre to the Node,25/10 Mbps,Dodo & iPrimus,QLD,Urban,FALSE,FALSE,d0:dxxxxxx,26.33,23.03,26.6,26.26,23.03,26.5,9.43,9.34,9.51,9.43,9.38,9.46,11.02,7.78,21,11.67,8.92,20.62,0
55105345,NBN,Fibre to the Node,50/20 Mbps,Dodo & iPrimus,NT + SA,Urban,FALSE,FALSE,18:fxxxxxx,52.98,41.86,54.08,52.65,45.29,53.92,18.82,18.31,19.11,18.83,18.53,18.89,18.13,16.35,31.33,18.34,18.02,31.33,0
58068549,NBN,Fibre to the Premises,250/25 Mbps,Superloop,NSW,Urban,FALSE,FALSE,74:8xxxxxx,225.84,202.49,227.19,224.63,202.49,227.15,22.64,21.36,22.77,22.62,22.49,22.7,1.97,1.88,2.09,1.98,1.92,2.06,0
95590469,NBN,Fibre to the Node,25/5 Mbps,Dodo & iPrimus,QLD,Urban,FALSE,FALSE,84:bxxxxxx,24.4,8.49,25.18,24.12,16.25,25.14,4.69,4.5,4.84,4.68,4.5,4.76,13.46,9.21,37.33,13.33,9.27,19.17,0
1029445,NBN,Fibre to the Premises,50/20 Mbps,iiNet,NSW,Urban,FALSE,FALSE,e0:bxxxxxx,53.51,36.45,53.92,53.04,36.45,53.92,18.91,18.51,19,18.87,18.52,18.99,2.45,2.32,3.2,2.42,2.32,2.73,0
1027910,NBN,Fibre to the Premises,100/20 Mbps,Telstra,NSW,Urban,FALSE,FALSE,6c:cxxxxxx,106.49,82.45,109.88,105.91,87.83,109.88,18.8,16.34,19.09,18.81,17.25,19.09,5.12,4.88,55.39,5.61,5,7.94,0
106456141,Non-NBN fixed line services,Fibre to the Premises,250/25 Mbps,,ACT,,FALSE,FALSE,9c:cxxxxxx,254.8,87.07,272.18,254.05,95.61,272.18,24.18,23.49,25.44,24.18,23.85,24.48,8.15,7.9,8.46,8.13,7.91,8.44,0.03
59419213,Non-NBN fixed line services,Fibre to the Premises,100/20 Mbps,,NSW,,FALSE,FALSE,08:3xxxxxx,111.81,0.14,112.5,110.81,64.81,112.41,18.33,0.13,18.57,18.34,18.08,18.52,2.89,2.74,787.53,2.88,2.83,3.33,0.48
36208721,NBN,Fibre to the Premises,100/40 Mbps,Exetel,VIC,Urban,FALSE,FALSE,7c:8xxxxxx,105.44,65.26,108.91,104.98,83.32,108.75,37.61,34.08,37.75,37.52,34.47,37.74,2.81,2.6,5.09,2.92,2.62,4.62,0.03
128118097,NBN fixed wireless,Fixed Wireless,25/5 Mbps,,TAS,Remote,FALSE,FALSE,30:dxxxxxx,25.76,8.18,27.7,24.5,8.18,27.47,4.38,3.02,4.75,4.15,3.04,4.71,42.23,38.77,138.07,44.01,41.48,127.54,0
124438613,NBN very high speed services,Fibre to the Premises,500-990/50 Mbps,Leaptel,WA,Urban,FALSE,FALSE,1c:6xxxxxx,926.82,891.95,932.92,926.17,894.77,932.92,47.4,46.99,47.54,47.4,47.2,47.54,2.64,2.57,3.22,2.66,2.59,3.19,0
107095897,NBN,Fibre to the Curb,100/40 Mbps,Superloop,NSW,Urban,FALSE,FALSE,98:2xxxxxx,83.99,48.15,86.84,84.08,73.6,85.84,37.83,32.3,38.37,37.9,37.3,38.16,5.09,4.92,8.01,5.24,5.03,8.01,0
2219355,NBN,Fibre to the Premises,50/20 Mbps,Exetel,NSW,Urban,FALSE,FALSE,c4:2xxxxxx,52.84,35.53,54.6,52.75,38.47,54.33,18.73,16.15,19.05,18.77,17.94,18.88,4.73,4.21,57.95,4.73,4.21,6.29,0.19
50669405,NBN,Fibre to the Premises,250/100 Mbps,Launtel,NSW,Major Rural,FALSE,FALSE,cc:fxxxxxx,247.79,41.52,264.79,244.68,41.52,264.18,76.08,40.47,88.05,74.28,40.47,88.05,3.25,3.05,15.16,3.34,3.13,7.21,0.1
6986593,NBN very high speed services,Hybrid Fibre Coaxial,500-990/50 Mbps,Leaptel,VIC,Urban,FALSE,FALSE,bc:2xxxxxx,924.75,635.96,935.69,918.46,635.96,934.98,47.31,46.27,47.69,47.26,46.44,47.69,8.45,8.03,9.5,8.5,8.08,9.19,0.1
2219361,NBN,Fibre to the Premises,100/20 Mbps,Leaptel,ACT,Urban,FALSE,FALSE,7c:1xxxxxx,105.76,88.23,107.26,104.82,89.22,106.85,18.7,16.85,19,18.72,17.25,19,7.46,7.18,11.09,7.59,7.31,11.09,0.03
114330469,NBN,Fibre to the Premises,50/20 Mbps,Exetel,NSW,Urban,FALSE,FALSE,04:dxxxxxx,54.02,44.24,54.45,53.48,44.24,54.42,18.81,18.52,18.95,18.78,18.52,18.89,2.76,2.67,3.71,2.74,2.67,3.05,0
1184361,NBN,Hybrid Fibre Coaxial,100/20 Mbps,Telstra,VIC,Urban,FALSE,FALSE,10:1xxxxxx,108.42,100.23,109.28,108.81,106.68,109.27,18.6,15.01,18.98,18.69,18.37,18.98,8.04,7.71,10.85,8.1,7.71,9.24,0
54368881,NBN fixed wireless,Fixed Wireless,Fixed Wireless Plus 50/10,,QLD,Isolated,FALSE,FALSE,d4:9xxxxxx,57.86,44.33,65.99,57.7,44.33,64.17,7.56,3.85,8.19,7.22,4.08,8,37.04,33.56,46.25,37.38,35.58,41.16,0.06
56962933,NBN,Fibre to the Premises,100/20 Mbps,Telstra,NSW,Urban,FALSE,FALSE,a4:9xxxxxx,94.08,92.19,94.67,94.06,92.19,94.47,19.06,16.88,19.36,19.05,18.99,19.23,3.02,2.72,3.6,3,2.96,3.27,0
116723830,NBN very high speed services,Fibre to the Premises,500-990/50 Mbps,Superloop,NSW,Urban,FALSE,FALSE,50:2xxxxxx,892.43,18.86,935.28,889.07,802.25,933.96,44.53,9.61,47.44,44.43,36.26,46.9,3.18,2.75,6.76,3.21,2.84,3.9,0.06
24329081,NBN,Fibre to the Premises,50/20 Mbps,Superloop,QLD,Urban,FALSE,FALSE,6c:cxxxxxx,51.05,37.78,54.46,51.89,42.36,54.46,18.61,17.26,18.97,18.96,18.96,18.96,3.02,1.97,7.59,2.53,2.02,4.99,0
2512765,NBN very high speed services,Fibre to the Premises,500-990/50 Mbps,Superloop,WA,Urban,FALSE,FALSE,2c:cxxxxxx,930.98,842.35,932.55,930.24,876.06,932.25,47.4,46.21,47.48,47.39,47.21,47.48,2.61,2.12,3.08,2.61,2.5,2.77,0.03
112915326,NBN,Hybrid Fibre Coaxial,50/20 Mbps,Exetel,NSW,Urban,FALSE,FALSE,74:6xxxxxx,53.24,26.27,54.49,53.23,42.82,54.45,18.76,17.04,18.91,18.69,17.04,18.89,8.13,7.87,11.52,8.18,7.87,9.87,0
134674311,NBN,Fibre to the Node,100/20 Mbps,Leaptel,ACT,Urban,TRUE,TRUE,f8:cxxxxxx,55.84,37.57,56.4,54.88,38.88,56.33,18.94,7.19,19.22,18.96,18.53,19.22,13.37,12.06,18.7,13.44,12.06,16.35,0
23486857,NBN,Fibre to the Premises,250/25 Mbps,Superloop,WA,Urban,FALSE,FALSE,10:1xxxxxx,271.62,263.73,272.66,271.28,265.53,272.32,23.7,23.45,23.79,23.71,23.6,23.79,2.44,2.18,2.75,2.43,2.37,2.51,0
2521481,NBN very high speed services,Fibre to the Premises,500-990/50 Mbps,Other RSPs,QLD,Urban,FALSE,FALSE,58:1xxxxxx,934.2,902.85,937.1,933.65,902.85,937.1,47.38,45.99,47.56,47.35,47.03,47.51,2.97,2.85,3.3,2.97,2.86,3.15,0
4191113,NBN,Fibre to the Premises,100/20 Mbps,Exetel,ACT,Urban,FALSE,FALSE,30:5xxxxxx,93.45,65.16,109.2,93.26,69.32,107.68,18.95,15.3,19.04,18.96,18.77,19.04,8.75,8.34,11.91,8.71,8.34,9.48,0.03
116680589,NBN,Fibre to the Node,50/20 Mbps,Telstra,QLD,Urban,FALSE,FALSE,d4:3xxxxxx,53.53,41.53,54.98,53,43.83,54.67,15.09,14.44,15.66,15.08,14.56,15.4,21.91,18.33,88.11,22.36,20.21,31.91,0.03
1354383,NBN,Fibre to the Curb,50/20 Mbps,Optus,NSW,Major Rural,FALSE,FALSE,44:dxxxxxx,53.47,15.04,55.06,51.73,15.04,55.06,18.61,17.53,18.8,18.57,18.21,18.68,7.79,7.44,8.62,7.79,7.5,8.34,0
53382801,NBN,Hybrid Fibre Coaxial,250/25 Mbps,Telstra,QLD,Urban,FALSE,FALSE,bc:3xxxxxx,272.05,247.86,273.07,272.11,262.7,273.07,23.45,19.89,23.56,23.45,23,23.55,9.37,9.12,10.32,9.43,9.21,9.9,0.03
113972371,NBN very high speed services,Fibre to the Premises,500-990/50 Mbps,Leaptel,WA,Urban,FALSE,FALSE,70:bxxxxxx,864.28,58.83,934.66,833.75,58.83,934.38,46.43,20.84,47.47,43.91,20.84,47.42,2.11,1.66,244.25,1.94,1.68,5.73,0.55
134674324,NBN very high speed services,Hybrid Fibre Coaxial,500-990/50 Mbps,Leaptel,NSW,Urban,FALSE,FALSE,62:2xxxxxx,914.56,599.93,930.48,904.84,599.93,929.83,45.83,45.49,45.99,45.81,45.49,45.94,7.72,7.42,8.94,7.74,7.62,7.98,0.06
21854357,NBN,Hybrid Fibre Coaxial,100/20 Mbps,Leaptel,QLD,Urban,FALSE,FALSE,cc:2xxxxxx,106.45,97.45,107.14,106.38,99.4,106.75,18.96,18.08,19.05,18.97,18.79,19.05,8.01,7.49,14.95,8.21,7.52,14.95,0.06
48464533,NBN fixed wireless,Fixed Wireless,Fixed Wireless Plus 100/20,,VIC,Remote,FALSE,FALSE,3c:8xxxxxx,110.33,46.51,142.34,103.47,61.14,133.58,6.53,4.31,8.96,6.46,4.31,8.5,31.4,28.77,34.54,31.56,30.93,32.27,0.1
39485849,NBN,Fibre to the Premises,50/20 Mbps,Exetel,WA,Urban,FALSE,FALSE,18:fxxxxxx,54.35,49.48,54.58,54.37,53.87,54.51,18.86,18.72,18.92,18.87,18.84,18.9,5.65,4.29,14.5,5.93,4.76,13.43,0.06
1028762,NBN,Fibre to the Node,50/20 Mbps,TPG,NSW,Urban,FALSE,FALSE,b0:axxxxxx,53.01,40.46,53.79,52.72,45.28,53.79,16.8,13.01,18.65,16.86,16.57,17.88,9.89,6.38,127.67,10.52,7.59,51.12,0.19
117176478,NBN,Fibre to the Node,50/20 Mbps,Dodo & iPrimus,VIC,Urban,TRUE,FALSE,a4:7xxxxxx,40.36,19.61,42.36,40.01,19.61,42.12,12.53,9.59,13.29,12.39,9.59,13.14,16.97,14.05,20.78,16.58,14.17,18.59,0.1
1354399,NBN,Fibre to the Premises,50/20 Mbps,Exetel,NSW,Urban,FALSE,FALSE,50:dxxxxxx,53.44,21.53,54.45,52.29,21.53,54.42,18.82,18.32,18.9,18.83,18.58,18.89,5.02,4.46,6.34,5.04,4.46,6.34,0.39
112915362,NBN,Hybrid Fibre Coaxial,25/5 Mbps,Other RSPs,QLD,Urban,FALSE,FALSE,e4:fxxxxxx,24.63,12.77,25.97,24.96,19.67,25.88,4.67,2.79,4.76,4.61,2.79,4.72,7.82,7.61,9.37,7.74,7.61,8.46,0.03
32833189,NBN,Hybrid Fibre Coaxial,50/20 Mbps,Vodafone,NSW,Urban,FALSE,FALSE,a4:9xxxxxx,53.15,32.74,54.13,52.7,32.74,54.06,18.62,12.63,19.45,18.6,16.44,19.45,7.71,7.42,22.21,7.83,7.42,9.97,0
134533292,NBN,Fibre to the Node,50/20 Mbps,Leaptel,WA,Urban,TRUE,TRUE,d8:dxxxxxx,29.72,17.57,30.02,29.58,24.29,30,7.89,4.24,8.1,7.84,7.24,8.09,9.66,7.27,11.8,9.71,9.48,10.53,0.06
81885869,NBN,Hybrid Fibre Coaxial,100/20 Mbps,Superloop,QLD,Urban,FALSE,FALSE,78:dxxxxxx,105.25,12.07,108.34,100.84,12.07,107.8,18.31,17.28,22.26,18.41,17.59,22.26,11.76,8,67.72,13.5,8.05,67.72,0.14
96439981,NBN,Fibre to the Node,50/20 Mbps,Dodo & iPrimus,WA,Urban,FALSE,FALSE,84:bxxxxxx,53.13,52.04,53.29,53.12,52.43,53.23,18.81,18.44,18.86,18.8,18.78,18.85,,,,,,,
33031345,NBN very high speed services,Hybrid Fibre Coaxial,500-990/50 Mbps,Other RSPs,NSW,Urban,FALSE,FALSE,f0:2xxxxxx,885.1,583.5,957.85,883.12,583.5,957.85,47.38,45.62,47.87,47.32,45.62,47.54,14.14,11.49,16.79,14.27,11.55,15.39,0
23116209,NBN very high speed services,Fibre to the Premises,500-990/50 Mbps,Superloop,WA,Urban,FALSE,FALSE,ac:1xxxxxx,929.28,905.98,931.05,929.35,927.8,930.1,47.42,46.93,47.5,47.42,47.27,47.5,2.63,2.4,3.03,2.63,2.58,2.69,0.03
96729265,NBN,Fibre to the Premises,50/20 Mbps,Other RSPs,VIC,Urban,FALSE,FALSE,ac:1xxxxxx,51.41,39.28,51.78,51.16,46.55,51.78,18.81,18.1,18.92,18.83,18.1,18.89,15.43,14.45,15.73,15.47,15.41,15.66,0
4329653,NBN,Fibre to the Premises,50/20 Mbps,Superloop,NSW,Urban,FALSE,FALSE,04:dxxxxxx,54.04,44.77,55.05,53.89,46.04,54.56,18.92,18.1,19.14,18.88,18.1,19.01,4.39,4.17,7.35,4.49,4.28,6.2,0
81885625,Non-NBN fixed line services,Fibre to the Premises,25/5 Mbps,,ACT,,FALSE,FALSE,9c:cxxxxxx,27.65,16.68,28.27,27.19,16.68,28.2,4.05,3.56,4.55,4.11,3.79,4.37,8.99,8.41,11.91,9.08,8.83,10.01,0
54368953,Starlink,Satellite,100/50 Mbps,Starlink,WA,,FALSE,FALSE,68:dxxxxxx,153.04,11.82,359.69,121.86,11.82,301.95,25.4,7.34,44.09,22.97,7.34,41.06,28.17,24,40.54,28.15,24.72,40.54,3.19
23486909,NBN,Fibre to the Curb,50/20 Mbps,Optus,NSW,Urban,FALSE,FALSE,5c:bxxxxxx,54.02,42.65,56.07,52.82,42.65,55.13,18.62,17.89,19.31,18.59,18.28,18.68,5.74,5.46,7.87,5.65,5.55,6.21,0
21854397,Starlink,Satellite,100/50 Mbps,Starlink,NSW,,FALSE,FALSE,94:8xxxxxx,146.41,34.49,333.62,148.13,62.06,210.78,29.88,8.65,55.02,31.96,17.37,53.1,23.75,20.5,29.64,24.46,21.81,27.03,0.05
48464317,NBN,Fibre to the Premises,100/20 Mbps,Telstra,NSW,Urban,FALSE,FALSE,d4:3xxxxxx,109,84.74,110.74,108.81,105.25,110,19.05,18.34,19.3,19.05,18.71,19.27,7.98,4.68,13.68,7.79,4.71,8.17,0
23486913,NBN,Hybrid Fibre Coaxial,50/20 Mbps,Other RSPs,QLD,Urban,FALSE,FALSE,e8:4xxxxxx,46.74,16.61,48.25,43.33,16.61,48.24,18.75,17.76,18.9,18.63,17.86,18.88,14.49,14.06,19.94,14.89,14.44,15.46,0.09
49590473,NBN,Fibre to the Node,100/20 Mbps,Telstra,NSW,Urban,FALSE,FALSE,a0:bxxxxxx,107.95,14.33,110.58,107.94,102.78,110.58,18.98,4.78,19.33,18.9,13.83,19.33,16.61,12.55,25.14,16.56,13.86,17.95,0
31764173,NBN,Hybrid Fibre Coaxial,100/20 Mbps,Vodafone,QLD,Urban,FALSE,FALSE,a4:9xxxxxx,93.09,83.3,94.26,92.87,83.3,94.26,18.68,17.99,19.48,18.61,18.06,18.92,9.4,8.95,10.05,9.43,9.26,10.05,0.9
2260947,NBN,Hybrid Fibre Coaxial,50/20 Mbps,Exetel,NSW,Urban,FALSE,FALSE,6c:5xxxxxx,53.48,26.15,54.55,51.83,26.15,54.51,18.8,17.6,18.9,18.74,17.94,18.86,11.63,10.63,13,11.54,10.64,11.97,0.95
11285717,NBN,Fibre to the Premises,100/20 Mbps,Superloop,NSW,Urban,FALSE,FALSE,04:9xxxxxx,107.79,92.71,109.67,107.96,99.48,109.08,18.89,17.22,19.04,18.89,18.51,19.04,2.79,2.6,8.03,2.94,2.73,8.03,0
5071829,NBN,Hybrid Fibre Coaxial,50/20 Mbps,Optus,VIC,Urban,FALSE,FALSE,64:fxxxxxx,52.53,11.26,56.05,52.85,43.83,54.56,18.56,16.92,19.21,18.55,17.88,18.86,10.11,9.72,11.17,10.11,9.72,10.73,0.06
33927893,NBN very high speed services,Hybrid Fibre Coaxial,500-990/50 Mbps,Superloop,NSW,Urban,FALSE,FALSE,c4:axxxxxx,937.82,46.95,941.29,924.48,46.95,941.29,47.04,34.34,47.54,46.89,34.72,47.47,9.23,8.66,10.4,9.29,8.84,9.96,0
114330840,NBN,Fibre to the Premises,100/20 Mbps,Exetel,NSW,Urban,FALSE,FALSE,78:cxxxxxx,107.96,0.02,108.89,107.74,96.79,108.89,18.81,18,18.93,18.83,18.36,18.93,2.7,2.26,3.57,2.74,2.26,3.57,0.13
2219481,NBN,Fibre to the Premises,100/20 Mbps,TPG,NSW,Major Rural,FALSE,FALSE,a8:6xxxxxx,106.79,85.85,107.78,106.84,98.15,107.76,16.55,15.94,17,16.56,15.94,16.9,3.06,2.84,3.37,3.03,2.94,3.2,0.03
4191193,NBN,Fibre to the Premises,500/50 Mbps,Exetel,NSW,Urban,FALSE,FALSE,00:9xxxxxx,503.63,314.8,544.61,501.22,325.96,544.09,46.98,45.53,47.23,46.91,45.77,47.18,5.59,4.67,55.38,5.49,4.98,6.52,0.19
1347809,NBN very high speed services,Fibre to the Premises,500-990/50 Mbps,Other RSPs,NSW,Urban,FALSE,TRUE,18:fxxxxxx,533.38,462.54,574.8,528.27,470.24,552.01,47.07,46.76,47.19,47.07,47.04,47.11,3.84,3.63,4.59,3.87,3.72,4.59,0
124920291,NBN,Fibre to the Premises,100/20 Mbps,Aussie Broadband,NSW,Urban,FALSE,FALSE,7c:7xxxxxx,107.09,31.39,110.01,104.81,31.39,109.79,18.82,13.96,18.99,18.69,15.91,18.96,3.76,3.47,94.82,4.99,3.48,94.82,0
28131301,NBN,Fibre to the Premises,250/25 Mbps,TPG,NSW,Urban,FALSE,FALSE,3c:8xxxxxx,267.16,246.22,269.43,267.02,253.53,269.4,23.64,23.06,23.73,23.66,23.58,23.73,4.12,3.94,12.82,4.06,3.95,4.4,0.03
130915557,NBN,Hybrid Fibre Coaxial,75/20 Mbps,Aussie Broadband,NSW,Urban,FALSE,FALSE,1c:6xxxxxx,73.72,57.63,76.24,72.67,57.63,75.67,18.88,18.34,19.01,18.85,18.34,19.01,7.88,7.48,12.18,8.09,7.48,11.29,0
102021861,NBN,Fibre to the Premises,250/25 Mbps,Other RSPs,QLD,Urban,FALSE,FALSE,d0:dxxxxxx,245.25,143.76,256.17,240.72,143.76,256.17,23.6,5.09,23.74,23.55,23.09,23.67,18.79,17.16,19.15,18.78,18.71,19.15,0.06
135073774,NBN,Hybrid Fibre Coaxial,100/20 Mbps,Dodo & iPrimus,QLD,Urban,FALSE,FALSE,d8:dxxxxxx,104.3,93.56,108.3,104.45,93.74,108.3,18.81,18.42,18.89,18.82,18.76,18.87,10.09,9.6,11.31,10.1,9.9,10.84,0.42
130764528,NBN very high speed services,Fibre to the Premises,500-990/50 Mbps,Leaptel,NSW,Urban,FALSE,FALSE,34:9xxxxxx,544.44,359.72,934.78,539.37,390.85,934.67,43.14,41.52,47.48,42.89,41.52,47.44,2.45,2.29,2.66,2.46,2.35,2.55,0
4991217,NBN,Fibre to the Node,25/10 Mbps,iiNet,NSW,Urban,FALSE,FALSE,98:9xxxxxx,23.37,19.24,24.04,23.28,20.1,23.96,8.9,8.04,9.18,8.83,8.04,9.18,11.37,7.25,21.42,12,9.47,15.77,0.03
81885937,Non-NBN fixed line services,Fibre to the Premises,12/1 Mbps,,NSW,,FALSE,FALSE,74:bxxxxxx,11.57,1.58,11.96,11.38,1.58,11.84,0.88,0.64,1.16,0.88,0.73,1.16,4.33,3.05,62.97,6.71,3.13,55.26,0.19
2211057,NBN,Fibre to the Premises,100/20 Mbps,Telstra,NSW,Urban,FALSE,FALSE,d4:3xxxxxx,108.54,97.03,109.62,108.01,97.03,109.62,18.98,18.17,19.21,18.99,18.74,19.18,3.32,3.12,4.29,3.24,3.12,3.46,0
39876857,NBN,Fibre to the Premises,100/20 Mbps,Dodo & iPrimus,NT + SA,Urban,FALSE,FALSE,b0:axxxxxx,107.25,93.24,108.45,107.37,105.84,107.47,18.84,18.47,18.98,18.84,18.67,18.91,44.51,42,46.91,44.28,42.04,46.82,0
131627515,NBN,Fibre to the Premises,100/20 Mbps,Vodafone,NSW,Urban,FALSE,FALSE,10:1xxxxxx,107.52,89.38,108.09,107.38,103.97,108.04,18.81,18.59,18.88,18.77,18.62,18.88,5.02,4.9,6.12,5.04,4.9,5.88,0
24029437,NBN,Hybrid Fibre Coaxial,100/20 Mbps,Dodo & iPrimus,NSW,Urban,FALSE,FALSE,40:bxxxxxx,107.28,90.81,108.79,107.33,99.57,108.64,18.84,15.99,19.01,18.84,18.49,18.98,8.72,8.27,9.88,8.73,8.46,9.37,0.74
4719105,NBN,Fibre to the Premises,250/25 Mbps,Leaptel,QLD,Major Rural,FALSE,FALSE,e0:bxxxxxx,266.46,257.4,267.85,266.29,257.4,266.72,23.82,23.45,23.9,23.81,23.49,23.86,3.3,3.18,4.02,3.32,3.23,3.62,0
4991233,NBN,Fibre to the Premises,100/20 Mbps,Telstra,NSW,Major Rural,FALSE,FALSE,18:8xxxxxx,108.98,85.49,110.43,108.92,103.29,109.86,18.79,18.25,18.87,18.8,18.67,18.87,13.5,13.34,44.83,13.52,13.41,14.74,0
56314881,NBN very high speed services,Fibre to the Premises,500-990/50 Mbps,Superloop,NSW,Urban,FALSE,FALSE,78:9xxxxxx,887.64,318.76,925.15,896.49,376.62,923.89,47.31,45.98,47.53,47.25,46.73,47.52,3.1,2.93,13.17,3.21,2.99,9.71,0.06
78151169,NBN,Fibre to the Premises,100/20 Mbps,Superloop,NSW,Urban,FALSE,FALSE,9e:0xxxxxx,108.37,98.32,110.01,108.19,98.32,108.71,18.95,18.26,19.01,18.95,18.82,18.99,12.98,12.88,13.64,12.98,12.89,13.64,0.06
48464385,Non-NBN fixed line services,Fibre to the Premises,500/50 Mbps,,QLD,,FALSE,FALSE,28:bxxxxxx,508.85,3.44,542.87,490.18,3.44,542.61,45.93,18.93,47.51,45.99,38.51,47,3.21,2.6,4.86,3.36,2.65,4.72,1.52
2535429,NBN,Fibre to the Premises,100/20 Mbps,TPG,QLD,Urban,FALSE,FALSE,34:6xxxxxx,107.72,102.57,108.37,107.69,106.25,108.02,18.85,17.61,18.9,18.86,18.82,18.9,2.32,2.26,2.41,2.33,2.29,2.37,0
114330890,NBN,Fibre to the Premises,100/20 Mbps,Exetel,NSW,Urban,FALSE,FALSE,e8:6xxxxxx,108.08,23.54,108.91,107.07,45.59,108.88,18.81,16.28,18.9,18.74,16.28,18.88,5.34,5.28,5.47,5.32,5.29,5.44,0
127924747,NBN Satellite Services,Satellite,50/10 Mbps,,NSW,Minor Rural,FALSE,FALSE,a0:axxxxxx,46.03,8.9,55.65,41.4,14.32,54.61,14.87,4.83,17.69,14.32,9.42,17.18,669.02,640.29,752.09,664.88,642.01,689.63,0.06
23486989,NBN,Fibre to the Node,50/20 Mbps,Optus,NSW,Urban,FALSE,FALSE,08:9xxxxxx,47.32,26.63,54.09,46.14,35.06,53.99,17.92,12.89,19.22,17.45,13.03,19.13,9.68,7.05,24.93,9.72,7.4,12.25,0
37383437,NBN,Hybrid Fibre Coaxial,100/20 Mbps,Vodafone,QLD,Urban,FALSE,FALSE,78:8xxxxxx,87.16,12.75,92.41,84.91,12.75,91.3,18.86,15.86,19.04,18.85,18.22,18.98,10.1,9.76,156.1,10.27,9.88,11.96,2.58
23244557,NBN,Fibre to the Premises,100/40 Mbps,iiNet,WA,Urban,FALSE,FALSE,2a:7xxxxxx,85.14,16.07,89.02,84.33,71.33,88.97,31.14,24.74,32.02,31.24,30.06,31.93,10.33,5.71,64.09,10.23,5.72,19.25,0.03
134710030,NBN fixed wireless,Fixed Wireless,Fixed Wireless Superfast 400/40,,NSW,Remote,FALSE,FALSE,40:axxxxxx,382.4,197.95,494.02,347.68,197.95,448.23,18.17,9.06,23.13,16.49,9.06,21.84,47.53,46.14,55.97,47.52,46.55,49.38,0
134710035,Non-NBN fixed line services,Fibre to the Premises,100/20 Mbps,,NSW,,FALSE,FALSE,e4:fxxxxxx,106.81,89.29,107.36,106.62,89.29,107.36,19.28,15.16,19.59,19.3,18.76,19.43,4.12,4.02,4.66,4.08,4.02,4.2,0
4329493,NBN,Fibre to the Premises,25/5 Mbps,TPG,QLD,Major Rural,FALSE,FALSE,18:fxxxxxx,26.33,12.3,26.53,26.06,14.03,26.48,4.7,4.39,4.81,4.7,4.62,4.75,2.61,2.54,2.98,2.62,2.59,2.94,0.03
134710040,NBN,Fibre to the Premises,25/10 Mbps,Leaptel,NSW,Urban,FALSE,FALSE,e0:bxxxxxx,25.17,20.32,25.37,25.06,20.32,25.36,9.47,8.09,9.53,9.45,8.09,9.51,3.68,3.59,4.48,3.66,3.6,4.35,0
40518681,NBN,Hybrid Fibre Coaxial,50/20 Mbps,Telstra,VIC,Urban,FALSE,FALSE,68:0xxxxxx,51.44,28.28,54.43,51.46,44.63,54.3,16.96,9.51,18.93,16.16,10.65,18.81,12.16,9.09,79.41,13.05,9.33,25.65,0.03
54368793,NBN very high speed services,Fibre to the Premises,500-990/50 Mbps,Other RSPs,WA,Urban,FALSE,FALSE,62:2xxxxxx,884.18,332.6,924.93,859.25,332.6,919.96,46.69,41.12,47.44,46.48,43.45,47.44,3.28,2.97,20.55,3.2,3.01,4.71,0.13
2219293,NBN very high speed services,Fibre to the Premises,500-990/50 Mbps,Superloop,NSW,Urban,FALSE,FALSE,24:exxxxxx,880.98,517.5,934.5,871.89,517.5,930.34,47.13,41.87,47.47,46.97,41.87,47.45,3.77,3.18,5.22,3.85,3.19,5.22,0.06
5106717,NBN,Fibre to the Premises,100/20 Mbps,iiNet,NSW,Urban,FALSE,FALSE,a4:9xxxxxx,93.29,85.72,93.61,92.71,85.72,93.45,18.85,18.35,18.9,18.87,18.85,18.89,11.23,11.16,11.93,11.21,11.16,11.27,0
22865953,NBN,Hybrid Fibre Coaxial,50/20 Mbps,Other RSPs,VIC,Urban,FALSE,FALSE,50:7xxxxxx,52.6,31.65,53.66,51.39,31.65,53.61,18.77,14.31,18.9,18.77,18.35,18.9,7.92,7.68,11.94,8.18,7.72,11.94,0
59686181,NBN,Fibre to the Premises,50/20 Mbps,Launtel,NSW,Urban,FALSE,FALSE,e8:fxxxxxx,51.78,0.08,52.91,51.58,41.77,52.88,18.09,0.02,18.35,18.2,17.89,18.33,3.31,2.88,439.73,3.21,2.99,3.53,0.03
42617385,NBN,Hybrid Fibre Coaxial,100/20 Mbps,Telstra,NSW,Urban,FALSE,FALSE,20:bxxxxxx,106.44,14.1,109.61,103.76,14.1,109.61,18.44,4.23,19.09,18.35,4.61,19.01,9.83,9.15,38.23,10.85,9.25,37.53,0.39
31032105,NBN,Fibre to the Node,25/5 Mbps,TPG,NSW,Major Rural,FALSE,FALSE,00:3xxxxxx,26.41,23.99,26.67,26.38,25.02,26.56,4.72,4.42,4.9,4.71,4.42,4.9,18.13,15.63,21.69,18.35,15.82,21.67,0
6986281,NBN very high speed services,Fibre to the Premises,500-990/50 Mbps,Leaptel,NSW,Urban,FALSE,FALSE,b0:axxxxxx,933.95,915.86,935.26,933.38,917.5,934.48,47.36,46.06,47.47,47.31,46.33,47.46,2.34,2.16,2.67,2.34,2.27,2.48,0
45564717,NBN,Hybrid Fibre Coaxial,100/20 Mbps,TPG,NSW,Urban,FALSE,FALSE,d8:4xxxxxx,106.83,95.17,108.29,106.46,99.67,108.25,18.89,18.22,19.55,18.88,18.67,19.55,7.86,7.66,9.04,7.92,7.68,8.89,0.29
55105325,NBN fixed wireless,Fixed Wireless,Fixed Wireless Plus 100/20,,NT + SA,Remote,FALSE,FALSE,b0:exxxxxx,93.08,33.55,122.95,90.29,34.77,116.12,13.99,4.13,21.22,12.27,8.26,18.35,41.47,36.39,65.56,41.69,38.35,47.8,0.03
6986545,NBN,Fibre to the Premises,250/25 Mbps,Optus,NSW,Urban,FALSE,FALSE,88:0xxxxxx,272.43,252.42,276.66,272.22,253.11,276.66,23.21,22.34,23.32,23.21,22.85,23.31,3.48,3.18,3.96,3.45,3.24,3.53,0
49590577,NBN,Fibre to the Premises,250/25 Mbps,Exetel,QLD,Urban,FALSE,FALSE,c4:6xxxxxx,249.92,116.67,272.03,253.02,116.67,272.03,23.03,20.1,23.69,23.22,21.87,23.67,4.27,4.14,5.58,4.41,4.16,5.54,1
1029425,NBN,Fibre to the Node,50/20 Mbps,Aussie Broadband,NSW,Urban,FALSE,FALSE,5c:exxxxxx,51.5,31.64,54.46,51.11,38.26,54.28,18.71,16.49,18.97,18.72,18.07,18.91,13.41,9.87,44.5,13.16,9.87,20.19,0
81801525,NBN,Hybrid Fibre Coaxial,100/40 Mbps,Optus,NSW,Urban,FALSE,FALSE,5c:bxxxxxx,109.14,106.27,110.13,109.03,106.35,109.31,37.4,36.85,37.94,37.41,36.9,37.94,9.1,8.82,9.6,9.09,8.92,9.4,0.03
128844855,NBN fixed wireless,Fixed Wireless,Fixed Wireless Plus 100/20,,QLD,Remote,FALSE,FALSE,7c:1xxxxxx,138.87,105.98,142.48,138.23,117.33,141.97,16.83,8.78,20.65,14.58,8.78,18.22,34.39,31.13,45.77,34.44,32.88,36.82,0.1
48464185,NBN fixed wireless,Fixed Wireless,Fixed Wireless Plus 100/20,,WA,Remote,FALSE,FALSE,74:axxxxxx,65.21,8.29,142.13,36.99,8.29,118.63,7.71,1.24,14.97,5.39,1.24,9.37,36.31,31.22,479.12,38.53,31.71,78.43,0.13
47445049,NBN,Fibre to the Node,25/5 Mbps,Telstra,NSW,Urban,FALSE,FALSE,d4:3xxxxxx,26.7,8.26,27.47,26.29,14.93,27.39,4.9,2.38,5.38,4.95,4.51,5.38,15.65,14.6,42.34,16.12,14.63,34.02,0
114331453,NBN fixed wireless,Fixed Wireless,25/5 Mbps,,QLD,Remote,FALSE,FALSE,d4:3xxxxxx,25.04,0.37,27.77,24.56,9.36,27.44,4.86,4.23,5.19,4.87,4.36,5.16,59.22,52.92,72.08,59.2,53.27,69.42,3.74
50570813,NBN very high speed services,Fibre to the Premises,500-990/50 Mbps,Leaptel,NSW,Urban,FALSE,FALSE,10:2xxxxxx,929.74,891.05,935.12,930.3,891.05,935.12,47.37,39.71,47.5,47.14,39.71,47.47,8.45,8.38,8.65,8.43,8.38,8.5,0
1027902,NBN,Fibre to the Node,100/20 Mbps,Optus,NSW,Urban,TRUE,TRUE,3c:5xxxxxx,62.01,40.3,64.71,61.17,40.3,64.66,18.91,17.55,19.22,18.88,18.17,19.01,14.05,11.66,18.7,13.74,12.13,15.11,0
100558401,NBN,Fibre to the Premises,100/20 Mbps,Superloop,NSW,Urban,FALSE,FALSE,a8:4xxxxxx,107.75,85.53,108.9,107.04,97.14,108.66,18.94,18.39,19.05,18.91,18.62,19,1.98,1.83,6.56,2.02,1.94,2.58,0.04
54368833,NBN,Fibre to the Premises,50/20 Mbps,Exetel,QLD,Major Rural,FALSE,FALSE,c0:fxxxxxx,47.91,2.77,54.24,46.17,2.77,53.49,17.73,16.05,18.9,17.62,16.89,18.59,5.87,3.35,19.36,6.56,4.98,19.31,0.18
6986565,NBN very high speed services,Fibre to the Premises,500-990/50 Mbps,Superloop,QLD,Urban,FALSE,FALSE,7c:1xxxxxx,934.04,563.81,936.71,934.58,922.71,936.71,47.26,27.96,47.53,47.16,45.49,47.53,1.58,1.5,8.57,1.6,1.52,2.25,0.52
6986569,NBN,Fibre to the Premises,50/20 Mbps,Exetel,QLD,Urban,FALSE,FALSE,ec:fxxxxxx,53.28,0,54.58,50.76,0,54.54,18.86,18.76,18.91,18.86,18.8,18.91,1.89,1.86,1.94,1.9,1.89,1.92,7.09
110762839,NBN,Fibre to the Premises,100/40 Mbps,Superloop,QLD,Urban,FALSE,FALSE,a0:8xxxxxx,107.77,90.9,109.07,107.51,98.52,108.87,37.85,36.26,37.97,37.76,36.9,37.97,2.85,2.13,4.22,2.86,2.17,3.85,0.06
1188439,NBN,Fibre to the Premises,50/20 Mbps,Telstra,NSW,Urban,FALSE,FALSE,08:cxxxxxx,53.85,41.92,55.19,53.69,46.97,55.17,18.95,15.35,19.18,18.99,18.84,19.1,4.85,4.38,57.79,4.93,4.41,6.95,0.25
128118104,NBN very high speed services,Fibre to the Premises,500-990/50 Mbps,Leaptel,WA,Urban,FALSE,FALSE,ac:1xxxxxx,929.71,912.22,932.48,929.07,919.44,932.13,45.76,43.81,45.95,45.75,45.31,45.94,2.72,2.67,3.31,2.74,2.67,3.29,0.06
1028700,NBN,Fibre to the Node,50/20 Mbps,Optus,NSW,Urban,TRUE,FALSE,d0:dxxxxxx,36.56,9.33,45.05,37.84,25.76,43.67,7.92,0.61,8.94,8.02,6.26,8.49,19.06,12.24,37.7,17.02,14.53,19.18,3.47
3941725,NBN very high speed services,Fibre to the Premises,500-990/50 Mbps,Superloop,QLD,Urban,FALSE,FALSE,7c:1xxxxxx,916.27,655.34,931.5,914.89,802.74,929.86,47.36,44.9,47.51,47.38,47.08,47.44,2.89,2.74,3.26,2.95,2.74,3.26,0.04
23580765,NBN,Fibre to the Premises,25/5 Mbps,Dodo & iPrimus,WA,Urban,FALSE,FALSE,f8:2xxxxxx,25.87,12.73,26.66,25.83,15.6,26.63,4.68,4.37,4.77,4.67,4.52,4.73,3.53,3.31,8.97,3.59,3.36,4.76,0
5106781,NBN,Fibre to the Node,50/20 Mbps,iiNet,NT + SA,Urban,TRUE,FALSE,10:1xxxxxx,41.76,33.93,42.87,41.31,33.93,42.87,9.37,8.72,9.87,9.36,8.99,9.64,19.26,17,27.49,19.42,17.3,22.48,0
59419233,NBN fixed wireless,Fixed Wireless,Fixed Wireless Plus 100/20,,VIC,Minor Rural,FALSE,FALSE,24:2xxxxxx,120.57,11.1,141.98,112.2,11.1,141.04,6.4,0.3,12.48,4.94,0.3,8.13,43.68,31.91,134.76,45.84,33.37,134.76,0.24
94183781,NBN,Hybrid Fibre Coaxial,100/40 Mbps,TPG,QLD,Urban,FALSE,FALSE,98:dxxxxxx,106.45,87.92,108.22,103.68,87.92,107.79,37.51,36.45,37.7,37.56,37.42,37.64,9.59,8.87,46.41,11.03,9,46.41,0.14
116680550,NBN,Fibre to the Premises,250/25 Mbps,Exetel,NSW,Urban,FALSE,FALSE,78:4xxxxxx,268.13,142.43,272.21,263.67,142.43,272.09,23.57,21.49,23.73,23.54,22.93,23.71,3.76,3.56,5.46,3.83,3.74,5.46,3.32
1188455,NBN very high speed services,Fibre to the Premises,500-990/50 Mbps,Launtel,NSW,Urban,FALSE,FALSE,f4:exxxxxx,908.15,603.64,922.08,902.46,666.07,919.89,45.51,33.37,46.01,45.57,44.28,45.89,1.89,1.73,8.97,1.9,1.83,3.63,0.1
108598890,NBN fixed wireless,Fixed Wireless,Fixed Wireless Home Fast 250/20,,NSW,Remote,FALSE,FALSE,6c:cxxxxxx,222.03,111.75,252.53,219.56,111.75,251.85,21.22,14,22.5,21.41,19.61,22.5,59.37,47.02,69.52,60.06,50.2,68.26,0.03
2521457,NBN very high speed services,Fibre to the Premises,500-990/50 Mbps,Aussie Broadband,WA,Urban,FALSE,FALSE,e0:bxxxxxx,934.56,649.43,936.37,932.8,923.24,936.26,47.4,46.63,47.49,47.36,47.13,47.44,3.87,3.41,5.03,3.84,3.41,5,0.06
116723826,NBN,Fibre to the Premises,250/25 Mbps,Exetel,NSW,Urban,FALSE,FALSE,e8:6xxxxxx,270.5,248.98,273.2,269.58,251.13,272.68,23.53,21.04,23.78,23.56,23.02,23.73,16.52,16.42,16.86,16.51,16.44,16.71,0
134674290,NBN fixed wireless,Fixed Wireless,Fixed Wireless Home Fast 250/20,,NSW,Remote,FALSE,FALSE,00:0xxxxxx,208.94,32.94,230.57,199.14,86.21,225.43,22.92,19.87,23.27,22.87,19.96,23.25,18.59,17.25,25.6,19.34,17.86,23.54,0.06
116680565,Non-NBN fixed line services,Fibre to the Premises,500/50 Mbps,,NSW,,FALSE,FALSE,ec:fxxxxxx,540.73,266.1,544.2,539,458.19,544.07,56.21,52.73,56.62,56.21,54.96,56.51,3.44,3.22,19.4,3.42,3.24,4.39,0.55
134674296,NBN fixed wireless,Fixed Wireless,Fixed Wireless Plus 100/20,,NSW,Minor Rural,FALSE,FALSE,b0:7xxxxxx,54.99,13.96,114.76,42.44,17.19,58.78,12.35,4.96,16.36,10.67,7.71,13.34,33.77,30.76,45.23,34.12,31.54,38.51,0
113262714,NBN very high speed services,Fibre to the Premises,500-990/50 Mbps,Other RSPs,NSW,Urban,FALSE,FALSE,88:dxxxxxx,925.36,728.3,935.3,921.43,847.91,932.5,46.97,38.32,47.23,46.63,38.32,47.19,6.2,5.59,8.81,6.08,5.62,6.47,5.29
26490237,NBN,Fibre to the Node,25/5 Mbps,Vodafone,WA,Urban,FALSE,FALSE,a4:9xxxxxx,26.34,10.83,26.61,26.16,10.83,26.58,4.34,3.31,4.67,4.33,3.83,4.66,10.07,8.4,26.37,10.09,8.43,22.67,0
2512767,NBN,Fibre to the Node,50/20 Mbps,iiNet,QLD,Urban,FALSE,FALSE,08:3xxxxxx,53.46,39,54.01,53.28,48.98,53.9,18.93,13.76,19.03,18.81,15.32,19,10.45,6.79,11.01,10.22,6.79,10.95,0.04
27351425,NBN,Hybrid Fibre Coaxial,100/20 Mbps,TPG,WA,Urban,FALSE,FALSE,50:dxxxxxx,107.71,65.57,108.75,107.07,65.57,108.75,18.76,18.27,18.96,18.8,18.57,18.96,9.19,9.1,9.93,9.25,9.14,9.52,0.1
110846856,NBN,Fibre to the Premises,100/20 Mbps,Launtel,WA,Urban,FALSE,FALSE,dc:8xxxxxx,105.37,80.62,106.39,105.2,96.44,106.24,18.24,18,18.36,18.23,18.03,18.35,2.97,2.9,9.01,2.98,2.9,3.63,0.16
5071753,NBN,Fibre to the Node,50/20 Mbps,Telstra,NSW,Urban,FALSE,FALSE,10:1xxxxxx,54.45,46.65,55.07,54.31,46.65,54.97,19.08,18.78,19.31,19.09,18.99,19.28,10.26,6.79,10.99,10.18,7.89,10.78,0.32
6986377,NBN,Fibre to the Premises,100/20 Mbps,TPG,VIC,Urban,FALSE,FALSE,9c:axxxxxx,98.85,33.1,107.44,96.57,54.04,107.44,16.36,11.57,18.55,16.08,12.12,17.36,8.22,4.99,46.9,10.34,5,35.21,0.03
128521354,NBN fixed wireless,Fixed Wireless,Fixed Wireless Plus 100/20,,QLD,Remote,FALSE,FALSE,d4:3xxxxxx,141.74,135.04,145.01,141.76,136.22,144.64,21.08,16.01,22.36,20.5,16.38,22.36,33.12,32.23,35.24,33.32,32.81,34.07,0
1195147,NBN,Fibre to the Node,50/20 Mbps,iiNet,NSW,Urban,FALSE,FALSE,a4:9xxxxxx,53.32,45.38,54.08,52.88,45.38,53.88,18.61,18.06,19.03,18.58,18.11,18.89,10.48,7.61,146.61,10.61,7.61,12.15,0
128521358,NBN very high speed services,Fibre to the Premises,500-990/50 Mbps,Superloop,NSW,Urban,FALSE,FALSE,9c:cxxxxxx,935.62,829.05,936.78,934.17,829.05,936.64,47.38,46.86,47.49,47.39,47.04,47.46,2.93,2.42,3.58,2.95,2.53,3.51,0
1196433,NBN very high speed services,Fibre to the Premises,500-990/50 Mbps,Other RSPs,VIC,Urban,FALSE,FALSE,2c:cxxxxxx,929.55,883.61,932.03,927.91,887.25,931.48,47.12,46.81,47.17,47.1,46.83,47.16,2.25,1.98,2.66,2.22,1.99,2.66,0
127446167,NBN very high speed services,Hybrid Fibre Coaxial,500-990/50 Mbps,Leaptel,QLD,Urban,FALSE,FALSE,f8:3xxxxxx,933.54,918.36,935.64,933.93,930.74,935.64,47.4,44.97,47.49,47.4,47.35,47.46,7.67,7.52,8.52,7.72,7.58,8,0.03
4991129,NBN,Fibre to the Premises,100/20 Mbps,Telstra,QLD,Urban,FALSE,FALSE,d4:3xxxxxx,107.77,47.4,109.31,106.02,47.4,109.31,18.93,14.09,19.15,18.76,14.09,19.04,17.98,17.37,54.81,19.37,17.45,49.14,0
1196441,NBN,Fibre to the Node,50/20 Mbps,iiNet,NSW,Minor Rural,FALSE,FALSE,e0:bxxxxxx,52.89,29.86,53.96,52.66,44.37,53.85,18.91,17.41,19.14,18.89,18.49,19.14,18.26,15.04,35.33,18.39,17.77,25.67,0
49590429,NBN,Fibre to the Node,25/10 Mbps,Dodo & iPrimus,QLD,Urban,FALSE,FALSE,28:8xxxxxx,23.9,2.46,26.51,23.44,9.33,26.47,9.27,7.21,9.48,9.13,7.21,9.44,7.93,6.02,38.28,10.58,6.04,38.28,0
102022045,NBN very high speed services,Fibre to the Premises,500-990/50 Mbps,Other RSPs,ACT,Urban,FALSE,FALSE,28:bxxxxxx,896.97,193.49,922.13,898.09,876.44,915.14,45.62,45.28,45.78,45.63,45.41,45.74,6.26,5.86,6.34,6.24,5.88,6.31,0
97045661,NBN,Fibre to the Node,50/20 Mbps,Other RSPs,QLD,Urban,FALSE,FALSE,28:8xxxxxx,53.11,10.85,54.39,52.22,10.85,54.33,18.81,18.23,18.94,18.79,18.46,18.89,30.67,26.88,31.77,30.83,28.74,31.37,0
117176479,NBN,Hybrid Fibre Coaxial,100/20 Mbps,Dodo & iPrimus,VIC,Urban,FALSE,FALSE,94:8xxxxxx,105.46,18.07,107.83,102.45,18.07,107.81,18.75,17.76,18.87,18.79,18.72,18.82,10.51,10.01,15.99,10.46,10.01,13.16,0.05
1188513,NBN,Fibre to the Premises,100/20 Mbps,Aussie Broadband,ACT,Urban,FALSE,FALSE,70:axxxxxx,103.71,86.26,105.06,103.86,93.39,104.98,19,9.89,19.16,18.84,9.89,19.14,6.86,6.57,7.57,6.87,6.66,7.25,3.97
48464289,NBN,Hybrid Fibre Coaxial,50/20 Mbps,TPG,VIC,Urban,FALSE,FALSE,98:9xxxxxx,53.15,26.22,53.6,52.73,26.22,53.57,18.82,17.34,19.02,18.78,17.34,19.02,7.88,7.61,14.23,7.96,7.71,14.23,0.13
127446178,Starlink,Satellite,100/50 Mbps,Starlink,NSW,,FALSE,FALSE,74:2xxxxxx,239.45,63.48,451.36,163.53,95.13,249.54,30.45,11.04,58.76,29.44,13.38,51.67,24.16,20.58,34.5,25.28,22.53,28.68,0.1
123218342,NBN fixed wireless,Fixed Wireless,25/5 Mbps,,QLD,Remote,FALSE,FALSE,5c:axxxxxx,26.09,7.02,26.81,26.35,20.92,26.81,4.69,4.48,4.72,4.69,4.53,4.72,38.03,35.73,57.65,38.2,36.02,38.83,0.16
1354407,NBN,Fibre to the Premises,250/25 Mbps,Other RSPs,VIC,Major Rural,FALSE,FALSE,9c:5xxxxxx,252.05,63.08,256.44,248.27,63.08,256.24,23.68,23.57,23.74,23.68,23.57,23.74,13.21,12.07,21,12.12,12.08,12.21,0
2210985,NBN,Fibre to the Node,50/20 Mbps,Exetel,QLD,Urban,TRUE,FALSE,a0:3xxxxxx,39.33,19.01,47.16,37.83,25.28,46.86,7.82,6.28,8.25,7.81,7.4,8.15,26.49,21.84,188,26.94,23.64,31.97,0.1
134533291,NBN,Fibre to the Premises,50/20 Mbps,Leaptel,WA,Urban,FALSE,FALSE,d8:0xxxxxx,53.02,36.5,53.58,52.5,48.08,53.44,18.94,18.29,19,18.9,18.29,18.99,2.31,2.25,4.16,2.33,2.25,2.88,0.06
128670380,NBN,Fibre to the Premises,500/50 Mbps,Exetel,NSW,Urban,FALSE,TRUE,00:0xxxxxx,277.43,104.94,313.64,277.9,205.04,305.73,40.34,26.32,42.38,40.39,37.5,42.36,2.49,2.35,4.26,2.46,2.36,2.61,0
108128941,NBN very high speed services,Fibre to the Premises,500-990/50 Mbps,Superloop,ACT,Urban,FALSE,FALSE,54:0xxxxxx,933.73,896.92,937.95,931.94,910.02,937.89,47.33,46.78,47.49,47.28,47.01,47.45,6.67,6.46,7.26,6.64,6.46,7.11,6.32
124146099,NBN,Fibre to the Node,50/20 Mbps,Aussie Broadband,WA,Urban,FALSE,FALSE,18:fxxxxxx,53.73,48.26,54.5,53.84,53.33,53.97,18.95,18.87,18.99,18.93,18.87,18.95,16.74,16.5,17.62,16.74,16.51,16.87,0.17
31031989,NBN,Hybrid Fibre Coaxial,100/20 Mbps,Superloop,QLD,Urban,FALSE,FALSE,54:axxxxxx,104.64,59.77,108.8,103.1,59.77,108.67,18.82,12.97,19,18.61,12.97,18.99,7.91,7.44,17.79,8.19,7.64,17.2,0.06
2521529,NBN,Fibre to the Node,50/20 Mbps,Exetel,NSW,Minor Rural,FALSE,FALSE,2c:7xxxxxx,52.08,29.77,54.56,51.86,41.49,54.56,10.1,9.12,10.87,10.06,9.45,10.81,22.88,18.49,31.85,22.8,18.85,31.85,0.06
96439993,NBN,Fibre to the Node,25/5 Mbps,Dodo & iPrimus,NSW,Urban,FALSE,FALSE,14:5xxxxxx,26.36,25.35,26.56,26.34,25.35,26.52,4.71,4.62,4.77,4.71,4.66,4.75,19.5,14.4,22.09,19.61,16.7,21.96,0
33093565,NBN,Hybrid Fibre Coaxial,100/40 Mbps,Optus,QLD,Urban,FALSE,FALSE,64:6xxxxxx,108.08,84.28,111.89,107.62,95.62,111.89,37.09,0.02,37.98,37.46,37.02,37.82,8.07,7.73,8.62,8.06,7.86,8.43,0
36363973,NBN,Hybrid Fibre Coaxial,100/40 Mbps,Superloop,QLD,Urban,FALSE,FALSE,48:bxxxxxx,107.3,13.7,109.66,105.22,13.7,108.65,37.77,32.75,37.99,37.61,34.06,37.97,7.69,7.43,11.35,7.81,7.49,11.35,0.16
5071817,NBN,Fibre to the Node,75/20 Mbps,Aussie Broadband,ACT,Urban,FALSE,FALSE,18:fxxxxxx,73.58,56.68,73.91,73.57,67.15,73.88,18.95,18.25,19.26,18.96,18.77,19.26,13.29,10.87,15.36,13.24,10.88,14.43,0
4329677,NBN,Fibre to the Node,50/20 Mbps,Superloop,NSW,Urban,FALSE,FALSE,e0:bxxxxxx,49.98,26.26,50.45,50.28,49.03,50.44,8.55,8.03,9.14,8.51,8.03,9.01,9.57,6.99,108.1,10.91,8.46,108.1,0
66082769,NBN,Fibre to the Premises,100/20 Mbps,Other RSPs,NT + SA,Urban,FALSE,FALSE,1c:6xxxxxx,98.89,48.55,103.13,97.68,48.55,102.81,18.72,17.5,18.86,18.68,17.74,18.85,23.46,23.29,23.67,23.5,23.38,23.66,0
1029329,NBN,Fibre to the Premises,100/20 Mbps,Optus,NSW,Urban,FALSE,FALSE,64:6xxxxxx,108.67,86.53,111.1,108.62,105.68,109.08,18.65,17.34,19.55,18.64,17.81,18.85,3.23,3.08,4.63,3.2,3.08,3.48,0.16
55105233,NBN very high speed services,Fibre to the Premises,500-990/50 Mbps,Aussie Broadband,NSW,Urban,FALSE,FALSE,2c:cxxxxxx,920.99,823.38,927.41,919,823.38,927.41,47.02,41.89,47.6,47.04,44.17,47.6,1.66,1.55,2.37,1.64,1.55,1.99,0.06
24329429,NBN,Hybrid Fibre Coaxial,100/20 Mbps,Vodafone,NSW,Urban,FALSE,FALSE,c0:0xxxxxx,108.36,98.61,109.05,108.18,98.61,109.05,18.95,18.68,19.06,18.95,18.87,19.03,7.95,7.6,149.32,7.98,7.91,8.28,0.03
2260953,NBN,Fibre to the Premises,100/20 Mbps,Telstra,NSW,Urban,FALSE,FALSE,d4:3xxxxxx,108.96,100.58,110.54,108.7,100.58,110.54,19.04,15.11,19.27,19.03,18.8,19.21,2.18,2.1,2.88,2.14,2.1,2.29,0
33093593,NBN,Hybrid Fibre Coaxial,100/20 Mbps,Dodo & iPrimus,QLD,Urban,FALSE,FALSE,04:dxxxxxx,106.22,40.3,108.96,105.22,40.3,108.96,18.69,17.52,18.84,18.72,17.7,18.84,9.15,8.83,21.15,9.32,8.99,13.23,0
1188315,NBN very high speed services,Fibre to the Premises,500-990/50 Mbps,Aussie Broadband,NSW,Urban,FALSE,FALSE,a8:4xxxxxx,766.63,208.88,855.87,765.64,671.07,848.1,47.07,29.24,47.56,47.08,45.22,47.56,14.6,13.43,22.03,14.88,13.88,22.03,0.13
102768861,NBN very high speed services,Fibre to the Premises,500-990/50 Mbps,Leaptel,NSW,Urban,FALSE,FALSE,b0:1xxxxxx,923.34,861.07,927.23,917.67,861.07,927.13,47.64,47.11,47.68,47.64,47.3,47.68,3.31,2.77,4.43,3.35,2.86,4.09,0
28131293,NBN,Fibre to the Node,100/20 Mbps,TPG,VIC,Urban,FALSE,FALSE,74:fxxxxxx,106.38,85.02,108.17,105.26,85.02,107.98,16.74,15.87,18.94,16.76,15.87,18.85,19.55,12.77,24.45,19.8,13.61,24.38,0.03
5071837,NBN,Fibre to the Premises,50/20 Mbps,TPG,NSW,Urban,FALSE,FALSE,a4:2xxxxxx,52.61,29.59,54.04,52.46,30.07,53.99,18.75,17,18.9,18.77,18.46,18.9,2.48,2.21,131.97,2.65,2.34,5.13,0
37383389,NBN,Hybrid Fibre Coaxial,100/40 Mbps,Superloop,NSW,Urban,FALSE,FALSE,1c:exxxxxx,108.43,102.81,109.48,108.39,104.3,109.48,37.4,25.47,37.96,37.44,35.78,37.86,8.26,7.98,9.87,8.37,8.17,9.87,0.23
31032033,NBN,Fibre to the Premises,100/20 Mbps,Aussie Broadband,NSW,Urban,FALSE,FALSE,7c:5xxxxxx,108.46,93.53,110.1,108.46,105.05,108.65,18.95,18.62,19.02,18.96,18.68,19.01,12.39,12.32,13.94,12.37,12.33,12.46,0
22865889,NBN,Hybrid Fibre Coaxial,100/20 Mbps,Telstra,QLD,Urban,FALSE,FALSE,bc:3xxxxxx,108.38,0.28,109.65,105.25,0.96,109.33,18.77,5.43,18.86,18.76,17.56,18.86,7.46,7.24,9.77,7.58,7.34,8.28,0.39
56963045,NBN,Fibre to the Node,50/20 Mbps,Other RSPs,NSW,Urban,FALSE,FALSE,e0:bxxxxxx,51.9,38.98,52.32,51.58,41.65,52.29,9.64,8.77,9.9,9.6,8.77,9.83,14.27,8.76,15.23,14.26,11.89,15.23,0
5220581,NBN very high speed services,Hybrid Fibre Coaxial,500-990/50 Mbps,Aussie Broadband,WA,Urban,FALSE,FALSE,70:axxxxxx,827.75,598.91,940.41,810.21,598.91,939.55,47.25,44.68,47.55,47.17,46.59,47.43,8.35,7.7,10.25,8.37,7.85,9.15,0
33093605,NBN,Fibre to the Node,50/20 Mbps,Dodo & iPrimus,ACT,Urban,FALSE,FALSE,a0:4xxxxxx,53.18,36.42,53.39,52.84,36.42,53.38,17.7,17.36,17.88,17.71,17.52,17.85,12.59,11,13.27,12.55,11.14,12.76,0
135073768,NBN,Fibre to the Premises,50/20 Mbps,Superloop,WA,Urban,FALSE,FALSE,f0:0xxxxxx,54.2,42.05,54.79,53.63,42.49,54.46,18.91,17.67,19.23,18.93,18.68,18.98,2.81,2.62,4.77,2.89,2.64,4.77,0.03
135073769,NBN,Hybrid Fibre Coaxial,100/40 Mbps,Optus,QLD,Urban,FALSE,FALSE,d4:5xxxxxx,107.34,18.92,109.77,105.54,61.92,109.27,37.76,32.35,37.99,37.63,32.92,37.97,9.7,9.13,25.98,10.2,9.13,25.98,0.32
23486953,NBN,Fibre to the Node,50/20 Mbps,TPG,WA,Urban,FALSE,FALSE,a4:9xxxxxx,53.67,46.23,53.9,53.68,52.99,53.84,16.74,16.02,17.05,16.74,16.29,16.94,9.53,7.78,10.77,9.43,8.36,10.4,0
119120105,NBN very high speed services,Fibre to the Premises,500-990/50 Mbps,Leaptel,QLD,Major Rural,FALSE,FALSE,f0:axxxxxx,928.26,799.29,936.1,922.87,799.29,936.1,47.34,44.93,47.6,47.29,46.13,47.54,3.08,3.04,3.21,3.08,3.04,3.21,0
4329453,NBN,Fibre to the Node,25/5 Mbps,TPG,QLD,Major Rural,FALSE,FALSE,f4:8xxxxxx,25.96,4.45,26.63,26.25,21.79,26.63,4.7,4.06,4.78,4.7,4.61,4.75,35.43,27.27,50.57,35.81,28.37,48.66,0.03
26490093,NBN very high speed services,Fibre to the Premises,500-990/50 Mbps,Aussie Broadband,WA,Urban,FALSE,FALSE,a0:3xxxxxx,902.83,601.79,920.9,892.01,601.79,919.32,47.35,45.39,47.45,47.34,47.07,47.42,3.44,2.26,8.02,3.43,2.28,4.52,0
78151149,NBN fixed wireless,Fixed Wireless,Fixed Wireless Plus 50/10,,WA,Remote,FALSE,FALSE,c0:5xxxxxx,61.78,44.86,70.94,59.92,48.89,65.7,6.08,1.41,7.81,5.43,4.07,6.86,45.93,44.73,75.61,46.06,44.74,46.98,0.16
23244525,NBN,Fibre to the Node,100/20 Mbps,Optus,WA,Urban,TRUE,TRUE,04:4xxxxxx,67.69,32.16,73.07,67.59,32.16,73.04,18.91,18.31,19.35,18.86,18.31,19,28.45,27.67,29.79,28.48,27.73,29.79,0.03
57725677,Non-NBN fixed line services,Fibre to the Premises,100/20 Mbps,,ACT,,FALSE,FALSE,50:cxxxxxx,94.06,88.94,95.59,94.07,88.94,95.59,18.38,18.15,18.63,18.38,18.19,18.59,6.23,6.05,7.7,6.22,6.14,6.49,0
21279217,NBN very high speed services,Hybrid Fibre Coaxial,500-990/50 Mbps,Aussie Broadband,QLD,Urban,FALSE,FALSE,b0:axxxxxx,940.16,910.87,941.39,939.32,910.87,941.39,47.39,46.57,47.51,47.37,46.57,47.5,7.71,7.57,8.21,7.74,7.62,8.1,0.1
55105269,NBN,Fibre to the Node,25/5 Mbps,Telstra,NSW,Urban,FALSE,FALSE,b8:exxxxxx,25.82,24.01,26.56,25.83,24.76,26.56,4.75,3.8,4.89,4.74,4.63,4.8,19.12,15.17,25.44,18.97,15.99,20.83,0
133117177,NBN,Fibre to the Premises,100/20 Mbps,Optus,NSW,Urban,FALSE,FALSE,28:8xxxxxx,106.52,49.58,111,103.9,65.19,109.53,17.06,14.92,17.93,17.06,16.67,17.93,17.34,8.4,32.89,17.57,8.43,22.35,0.06
38616829,NBN,Fibre to the Premises,100/40 Mbps,Exetel,NSW,Urban,FALSE,FALSE,70:axxxxxx,106.24,10.6,108.92,103.99,10.6,108.92,37.4,26.99,37.76,37.2,31.06,37.75,3.58,3.34,10.27,3.69,3.42,9.39,0
59419133,NBN,Fibre to the Premises,100/20 Mbps,Leaptel,VIC,Urban,FALSE,FALSE,f0:9xxxxxx,103.88,81.88,106.14,102.65,81.88,106.08,17.39,14.62,17.97,17.2,14.62,17.97,2.03,1.88,6.63,2.08,1.88,3.06,0.03
5106685,NBN,Fibre to the Curb,50/20 Mbps,Telstra,NSW,Urban,FALSE,FALSE,bc:3xxxxxx,53.5,20.49,55.07,53.05,36.89,55.07,18.68,14.47,18.89,18.78,17.87,18.86,7.8,7.37,13.01,7.73,7.39,9.85,0.04
2535423,NBN very high speed services,Fibre to the Premises,500-990/50 Mbps,Leaptel,WA,Urban,FALSE,FALSE,78:9xxxxxx,922.78,634.65,927.13,921.87,858.72,927.01,47.29,45.74,47.5,47.28,45.74,47.48,2.67,2.61,4.64,2.71,2.61,3.51,0.1
116998148,NBN,Fibre to the Premises,50/20 Mbps,Dodo & iPrimus,NSW,Urban,FALSE,FALSE,d4:6xxxxxx,53.37,40.69,54.11,53.33,40.69,54.11,18.8,17.37,18.88,18.79,17.37,18.88,4.3,4.1,8.42,4.41,4.29,6.18,0
1188359,NBN,Fibre to the Premises,50/20 Mbps,Optus,NSW,Urban,FALSE,FALSE,d0:8xxxxxx,54.34,41.64,55.49,53.63,42.22,55.47,18.77,17.72,18.82,18.7,17.72,18.82,3.87,3.69,30.79,3.94,3.71,5.62,0
48370441,NBN,Fibre to the Node,100/20 Mbps,Vodafone,WA,Urban,TRUE,TRUE,e8:9xxxxxx,67.69,52.33,69.82,67.46,54.74,69.77,18.94,18.45,19.03,18.93,18.66,19.01,9.62,6.08,11.87,9.69,9.18,11.03,0
1029385,NBN,Fibre to the Premises,250/25 Mbps,TPG,NSW,Urban,FALSE,FALSE,d8:4xxxxxx,268.86,260.94,270.07,268.77,260.94,270.07,22.04,15.72,23.2,21.61,15.72,22.48,2.76,2.54,75.62,2.76,2.6,3.05,0.11
134312715,NBN very high speed services,Fibre to the Premises,500-990/50 Mbps,Leaptel,QLD,Major Rural,FALSE,FALSE,9c:axxxxxx,926.8,764.47,935.71,921.32,792.41,934.45,47.06,42.62,47.55,47.17,45.43,47.55,2.99,2.96,3.11,3,2.97,3.11,0.06
1188365,NBN,Fibre to the Node,25/5 Mbps,Other RSPs,NSW,Urban,FALSE,FALSE,ac:1xxxxxx,26.69,22.64,27.06,26.48,22.64,26.98,4.71,4.64,4.75,4.71,4.67,4.74,11.01,9.29,18.72,11.14,9.32,14.69,0
126058253,NBN very high speed services,Fibre to the Premises,500-990/50 Mbps,Leaptel,WA,Urban,FALSE,FALSE,76:axxxxxx,924.32,888.65,935.13,922.09,888.65,934.94,47.69,46.75,47.8,47.69,47.4,47.78,1.68,1.63,2.2,1.7,1.63,2.2,0.03
1028878,NBN,Fibre to the Node,50/20 Mbps,Optus,NSW,Urban,FALSE,FALSE,10:dxxxxxx,54.48,47.01,55.5,54.34,48.36,55.27,11.8,9.36,15.95,11.75,9.36,15.37,11.46,8.37,14.88,11.34,9.59,12.62,0.03
128793615,NBN very high speed services,Fibre to the Premises,500-990/50 Mbps,Leaptel,WA,Urban,FALSE,FALSE,24:4xxxxxx,930.26,847.22,935.27,928.39,852.92,935.27,48.43,47.85,48.65,48.44,48.3,48.63,1.97,1.85,2.62,2.01,1.9,2.61,0.03
97560341,NBN fixed wireless,Fixed Wireless,25/5 Mbps,,QLD,Remote,FALSE,FALSE,d4:3xxxxxx,22.52,10.94,23.52,22.28,16.89,23.52,4.34,1.44,4.84,4.18,1.44,4.84,35.3,31.88,69.87,35.71,33.07,67.62,0
108352025,NBN,Fibre to the Premises,100/40 Mbps,Exetel,NSW,Urban,FALSE,FALSE,58:dxxxxxx,92.78,72.5,95.47,92.31,76.99,94.95,35.81,20.8,36.34,35.62,20.8,36.26,2.66,2.25,25.53,2.81,2.33,12.64,0.03
36896537,NBN,Fibre to the Node,50/20 Mbps,Other RSPs,QLD,Major Rural,TRUE,FALSE,f8:cxxxxxx,33.3,19.49,38.15,33.42,20.52,38.07,3.48,2.75,3.97,3.5,2.75,3.8,26.05,21.7,33.99,26.18,21.76,33.99,0
1028896,NBN,Fibre to the Node,100/20 Mbps,Telstra,NSW,Major Rural,FALSE,FALSE,34:9xxxxxx,106.57,26.49,110.39,106.67,86.48,109.39,19.02,17.39,19.27,19.03,18.51,19.26,13.26,7.62,18.58,13.16,10.76,14.12,0.35
47354913,NBN,Hybrid Fibre Coaxial,75/20 Mbps,Aussie Broadband,NSW,Urban,FALSE,FALSE,b4:fxxxxxx,74.7,49.91,75.98,73.94,49.91,75.68,18.7,5.62,19.02,18.68,11.75,19.01,8.77,8.41,44.79,9.24,8.43,25.35,0.45
130293800,NBN Satellite Services,Satellite,25/5 Mbps,,NT + SA,Remote,FALSE,FALSE,98:2xxxxxx,24.52,5.46,27.86,23.38,8.22,27.42,5.34,3.07,5.67,5.22,3.07,5.54,619.6,590.76,698.24,622.17,595.24,678.28,0.16
56963113,NBN,Fibre to the Node,25/10 Mbps,Aussie Broadband,WA,Urban,FALSE,FALSE,d0:dxxxxxx,25.46,18.1,27.47,25.21,18.1,27.36,3.92,1.61,5.34,3.9,1.75,5.09,9.93,6.65,14.36,10.07,6.66,13.33,0.06
55105321,NBN,Fibre to the Premises,100/20 Mbps,Dodo & iPrimus,WA,Urban,FALSE,FALSE,1c:6xxxxxx,106.03,65.45,107.53,106.82,100.68,107.33,18.74,15.41,18.88,18.77,18.43,18.88,6.17,5.68,7.88,6.21,5.69,6.95,0.35
61833261,NBN,Fibre to the Premises,100/20 Mbps,Launtel,TAS,Urban,FALSE,FALSE,7c:dxxxxxx,93.42,53.28,105.57,89.2,53.28,104.44,17.53,10.26,18.53,17.89,15.16,18.37,9.53,9.39,10.89,9.64,9.43,10.55,0
135737904,NBN fixed wireless,Fixed Wireless,Fixed Wireless Superfast 400/40,,NSW,Minor Rural,FALSE,FALSE,00:0xxxxxx,295.2,6.83,372.53,277.19,20.61,370.4,18.22,12.12,22.45,16.48,12.12,20.45,52.52,51.34,63.59,52.99,52.2,55.36,0
4114225,NBN,Fibre to the Node,50/20 Mbps,Telstra,QLD,Urban,FALSE,FALSE,bc:3xxxxxx,54.35,45.27,55.22,53.96,45.27,55.07,19.08,17.98,19.27,19.06,18.08,19.17,15.33,12.62,18.73,15.38,13.45,17.18,0
135737906,NBN very high speed services,Fibre to the Premises,500-990/50 Mbps,Superloop,WA,Urban,FALSE,FALSE,1c:3xxxxxx,934.85,924.2,936.67,933.93,924.4,936.41,47.42,46.85,47.55,47.4,46.85,47.53,3.11,2.65,3.4,3.14,2.87,3.4,0.03
129846835,NBN Satellite Services,Satellite,100/10 Mbps,,QLD,Minor Rural,FALSE,FALSE,30:dxxxxxx,55.72,9.05,110.11,36.2,9.05,83.7,13.49,6.43,18.01,11.08,7.4,16.44,667.75,632.12,886.66,702.02,646.3,886.66,0.23
114331443,NBN,Fibre to the Curb,100/20 Mbps,Telstra,NSW,Urban,FALSE,FALSE,6a:dxxxxxx,79.82,7.05,83.81,79.85,50.45,83.76,18.12,8.2,18.82,18.06,8.2,18.81,6.07,5.62,10.02,5.98,5.63,7.06,0
45564725,NBN very high speed services,Fibre to the Premises,500-990/50 Mbps,Other RSPs,ACT,Urban,FALSE,FALSE,f0:2xxxxxx,917.88,879.3,927.32,916.3,886.93,927.32,47.06,46.22,47.25,46.99,46.22,47.25,7.91,7.66,9.01,7.93,7.66,8.33,0.11
114331445,NBN,Hybrid Fibre Coaxial,100/40 Mbps,Aussie Broadband,QLD,Urban,FALSE,FALSE,a4:9xxxxxx,108.37,91.24,109.86,108.3,104.87,108.68,37.88,32.08,38,37.91,37.71,38,7.58,7.39,13.45,7.62,7.46,8.3,0
24058429,NBN,Hybrid Fibre Coaxial,100/20 Mbps,Superloop,QLD,Urban,FALSE,FALSE,f4:2xxxxxx,106.73,57.66,108.16,106.49,91.95,108.16,18.6,7.58,18.97,18.43,14.19,18.95,9.67,9.29,11.78,9.76,9.49,10.94,0.23
119035453,NBN,Fibre to the Premises,100/40 Mbps,Superloop,NSW,Urban,FALSE,FALSE,78:dxxxxxx,106.3,94.9,107.71,105.73,94.9,107.6,36.76,34.15,37.12,36.73,36,37.07,3.37,3.27,3.61,3.36,3.27,3.55,0
24028989,NBN,Hybrid Fibre Coaxial,100/20 Mbps,Telstra,QLD,Urban,FALSE,FALSE,bc:3xxxxxx,109.18,105.87,110.07,109.16,107.92,109.78,18.81,17.98,18.87,18.81,18.69,18.87,8.25,7.49,9.06,8.26,8.17,8.4,0.03
42617409,NBN,Fibre to the Premises,100/20 Mbps,iiNet,NT + SA,Urban,FALSE,FALSE,e0:2xxxxxx,108.39,102.54,108.85,108.39,107.89,108.77,18.97,18.53,19.03,18.97,18.94,19,12.94,12.87,13.04,12.95,12.9,12.99,0
117265219,NBN,Hybrid Fibre Coaxial,50/20 Mbps,TPG,NSW,Urban,FALSE,FALSE,34:exxxxxx,52.89,40.88,53.87,52.31,40.88,53.87,18.79,14.25,19.85,18.82,18.41,19.85,8.13,7.74,125.73,8.24,7.9,9.2,0
24329033,NBN fixed wireless,Fixed Wireless,Fixed Wireless Plus 100/20,,QLD,Remote,FALSE,FALSE,a0:4xxxxxx,60.79,30.81,113.59,62.76,50.9,99.37,15.79,10.22,20.3,15.24,12.57,18.5,49.95,39.67,63.47,45.08,39.67,53.07,2.87
125920330,NBN,Fibre to the Node,25/10 Mbps,Dodo & iPrimus,WA,Urban,FALSE,FALSE,34:6xxxxxx,24.61,5.36,26.51,23.63,15.7,26.48,9.38,8.74,9.48,9.34,8.74,9.44,10.13,6.89,19.6,10.58,6.99,19.6,0.03
4114253,NBN,Fibre to the Node,50/20 Mbps,TPG,NSW,Urban,FALSE,FALSE,c4:7xxxxxx,46.51,26.5,46.74,45.86,26.5,46.74,7.83,6.83,9.64,7.86,7.11,9.53,10.57,9.22,80.72,10.57,9.56,11.48,0
2219341,NBN,Fibre to the Node,50/20 Mbps,Exetel,NSW,Urban,FALSE,FALSE,50:9xxxxxx,52.16,3.59,54.48,51.09,5.91,54.4,18.8,17.69,18.93,18.76,18.25,18.88,10.22,6.74,22.13,10.31,8.37,12.42,0
32893773,NBN very high speed services,Fibre to the Premises,500-990/50 Mbps,Leaptel,QLD,Urban,FALSE,FALSE,a0:bxxxxxx,913.69,701.18,935.07,903.06,701.18,934.6,47.02,44.34,47.48,46.9,45.11,47.43,3.2,3.07,5.09,3.21,3.1,4.34,0
124395605,Starlink,Satellite,100/50 Mbps,Starlink,QLD,,FALSE,FALSE,74:2xxxxxx,188.3,24.75,397.8,182.25,28.5,347.83,29.18,6.71,55.3,28.72,13.59,46.11,34.64,27.8,40.44,35.85,33.25,39.11,0.03
97184341,NBN,Fibre to the Node,50/20 Mbps,Dodo & iPrimus,NSW,Urban,FALSE,FALSE,8c:exxxxxx,53.48,48.79,53.97,53.39,48.79,53.94,18.83,18.35,19.12,18.83,18.74,18.9,11.56,8.82,14.38,11.58,9.31,12.91,0
128118102,NBN fixed wireless,Fixed Wireless,Fixed Wireless Plus 100/20,,NSW,Major Rural,FALSE,FALSE,d4:3xxxxxx,64.21,6.81,141.21,51.54,6.81,102.86,2.74,1.11,5.45,2.25,1.37,3.39,44.16,42.24,66.65,44.58,42.76,54.92,0
133548891,NBN Satellite Services,Satellite,50/10 Mbps,,NSW,Minor Rural,FALSE,FALSE,14:cxxxxxx,41.68,11.13,54.35,40.14,11.13,53.22,10.17,0.62,18.59,10.41,2.23,17.07,687.25,645.1,751.07,680.92,657.05,690.48,0.19
2322781,NBN very high speed services,Fibre to the Premises,500-990/50 Mbps,Aussie Broadband,ACT,Urban,FALSE,FALSE,f8:cxxxxxx,936.16,927.6,937.03,936.25,932.77,936.8,47.39,46.97,47.47,47.38,46.97,47.46,6.57,6.23,7,6.62,6.35,6.79,0
2521437,NBN,Fibre to the Premises,100/20 Mbps,Dodo & iPrimus,NSW,Urban,FALSE,FALSE,24:2xxxxxx,107.12,87.83,108.63,106.82,100.49,107.64,18.85,18.44,18.93,18.82,18.44,18.89,4.67,4.4,12.79,4.66,4.48,5.12,0.06
2565219,NBN very high speed services,Fibre to the Premises,500-990/50 Mbps,Other RSPs,QLD,Urban,FALSE,FALSE,60:4xxxxxx,898.57,49.24,931.78,929.36,911.84,931.45,46.1,18.89,47.21,47.14,46.85,47.21,1.99,1.7,3.39,1.99,1.79,2.15,0.25
1027940,NBN,Fibre to the Node,25/5 Mbps,Telstra,NSW,Minor Rural,FALSE,FALSE,bc:3xxxxxx,27.26,22.14,27.5,27.29,25.3,27.5,4.72,4.46,4.83,4.73,4.46,4.81,13.46,12.57,20.33,13.31,12.57,13.6,0
2512753,NBN,Fibre to the Premises,100/20 Mbps,Telstra,NSW,Urban,FALSE,FALSE,9c:cxxxxxx,108.91,85.73,111.09,108.88,97.32,110.65,18.94,17.02,19.12,18.84,17.02,19.11,9.76,9.52,10.45,9.78,9.55,10.31,0
57345141,NBN,Hybrid Fibre Coaxial,100/40 Mbps,Superloop,NSW,Urban,FALSE,FALSE,74:8xxxxxx,82.79,67.87,85.13,82.3,67.87,84.76,37.87,32.9,38.07,37.69,32.9,38.07,8.37,8.11,9.81,8.55,8.22,9.65,0
5071733,NBN,Fibre to the Premises,250/25 Mbps,Aussie Broadband,NSW,Urban,FALSE,FALSE,d0:dxxxxxx,271.55,258.9,271.99,271.05,259.56,271.99,23.7,23.04,23.77,23.68,23.04,23.77,5.4,5.29,5.52,5.42,5.38,5.47,0
107095929,Starlink,Satellite,100/50 Mbps,Starlink,QLD,,FALSE,FALSE,6a:dxxxxxx,195.09,1.35,379.01,188.66,21.46,327.68,32.08,7.59,60.58,32.62,14.98,60.58,36.38,32.67,43.68,37.21,34.31,42.13,0.1
2211193,NBN,Fibre to the Node,50/20 Mbps,Exetel,NSW,Urban,FALSE,FALSE,78:cxxxxxx,53.78,40.59,54.62,53.42,40.59,54.62,18.83,0.02,18.95,18.8,17.98,18.89,9.57,6.27,13.85,9.69,8.2,11.26,0
1028734,NBN,Fibre to the Premises,100/20 Mbps,TPG,NSW,Urban,FALSE,FALSE,0c:9xxxxxx,107.46,90.44,108.18,107.48,102.12,108.05,18.79,17.76,18.9,18.82,18.67,18.9,2.29,2.17,2.51,2.26,2.17,2.51,0
116680576,NBN,Fibre to the Premises,250/25 Mbps,Other RSPs,VIC,Urban,FALSE,FALSE,3c:7xxxxxx,252.11,91.2,259.52,246.22,91.2,258.8,23.82,23.71,23.87,23.82,23.79,23.87,15.28,13.36,15.41,15.28,15.21,15.4,0
56963201,NBN,Hybrid Fibre Coaxial,50/20 Mbps,Vodafone,QLD,Urban,FALSE,FALSE,a4:9xxxxxx,53.18,31.34,54.09,52.88,31.34,54,18.63,13.74,19.38,18.64,16.44,19.27,9.86,9.28,122.24,10.58,9.32,45.33,0
1195143,NBN,Fibre to the Node,50/20 Mbps,TPG,NSW,Urban,FALSE,FALSE,cc:3xxxxxx,53.42,47.83,53.67,53.42,53.24,53.52,18.99,18.68,19.15,19,18.94,19.12,9.95,6.84,90.73,9.9,8.7,10.24,0
106456201,NBN,Fibre to the Premises,250/100 Mbps,Leaptel,QLD,Major Rural,FALSE,FALSE,94:8xxxxxx,263.23,226.21,266.85,263.51,253.62,266.85,94.06,81.42,95.54,93.68,84.61,95.49,22.92,20.84,46.93,22.87,22.76,23.83,0
134674315,NBN,Fibre to the Node,50/20 Mbps,Leaptel,ACT,Urban,FALSE,FALSE,34:6xxxxxx,52.31,32.1,53.56,51.53,32.1,53.56,18.88,16.56,19.01,18.91,18.42,19,11.14,9.04,17.98,11.2,9.04,13.49,0.03
134533261,NBN,Fibre to the Node,100/20 Mbps,Telstra,QLD,Urban,FALSE,FALSE,a0:bxxxxxx,107.74,91.06,109.23,107.58,98.7,109.21,18.98,18.52,19.29,18.97,18.52,19.29,23.68,20.09,39.71,24.19,21.17,39.71,0
2512783,NBN,Fibre to the Node,50/20 Mbps,Aussie Broadband,QLD,Major Rural,TRUE,TRUE,28:8xxxxxx,34.56,18.56,35.09,34.58,28.72,35.09,6.8,6.32,7.02,6.78,6.46,6.92,30.14,27.64,32.39,30.22,27.95,31.57,0.9
128521361,NBN fixed wireless,Fixed Wireless,Fixed Wireless Plus 100/20,,NSW,Remote,FALSE,FALSE,bc:0xxxxxx,107.81,4.79,143.7,77.03,6.28,142.32,11.37,6.12,20.01,11.17,7.83,17.33,37.98,33.9,67.72,39.31,34.59,55.01,0.03
117446033,NBN,Hybrid Fibre Coaxial,250/25 Mbps,TPG,QLD,Urban,FALSE,FALSE,2c:3xxxxxx,207.07,76,256.15,208.52,142.97,254.34,23.19,1.45,23.73,23.07,18.87,23.72,9.67,8.92,72.85,9.76,9.07,12.3,0.03
130105489,NBN Satellite Services,Satellite,100/10 Mbps,,VIC,Remote,FALSE,FALSE,40:axxxxxx,50.48,4.86,111.4,28.45,6.12,88.45,10.41,5.02,17.08,9.6,5.75,15.13,649.92,612.21,725.89,661.85,624,707.17,0
112480914,NBN,Hybrid Fibre Coaxial,50/20 Mbps,Dodo & iPrimus,QLD,Urban,FALSE,FALSE,d0:6xxxxxx,51.53,5.2,53.93,50.75,38.28,53.75,18.69,17.42,18.83,18.56,17.42,18.82,10.43,10.18,14.77,10.6,10.27,11.28,0.03
2211219,NBN,Fibre to the Premises,100/20 Mbps,Aussie Broadband,NSW,Urban,FALSE,FALSE,10:1xxxxxx,107.79,91.35,110.22,107.21,94.86,108.64,18.93,18.04,19.05,18.9,18.32,19,4.14,4.05,8.76,4.23,4.05,8.76,0
1354389,NBN fixed wireless,Fixed Wireless,Fixed Wireless Plus 100/20,,TAS,Remote,FALSE,FALSE,c0:5xxxxxx,98.3,26.22,141.54,101.65,27.41,141.42,6.74,0.93,13.82,5.14,0.93,10.51,47.51,40.76,94.34,50.29,42.63,94.34,0.1
49470869,NBN very high speed services,Fibre to the Premises,500-990/50 Mbps,Launtel,QLD,Urban,FALSE,FALSE,26:5xxxxxx,917.31,804.93,935.08,914.02,804.93,935.08,46,44.9,46.54,46.02,45.73,46.51,1.42,1.37,5.81,1.44,1.39,2.15,0
124770455,NBN,Hybrid Fibre Coaxial,50/20 Mbps,Optus,NSW,Urban,FALSE,FALSE,38:axxxxxx,54.24,38.88,54.69,53.75,44.46,54.65,18.67,18.1,19.16,18.65,18.23,18.98,8.9,8.15,11.17,9.03,8.17,11.17,0
116127383,NBN,Hybrid Fibre Coaxial,100/20 Mbps,Other RSPs,QLD,Urban,FALSE,FALSE,34:exxxxxx,96.48,6.69,101.83,94.82,36.02,101.13,16.8,7.37,18.89,17.3,11.32,18.86,23,21.53,25.41,23.04,22.8,23.65,0.1
2565273,NBN very high speed services,Fibre to the Premises,500-990/50 Mbps,Aussie Broadband,NSW,Urban,FALSE,FALSE,78:8xxxxxx,832.53,763.36,833.86,832.19,814.73,833.86,47.37,37.96,47.5,47.37,46.44,47.5,4.09,4.04,6.77,4.07,4.04,4.14,0
55458457,NBN,Fibre to the Premises,250/25 Mbps,TPG,WA,Urban,FALSE,FALSE,9c:axxxxxx,265.59,233.88,269.49,264.76,247.97,269.45,21.27,18.83,22.14,21.28,20.93,21.89,2.98,2.9,57.62,3.28,2.91,26.48,0.74
66082713,NBN,Fibre to the Premises,100/20 Mbps,Telstra,QLD,Urban,FALSE,FALSE,10:1xxxxxx,108.54,83.01,109.87,108,97.42,109.32,19.02,17.94,19.33,19.03,18.79,19.33,17.34,16.95,25.38,17.37,16.97,18.24,0
128670361,Starlink,Satellite,100/50 Mbps,Starlink,VIC,,FALSE,FALSE,74:2xxxxxx,220.04,1.73,449.54,189.54,70.79,359.26,25.78,10.02,50.82,24.55,10.02,45.58,26.67,22.05,32.81,27.86,23.58,32.81,0.1
116680604,NBN,Fibre to the Premises,100/20 Mbps,Vodafone,ACT,Urban,FALSE,FALSE,90:7xxxxxx,107.48,87.58,108.37,106.77,87.58,108.37,18.94,17.75,19.01,18.94,18.55,18.98,7.27,6.96,9.71,7.3,6.96,9.31,0
23989149,NBN,Hybrid Fibre Coaxial,50/20 Mbps,Telstra,QLD,Urban,FALSE,FALSE,bc:3xxxxxx,53.97,40.59,55.02,52.81,41.3,54.77,18.77,0.18,18.87,18.75,18.53,18.85,8.04,7.86,9.99,8.1,7.91,9.02,0.84
114330529,NBN,Fibre to the Node,100/40 Mbps,Exetel,NSW,Major Rural,FALSE,FALSE,9c:6xxxxxx,95.07,70.79,97.1,94.5,75.25,97.1,37.38,36.93,37.52,37.37,37.16,37.5,21.47,17.13,36.97,21.38,19.67,22.79,0.03
124770465,NBN very high speed services,Fibre to the Premises,500-990/50 Mbps,Aussie Broadband,WA,Urban,FALSE,FALSE,f4:exxxxxx,934.24,93.76,936.81,933.97,917.1,936.52,47.38,46.53,47.51,47.38,47.2,47.48,2.11,2.01,2.59,2.12,2.03,2.19,0.19
117176481,NBN,Fibre to the Curb,50/20 Mbps,TPG,WA,Urban,FALSE,FALSE,50:dxxxxxx,53.33,31.51,53.91,52.96,31.51,53.83,18.77,17.76,18.96,18.74,17.76,18.91,14.76,5.94,52.36,16.3,5.97,52.36,0.06
81885605,Non-NBN fixed line services,Fibre to the Premises,100/20 Mbps,,NSW,,FALSE,FALSE,1c:3xxxxxx,110.85,90.73,112.61,112.24,110.9,112.43,18.37,18.14,18.61,18.35,18.21,18.55,2.4,2.26,3.66,2.34,2.26,3.58,0
116680614,NBN,Fibre to the Premises,250/25 Mbps,Superloop,QLD,Urban,FALSE,FALSE,2c:3xxxxxx,257.15,41.53,272.37,259.52,234.47,272,22.94,11.44,23.62,23.32,22.1,23.62,4,3.79,46.47,4.53,3.8,32.12,0
1028778,NBN,Fibre to the Premises,100/20 Mbps,Telstra,NSW,Urban,FALSE,FALSE,d4:9xxxxxx,109.21,105.54,110.68,109.24,107.57,110.46,18.98,18.82,19.24,18.98,18.89,19.21,4.55,3.63,5.98,4.52,4.04,5.86,0.03
45564845,NBN,Fibre to the Premises,100/20 Mbps,Aussie Broadband,NSW,Urban,FALSE,FALSE,d0:dxxxxxx,94.12,92.97,94.51,94.13,93.81,94.51,18.93,18.42,19.01,18.92,18.42,19,10.66,9.72,10.96,10.65,10.61,10.72,0
6986413,NBN,Fibre to the Premises,100/20 Mbps,TPG,VIC,Urban,FALSE,FALSE,20:2xxxxxx,106.24,79.56,108.21,105.66,79.56,107.97,18.85,18.14,19.66,18.83,18.14,18.88,6.85,6.16,19.73,6.85,6.24,7.99,0.45
124690606,NBN Satellite Services,Satellite,25/5 Mbps,,VIC,Minor Rural,FALSE,FALSE,bc:0xxxxxx,21.45,3.02,27.62,19.1,3.61,26.49,4.97,0.47,5.6,4.97,1.49,5.6,668.51,624.46,942.34,675.76,628.14,942.34,0.13
1354415,NBN,Fibre to the Node,25/5 Mbps,Telstra,NSW,Urban,FALSE,FALSE,d4:3xxxxxx,27.07,2.61,27.5,26.63,3.34,27.39,4.72,0.95,5.11,4.71,1.19,5.07,7.07,6.68,43.54,8.52,6.68,43.54,0.16
11285685,Non-NBN fixed line services,Fibre to the Premises,50/20 Mbps,,NSW,,FALSE,FALSE,70:8xxxxxx,44.85,8.17,53.72,46.32,14.08,53.63,18.41,5.96,19.27,18.4,15.17,19.27,4.03,2.89,21.98,6.74,3.12,20.48,0
124146103,Starlink,Satellite,50/10 Mbps,Starlink,NT + SA,,FALSE,FALSE,d4:9xxxxxx,51.95,40.14,54.83,51.5,40.14,54.5,9.46,9.06,9.82,9.43,9.08,9.67,38.24,36.8,40.23,38.66,37.67,39.71,0.36
1354433,NBN,Fibre to the Premises,100/20 Mbps,Leaptel,NSW,Minor Rural,FALSE,FALSE,a0:3xxxxxx,105.61,82.52,107.3,104.98,93.29,107.3,18.92,17.81,19.05,18.85,17.81,18.99,5.03,4.04,13.03,5.21,4.15,13.03,0
117784260,NBN very high speed services,Fibre to the Premises,500-990/50 Mbps,Leaptel,NSW,Urban,FALSE,FALSE,e0:6xxxxxx,904.66,515.98,934.46,897.6,515.98,934.46,47.12,36.29,47.46,46.84,36.29,47.45,3.17,2.95,3.89,3.15,2.96,3.84,0.06
45564869,NBN fixed wireless,Fixed Wireless,Fixed Wireless Plus 100/20,,WA,Minor Rural,FALSE,FALSE,68:dxxxxxx,99.82,80.28,145.56,103.35,81.35,145.56,21.45,15.89,22.68,21.31,15.89,22.29,48.82,45.73,51.97,48.86,47.05,51.04,0.35
1028806,NBN,Fibre to the Node,50/20 Mbps,Optus,NSW,Urban,FALSE,FALSE,44:axxxxxx,44.62,27.31,47.1,44.49,34.77,47.09,9.94,8.12,10.61,9.96,9.75,10.61,9.63,7.17,14.67,9.64,7.29,11.79,0.03
13097161,NBN,Fibre to the Premises,50/20 Mbps,Leaptel,QLD,Urban,FALSE,FALSE,f0:9xxxxxx,51.75,31.95,53.53,51.3,38.35,53.4,18.81,15.74,19,18.81,15.74,18.97,4.88,3.77,48.1,3.93,3.78,5.86,0.03
97491405,NBN,Fibre to the Premises,50/20 Mbps,Exetel,WA,Urban,FALSE,FALSE,20:0xxxxxx,53.69,45,54.61,53.1,45,54.42,18.82,18.44,18.89,18.8,18.58,18.87,3.07,2.94,4.66,3.18,2.98,4.66,0.08
2142671,NBN,Fibre to the Premises,100/40 Mbps,Dodo & iPrimus,NSW,Urban,FALSE,FALSE,48:2xxxxxx,107.24,85.71,108.74,107.2,103.71,107.77,37.7,37.5,37.81,37.7,37.6,37.78,18.97,13.19,26.26,19.25,13.19,26.02,0
131289297,Starlink,Satellite,100/50 Mbps,Starlink,NSW,,FALSE,FALSE,9e:0xxxxxx,193.26,2.26,359.53,172.47,7.38,322.94,28.56,8.13,51.54,27.47,8.13,51.54,25.49,22.12,32.23,26.72,24.33,32.23,0.52
1028824,NBN,Fibre to the Premises,100/20 Mbps,Exetel,NSW,Urban,FALSE,FALSE,9c:axxxxxx,108.48,95.16,108.91,108.5,104.2,108.84,18.8,17.59,18.9,18.77,17.59,18.9,13.12,12.82,13.66,13.14,12.83,13.61,0.03
81885913,Starlink,Satellite,100/50 Mbps,Starlink,NSW,,FALSE,FALSE,74:2xxxxxx,180.42,61.84,383.93,152.1,70.78,311.39,29.03,9.97,61.11,27.54,14.48,42.17,24.55,20.2,31.84,25,20.36,30.83,0.16
4080861,NBN very high speed services,Fibre to the Premises,500-990/50 Mbps,Aussie Broadband,WA,Urban,FALSE,FALSE,90:exxxxxx,912.34,841.45,917.29,910.81,841.45,917.29,37.66,25.51,38.3,37.79,28.6,38.3,1.84,1.72,2.18,1.86,1.82,2.05,0.1
5071841,NBN fixed wireless,Fixed Wireless,Fixed Wireless Plus 50/10,,NSW,Remote,FALSE,FALSE,60:8xxxxxx,78.59,47.42,81.09,77.86,55.45,80.62,9.43,8.99,9.6,9.43,9.02,9.6,31.08,27.38,35.28,31.36,28.23,35.2,0
23244513,NBN,Fibre to the Premises,100/40 Mbps,Aussie Broadband,WA,Urban,FALSE,FALSE,d0:dxxxxxx,108.69,106.19,110.28,108.64,107.19,109.69,37.94,37.57,37.99,37.94,37.84,37.98,1.58,1.37,1.7,1.59,1.42,1.7,0.03
24869093,NBN,Fibre to the Node,50/20 Mbps,iiNet,WA,Urban,TRUE,TRUE,a4:9xxxxxx,33.74,17.73,36.18,33.73,25.2,36.17,6.38,4.54,7.4,6.31,4.69,7.12,9.5,7.33,26.83,9.78,7.33,14.21,0
122214119,NBN very high speed services,Hybrid Fibre Coaxial,500-990/50 Mbps,Aussie Broadband,VIC,Urban,FALSE,FALSE,e4:cxxxxxx,896.67,297.97,899.47,884.96,297.97,898.82,45.32,21,45.85,45.54,43.95,45.82,8.83,8.62,9.61,8.88,8.63,9.61,0
2975209,NBN very high speed services,Fibre to the Premises,500-990/50 Mbps,Other RSPs,QLD,Urban,FALSE,FALSE,9e:0xxxxxx,876.87,17.84,920.78,868.86,223.13,915.71,46.89,43.32,47.39,46.82,45.07,47.3,25.23,17.03,40.1,25.78,17.09,40.1,0.1
31764201,NBN,Fibre to the Premises,250/25 Mbps,Optus,VIC,Urban,FALSE,FALSE,88:0xxxxxx,272.99,262.24,273.49,272.77,263.9,273.29,23.24,22.87,23.33,23.23,22.87,23.32,3.3,2.71,4.48,3.23,2.71,4.04,0.06
128469738,NBN fixed wireless,Fixed Wireless,Fixed Wireless Plus 50/10,,NSW,Remote,FALSE,FALSE,00:1xxxxxx,47.04,14.2,64.92,39.22,14.57,61.39,5.92,2.75,7.61,5.29,2.75,7.32,35.64,31.48,55.11,36.16,34.58,40.84,0.73
113837803,Starlink,Satellite,100/50 Mbps,Starlink,QLD,,FALSE,FALSE,74:2xxxxxx,258.19,21.23,418.15,250.05,21.23,418.15,35.23,11.02,70.26,32.65,15.62,64.23,42.5,37.46,58.28,44.19,40.19,48.5,0.13
42314477,NBN very high speed services,Fibre to the Premises,500-990/50 Mbps,Other RSPs,NSW,Urban,FALSE,TRUE,b4:0xxxxxx,396.04,131.86,501.59,396.1,222.8,479.31,46.53,34.59,46.65,46.54,45.7,46.64,14.6,6.26,26.75,13.47,6.26,25.02,0.19
23116269,NBN fixed wireless,Fixed Wireless,25/5 Mbps,,QLD,Remote,FALSE,FALSE,e0:bxxxxxx,25.9,16.37,26.86,24.71,16.37,26.63,4.69,4.34,4.79,4.66,4.45,4.76,35.61,31.71,39.67,35.67,32.52,38.7,0
135073775,NBN,Fibre to the Premises,100/20 Mbps,Superloop,QLD,Urban,FALSE,FALSE,2c:7xxxxxx,107.99,98.7,109.16,108.01,101.34,109.16,18.92,18.21,19.03,18.91,18.21,19,17.01,16.74,18,17.02,16.78,17.36,0.06
129577455,NBN Satellite Services,Satellite,100/10 Mbps,,QLD,Remote,FALSE,FALSE,18:fxxxxxx,56.65,7.54,110.47,41.4,7.54,85.52,13.23,1.33,17.89,11.28,1.33,16.45,666.12,627.31,873.44,676.44,639.29,873.44,0.58
24029169,NBN,Hybrid Fibre Coaxial,50/20 Mbps,Other RSPs,QLD,Urban,FALSE,FALSE,c0:fxxxxxx,49.86,5.7,53.14,49.67,35.72,53.14,18.16,1.47,18.4,17.94,9.17,18.4,20.08,19.73,22.44,20.26,19.96,22.17,0.1
135073778,NBN,Fibre to the Node,100/40 Mbps,Superloop,NSW,Major Rural,FALSE,FALSE,10:7xxxxxx,99.15,84.02,100.56,99.06,93.29,100.48,35.4,22.25,38.11,35.06,22.25,38.05,15.3,11.95,22.55,15.26,12.58,22.55,0
1028852,NBN,Fibre to the Node,50/20 Mbps,iiNet,NSW,Major Rural,FALSE,FALSE,a4:9xxxxxx,53.49,4.44,54.15,53.52,48.04,53.91,18.92,16.76,19.25,18.9,17.45,19.02,18.87,15.98,29.03,18.9,16.53,19.2,0.06
81801721,Non-NBN fixed line services,Fibre to the Premises,100/20 Mbps,,QLD,,FALSE,FALSE,9c:axxxxxx,112.58,96.05,114.06,112.46,96.05,113.64,18.39,18.12,18.66,18.4,18.12,18.52,1.63,1.61,1.75,1.64,1.62,1.75,0.03
4329469,NBN very high speed services,Fibre to the Premises,500-990/50 Mbps,Launtel,NSW,Urban,FALSE,FALSE,00:exxxxxx,918.04,818.37,921.83,916.51,890.34,920.98,45.87,43.47,46.13,45.86,45.11,46.05,3.51,3.36,31.05,3.49,3.43,3.55,0
1188349,NBN,Fibre to the Premises,50/20 Mbps,TPG,NSW,Urban,FALSE,FALSE,30:6xxxxxx,53.37,51.07,53.63,53.37,52.95,53.63,18.84,18.24,18.92,18.85,18.8,18.92,4,3.65,68.75,4.03,3.74,4.21,0.03
45887745,Starlink,Satellite,100/50 Mbps,Starlink,NSW,,FALSE,FALSE,5c:fxxxxxx,125.66,50.08,140.97,121.72,65,138.54,26.49,8.91,55.98,30.65,14.27,50.54,27.45,22.57,57.08,28.32,25.25,34.26,0.26
45564673,Starlink,Satellite,100/50 Mbps,Starlink,VIC,,FALSE,FALSE,28:bxxxxxx,149.49,8.94,361.41,128.15,8.94,267.1,23.01,6.13,53.53,22.84,7.81,35.39,29.83,24.7,36.02,31,27.12,34.79,0.06
53382913,NBN fixed wireless,Fixed Wireless,Fixed Wireless Plus 50/10,,NSW,Remote,FALSE,FALSE,14:5xxxxxx,59.57,53.43,65.53,59.75,55.61,64.31,6.95,4.18,7.95,6.59,4.28,7.95,50.93,47.73,104.39,50.95,48.7,51.51,0
22865921,NBN very high speed services,Hybrid Fibre Coaxial,500-990/50 Mbps,Leaptel,NSW,Urban,FALSE,FALSE,f0:0xxxxxx,931.28,836.02,936.22,929.08,872.55,936.22,47.05,42.11,47.49,46.8,42.11,47.28,9.6,9.18,10.51,9.65,9.38,10.51,0.11
1027842,NBN,Fibre to the Premises,50/20 Mbps,TPG,NSW,Urban,FALSE,FALSE,a8:6xxxxxx,51.11,4.19,53.64,50.25,4.19,53.57,18.76,17.69,18.96,18.7,18.07,18.91,3.38,3.04,111.79,3.55,3.13,10.39,0
2260995,NBN,Fibre to the Premises,100/20 Mbps,TPG,NSW,Urban,FALSE,FALSE,48:2xxxxxx,106.63,81.06,107.83,105.79,81.06,107.83,16.53,16.03,16.94,16.52,16.36,16.9,3.09,3.02,4.14,3.11,3.03,4.14,0
1029379,NBN,Fibre to the Node,50/20 Mbps,Other RSPs,NSW,Urban,FALSE,FALSE,f8:cxxxxxx,53.42,26.19,54.28,52.5,26.19,54.28,18.82,18.69,19.03,18.82,18.69,19.03,11.32,8.35,12.7,11.73,11.15,12.7,0.13
2211075,NBN,Fibre to the Premises,50/20 Mbps,Other RSPs,VIC,Urban,FALSE,FALSE,40:bxxxxxx,53.94,28.1,54.63,53.44,28.1,54.55,18.81,18.23,18.98,18.85,18.6,18.98,15.62,14.56,16.69,15.63,15.55,15.7,0
55971333,NBN,Fibre to the Node,100/20 Mbps,TPG,NSW,Urban,FALSE,FALSE,f0:0xxxxxx,105.87,40.82,107.99,105.11,91.41,107.94,18.85,18.46,19.12,18.83,18.66,19.06,6.03,4.42,99.21,5.95,4.54,8.9,0.03
71059973,NBN Satellite Services,Satellite,100/10 Mbps,,QLD,Major Rural,FALSE,FALSE,60:8xxxxxx,76.73,20.22,110.55,64.5,20.22,107.18,14.76,5.6,19.07,14.2,5.6,17.03,591.84,579.62,664.48,597.17,586.6,654.79,0.03
102479877,NBN,Fibre to the Node,50/20 Mbps,Aussie Broadband,NSW,Remote,TRUE,TRUE,9c:5xxxxxx,29.24,14.02,32.92,28.95,14.02,32.9,8.9,0.55,9.91,8.71,0.55,9.87,14.03,11.16,441.37,15.23,11.95,70.22,0
1028870,NBN,Fibre to the Premises,100/20 Mbps,TPG,VIC,Major Rural,FALSE,FALSE,74:dxxxxxx,107.12,84.35,108.23,106.95,98.49,108.16,18.72,17.67,18.89,18.67,18.16,18.81,11.32,11.15,12.38,11.31,11.16,11.54,0
117969160,NBN very high speed services,Fibre to the Premises,500-990/50 Mbps,Launtel,ACT,Urban,FALSE,FALSE,cc:4xxxxxx,919.2,548.93,922.52,912.76,622.14,921.59,45.97,45.62,46.29,45.99,45.62,46.29,6.65,6.52,7.1,6.67,6.59,6.74,0
108352008,NBN,Hybrid Fibre Coaxial,100/40 Mbps,Dodo & iPrimus,NSW,Urban,FALSE,FALSE,a8:4xxxxxx,105.77,95.07,107.62,105.64,98.04,107.43,37.57,35.98,37.75,37.61,37.29,37.72,9.77,9.58,11.01,9.81,9.59,10.33,0
134312712,NBN Satellite Services,Satellite,100/10 Mbps,,NT + SA,Major Rural,FALSE,FALSE,d0:dxxxxxx,99.2,47.19,111.36,93.76,47.19,108.2,15.69,8.87,18.73,15.92,10.95,17.53,707.03,672.48,813.43,704.9,676.03,724.23,0.03
1188361,NBN,Fibre to the Premises,50/20 Mbps,iiNet,NSW,Urban,FALSE,FALSE,28:cxxxxxx,35.08,24.19,53.73,34.95,25.84,53.73,17.96,7.75,18.95,17.75,14.82,18.92,13.07,3.59,141.25,13.32,3.69,21,0
78151177,NBN,Fibre to the Premises,100/20 Mbps,Dodo & iPrimus,NSW,Urban,FALSE,FALSE,58:dxxxxxx,93.6,36.27,108.05,91.99,37.68,108.05,18.75,15.88,18.94,18.69,16.3,18.88,6.18,5.22,11.01,6.37,5.42,8.9,0
23116301,NBN,Fibre to the Node,50/20 Mbps,Exetel,NSW,Urban,FALSE,FALSE,50:7xxxxxx,53.12,9.42,54.49,52.7,23.75,54.47,18.86,17.85,19.08,18.85,18.63,19,6.26,5.1,7.91,6.32,5.17,7.91,0
1561613,NBN very high speed services,Fibre to the Premises,500-990/50 Mbps,Other RSPs,NSW,Urban,FALSE,FALSE,28:8xxxxxx,929.67,674.04,931.36,929.43,898.37,931.36,46.93,35.94,47.19,46.94,42.23,47.16,14.13,13.82,16.17,14.19,13.85,16.17,0.29
55105293,NBN,Fibre to the Node,100/40 Mbps,iiNet,NSW,Urban,TRUE,FALSE,d4:3xxxxxx,85.84,43.64,96.79,83.8,43.64,96.79,32.84,7.53,38.16,31.4,7.53,38.05,9.64,6.15,143.22,9.72,6.42,13.04,0.03
2219277,NBN,Fibre to the Node,25/10 Mbps,Other RSPs,NT + SA,Urban,TRUE,FALSE,38:1xxxxxx,19.53,5.65,26.77,19.39,15.72,26.7,7.27,3.59,9.49,7.26,6.09,9.42,36.26,31.38,40.12,36.44,32.74,40.12,0.29
5301261,NBN fixed wireless,Fixed Wireless,Fixed Wireless Plus 100/20,,NSW,Minor Rural,FALSE,FALSE,98:2xxxxxx,93.94,5.75,144.99,93.84,9.23,143.83,17.33,8.01,22.08,16.13,10.75,20,35.89,34.07,64.63,36.62,34.78,64.63,0
1029391,NBN,Fibre to the Premises,50/20 Mbps,TPG,NSW,Urban,FALSE,FALSE,3c:7xxxxxx,53.21,47.36,53.58,52.99,47.36,53.51,18.85,18.12,19.08,18.86,18.75,18.9,3.78,3.67,116.49,3.82,3.76,4.12,0
106454801,NBN very high speed services,Hybrid Fibre Coaxial,500-990/50 Mbps,Aussie Broadband,NSW,Urban,FALSE,FALSE,24:exxxxxx,930.38,697.79,955.7,927.68,821.42,942.57,47.41,46.64,47.65,47.4,47.3,47.57,8.23,7.98,21.91,8.24,8.11,8.73,0.03
55105297,NBN very high speed services,Hybrid Fibre Coaxial,500-990/50 Mbps,Superloop,NSW,Urban,FALSE,FALSE,90:exxxxxx,932.83,49.93,941.5,917.67,49.93,941.43,43.93,26.76,45.87,43.84,41.62,45.15,8.7,8.26,62.05,8.89,8.37,17.16,0.1
1027860,NBN,Hybrid Fibre Coaxial,100/20 Mbps,Optus,NSW,Urban,FALSE,FALSE,14:exxxxxx,108.51,42.27,109.77,106.02,42.27,109.47,18.89,14.78,19.01,18.93,18.64,19,11.98,11.38,14.99,12.08,11.44,14.1,0.03
101484053,NBN,Fibre to the Premises,250/25 Mbps,Dodo & iPrimus,NSW,Urban,FALSE,FALSE,d0:dxxxxxx,269.15,221.99,270.04,268.24,221.99,270.03,23.49,18.7,23.74,23.66,23.51,23.73,4.82,4.68,5.28,4.84,4.74,5.19,0
96729365,NBN,Fibre to the Premises,100/20 Mbps,Superloop,NSW,Urban,FALSE,FALSE,24:4xxxxxx,108.42,82.79,109.07,108.43,102.57,108.76,18.95,18.4,19.03,18.94,18.62,19.01,3.12,2.98,3.56,3.17,3.09,3.46,0
2261015,NBN,Fibre to the Premises,100/20 Mbps,iiNet,ACT,Urban,FALSE,FALSE,34:0xxxxxx,90.13,50.09,94.39,88.41,65.16,94.1,18.81,16.1,19.19,18.75,16.1,19.19,6.86,6.5,8.25,7.05,6.53,8.08,0.1
134710039,NBN very high speed services,Fibre to the Premises,500-990/50 Mbps,Leaptel,ACT,Urban,FALSE,FALSE,90:0xxxxxx,932.56,319.16,940.03,931.29,890.32,934.99,47.58,46.69,47.76,47.54,46.7,47.71,7.45,7.22,10.21,7.51,7.22,10.21,0
1231639,NBN,Fibre to the Premises,100/20 Mbps,Telstra,VIC,Urban,FALSE,FALSE,f4:6xxxxxx,92.61,79.39,93.44,92.11,83.48,93.19,18.77,18.11,18.82,18.75,18.44,18.82,11.4,11.04,77.08,11.49,11.15,14.62,0
4719129,NBN,Fibre to the Premises,100/20 Mbps,Other RSPs,QLD,Urban,FALSE,FALSE,78:4xxxxxx,101.93,27.46,104.57,100.18,27.46,104.12,18.78,13.9,18.86,18.62,13.9,18.85,19.55,17.86,19.67,19.58,19.53,19.62,0
99621145,NBN,Fibre to the Node,25/5 Mbps,Dodo & iPrimus,NSW,Urban,FALSE,FALSE,10:2xxxxxx,25.7,14.29,26.59,25.57,20.46,26.59,4.7,4.12,4.78,4.7,4.53,4.76,15.55,14.95,21.13,15.46,15.05,16.23,0.13
97560345,NBN very high speed services,Hybrid Fibre Coaxial,500-990/50 Mbps,Superloop,NSW,Urban,FALSE,FALSE,9c:axxxxxx,939.13,812.22,941.23,938.58,923.39,941.16,47.36,46.45,47.51,47.38,47.22,47.51,7.79,7.48,8.56,7.84,7.63,8.1,0.03
49336345,NBN fixed wireless,Fixed Wireless,Fixed Wireless Plus 50/10,,NSW,Remote,FALSE,FALSE,d4:3xxxxxx,51.74,23.92,64.85,48.01,24.49,60.81,5.89,2.04,7.92,5.47,2.04,7.22,47.31,42.92,61.58,47.42,43.48,57.92,0.03
55105305,NBN,Fibre to the Premises,250/25 Mbps,Superloop,NSW,Urban,FALSE,FALSE,50:dxxxxxx,268.34,226.25,271.89,268.35,256.9,271.88,23.64,23.34,23.75,23.61,23.4,23.7,3.13,2.97,3.77,3.18,3.1,3.28,0
1027866,NBN,Hybrid Fibre Coaxial,50/20 Mbps,TPG,NSW,Urban,FALSE,FALSE,98:dxxxxxx,52.74,30.16,53.75,51.63,30.16,53.75,18.74,18.1,18.92,18.73,18.21,18.81,8.16,7.92,144.81,8.45,7.97,14.29,0.06
119287835,Non-NBN fixed line services,Fibre to the Premises,50/20 Mbps,,NSW,,FALSE,FALSE,50:dxxxxxx,48.66,1.86,54.88,47.54,15.38,54.51,21.99,9.93,22.99,21.8,9.93,22.59,9.2,6.25,38.84,9.41,6.63,29.88,0.06
61833245,NBN,Fibre to the Premises,250/25 Mbps,Leaptel,ACT,Urban,FALSE,FALSE,7a:4xxxxxx,264.39,247.29,266.45,264.42,252.48,266.45,23.57,21.96,23.76,23.54,23.21,23.71,6.42,6.3,8.83,6.46,6.36,7.38,0
119287838,Non-NBN fixed line services,Fibre to the Premises,250/25 Mbps,,NSW,,FALSE,TRUE,0c:bxxxxxx,88.79,1.92,94.26,90.81,7.19,94.24,27.37,26.73,27.7,27.34,27.04,27.55,3.13,2.82,4.28,3.12,2.85,4.28,0.03
2975263,NBN,Fibre to the Premises,25/10 Mbps,Other RSPs,WA,Urban,FALSE,FALSE,04:4xxxxxx,24.44,6.32,26.08,24.44,6.55,26.08,8.93,4.69,9.49,8.97,5.84,9.49,54.52,51.07,58.78,54.5,51.17,58.78,0.45
2535455,NBN,Fibre to the Node,100/40 Mbps,Aussie Broadband,ACT,Urban,TRUE,TRUE,dc:2xxxxxx,53.54,37.54,54.56,53.57,46.74,54.55,26.55,26.12,26.75,26.53,26.31,26.75,12.2,10.73,13.53,12.25,11.51,13.51,0.06
2219295,NBN,Fibre to the Premises,250/25 Mbps,Superloop,ACT,Urban,FALSE,FALSE,7c:5xxxxxx,174.1,1.18,272.32,172.35,7.23,271.85,20.98,0,23.71,20.91,0,23.69,6.41,6.26,7.05,6.47,6.37,6.81,0.58
1029411,NBN,Fibre to the Premises,250/25 Mbps,TPG,NSW,Urban,FALSE,FALSE,b0:1xxxxxx,268.4,236.51,269.89,267.58,238.1,269.81,21.85,19.9,22.73,21.77,19.9,22.55,3.68,3.56,95.21,3.71,3.65,3.98,0.23
61545001,NBN,Fibre to the Node,100/40 Mbps,Launtel,TAS,Remote,TRUE,TRUE,76:axxxxxx,33.9,9.83,35.96,32.97,14.17,35.78,6.24,4.94,6.76,6.18,4.94,6.76,24.06,23.46,35.2,24.84,23.54,35.2,0
59419177,NBN very high speed services,Fibre to the Premises,500-990/50 Mbps,Launtel,ACT,Urban,FALSE,FALSE,9e:0xxxxxx,910.8,192.73,924.13,902.41,677.6,922.52,45.9,44.47,46.2,45.9,45.69,46.07,6.32,6.1,6.7,6.28,6.13,6.65,0
2211113,NBN very high speed services,Fibre to the Premises,500-990/50 Mbps,Other RSPs,NSW,Urban,FALSE,FALSE,38:1xxxxxx,928.71,699.73,930.36,928.66,913.91,929.95,47.26,45.35,47.55,47.25,46.64,47.5,3.25,3.06,4,3.25,3.15,3.62,0
59686185,NBN fixed wireless,Fixed Wireless,Fixed Wireless Plus 100/20,,NSW,Remote,FALSE,FALSE,d0:dxxxxxx,136.1,59.04,145.65,132.44,59.04,145.65,13.69,4.65,18.57,13.11,4.65,15.95,30.63,28.37,32.49,30.83,28.78,32.49,0
1028908,NBN very high speed services,Fibre to the Premises,500-990/50 Mbps,Aussie Broadband,NSW,Urban,FALSE,TRUE,d0:dxxxxxx,471.77,281.92,610.87,462.53,281.92,610.87,46.46,35.29,47.63,46.59,43.62,47.42,5.66,4.86,11.56,5.66,4.94,8.37,0.03
97560365,NBN,Fibre to the Curb,100/20 Mbps,TPG,NSW,Urban,FALSE,FALSE,e6:3xxxxxx,105.4,2.15,108.02,104.97,91.1,107.94,18.79,17.58,18.9,18.8,18.64,18.87,5.16,5.09,16.35,5.14,5.09,5.51,5.48
59419181,Non-NBN fixed line services,Fibre to the Premises,100/20 Mbps,,NSW,,FALSE,FALSE,44:4xxxxxx,112.08,106.38,112.6,112.22,112.08,112.34,18.4,18.19,18.71,18.35,18.2,18.42,5.82,5.77,5.87,5.79,5.77,5.83,0.12
49590573,NBN,Fibre to the Curb,100/20 Mbps,Dodo & iPrimus,NSW,Urban,FALSE,FALSE,e8:4xxxxxx,107.32,101.72,108.68,107.34,104.46,107.95,18.84,17.75,18.91,18.85,18.75,18.9,6.3,6.06,7.87,6.32,6.11,6.58,0
135737902,NBN fixed wireless,Fixed Wireless,Fixed Wireless Home Fast 250/20,,NSW,Remote,FALSE,FALSE,5c:exxxxxx,179.53,90.82,229.96,173.01,90.82,217.6,6.14,2.11,8.13,5.7,4.12,7.32,34.29,31.6,43.07,34.34,32.44,36.07,0.03
54369073,NBN very high speed services,Fibre to the Premises,500-990/50 Mbps,Superloop,NSW,Urban,FALSE,TRUE,d0:dxxxxxx,92.01,38.65,94.62,91.64,68.55,94.62,45.21,38.97,46.38,45.66,41.92,46.38,6.98,6.19,8.56,7.26,6.48,8.44,0.06
1027890,NBN very high speed services,Fibre to the Premises,500-990/50 Mbps,Other RSPs,NSW,Urban,FALSE,FALSE,60:8xxxxxx,930.21,803.29,936.95,929.63,898.34,932.17,47.11,25.1,47.23,47.09,46.37,47.22,1.64,1.53,124.97,1.67,1.62,1.74,0.13
135737907,NBN,Fibre to the Premises,250/25 Mbps,Optus,ACT,Urban,FALSE,FALSE,84:7xxxxxx,272.52,250.41,276.68,271.8,251.81,274.74,23.69,17.82,23.83,23.71,23.52,23.79,12.33,10.15,145.07,11.79,10.36,19.39,0
126632757,NBN fixed wireless,Fixed Wireless,Fixed Wireless Plus 50/10,,NT + SA,Minor Rural,FALSE,FALSE,d8:4xxxxxx,65.37,10.42,74.07,57.66,24.14,73.07,13.03,0.68,21.14,11.72,5.85,17.63,67.29,55.7,437.1,68.45,56.01,117.92,0.13
6986293,NBN,Fibre to the Premises,100/40 Mbps,Aussie Broadband,NSW,Urban,FALSE,FALSE,60:0xxxxxx,107.69,81.83,110.12,106.49,81.83,109.69,37.29,20.66,37.98,37.87,36.84,37.98,2.01,1.89,7.83,2.11,1.98,7.39,0
48758581,NBN,Fibre to the Node,100/20 Mbps,Other RSPs,QLD,Urban,TRUE,TRUE,d8:4xxxxxx,33.22,8.12,55.85,31.91,8.12,55.1,11.06,3.91,18.81,11.27,6.64,18.72,19.83,15.42,24.95,19.57,18.06,24.91,0.55
126632760,NBN Satellite Services,Satellite,25/5 Mbps,,QLD,Major Rural,FALSE,FALSE,f8:1xxxxxx,19.37,4.67,24.44,16.3,4.67,24,4.66,0.17,5.63,4.67,0.17,5.51,674.68,656.25,801.49,680.68,661.46,801.49,0.19
1194553,NBN very high speed services,Fibre to the Premises,500-990/50 Mbps,Superloop,VIC,Urban,FALSE,TRUE,64:dxxxxxx,425.73,4.73,519.56,433.95,215.85,519.56,47.17,0.08,47.75,47.13,45.94,47.75,13.92,12.45,35.49,14.17,13.65,17.31,0
117265212,NBN,Fibre to the Premises,100/20 Mbps,Exetel,NSW,Urban,FALSE,FALSE,9e:0xxxxxx,104.72,57.46,108.84,102.29,70.49,108.82,18.67,17.04,18.92,18.51,17.69,18.89,4.62,4.51,40.49,4.6,4.51,4.8,0
119035452,NBN,Hybrid Fibre Coaxial,50/20 Mbps,Leaptel,NSW,Urban,FALSE,FALSE,64:dxxxxxx,53.25,6.43,53.59,53.17,47.14,53.59,18.8,0.67,19.07,18.74,11.16,19.07,8.22,7.85,9.1,8.25,8.15,8.45,0.42
103959613,NBN,Hybrid Fibre Coaxial,50/20 Mbps,Dodo & iPrimus,NSW,Urban,FALSE,FALSE,d8:2xxxxxx,53.41,48.34,54.01,53.38,51.44,54.01,18.71,18.24,18.78,18.69,18.24,18.75,8.86,8.65,9.74,8.96,8.86,9.74,0
126632766,NBN fixed wireless,Fixed Wireless,Fixed Wireless Plus 100/20,,NSW,Remote,FALSE,FALSE,d4:5xxxxxx,105.82,27.66,145.89,90.1,27.66,142.07,11.28,5.02,18.46,9.37,5.77,13.83,51.11,49.25,54.36,51.06,49.7,54.36,0
42617413,NBN very high speed services,Fibre to the Premises,500-990/50 Mbps,Aussie Broadband,NSW,Urban,FALSE,FALSE,24:4xxxxxx,931.7,872.2,936.43,931.26,912.33,936,47.39,41.43,47.56,47.4,47.27,47.48,1.97,1.88,2.34,1.94,1.88,2.18,0
59419205,NBN very high speed services,Fibre to the Premises,500-990/50 Mbps,Launtel,NSW,Urban,FALSE,FALSE,20:6xxxxxx,909.12,816.64,921.63,911.46,853.45,921.52,45.82,41.75,46.11,45.81,43.98,46.08,2.2,2.03,4.12,2.17,2.07,2.75,0
104511045,NBN very high speed services,Hybrid Fibre Coaxial,500-990/50 Mbps,Aussie Broadband,NSW,Urban,FALSE,FALSE,04:9xxxxxx,940.96,865.92,949.72,939.44,865.92,941.55,47.41,46.98,47.5,47.41,47.05,47.48,7.69,7.4,8.28,7.72,7.56,8.28,0.29
130676551,NBN fixed wireless,Fixed Wireless,25/5 Mbps,,NSW,Remote,FALSE,FALSE,78:8xxxxxx,22.6,8.41,24.16,22.14,14.17,23.91,4.46,1.79,4.88,4.45,3.04,4.73,39.1,37.95,64.65,40.79,38.47,64.65,0.06
93458505,NBN,Fibre to the Premises,100/20 Mbps,Other RSPs,NSW,Urban,FALSE,FALSE,08:9xxxxxx,107.81,85.78,109.29,105.99,85.78,109.27,18.88,18.26,19.01,18.84,18.26,18.97,2.42,2.26,2.69,2.44,2.33,2.6,0
5071945,NBN,Fibre to the Premises,100/40 Mbps,Aussie Broadband,NSW,Urban,FALSE,FALSE,d4:5xxxxxx,107.53,76.27,109.02,107.17,89.47,108.67,37.88,37.26,38,37.88,37.36,37.98,2.81,2.59,6.46,2.84,2.68,4.6,0.03
106456137,NBN,Hybrid Fibre Coaxial,500/50 Mbps,Exetel,NSW,Urban,FALSE,FALSE,04:4xxxxxx,541.06,495.26,544.02,540.3,518.02,544.02,47.03,32.62,47.65,46.4,32.62,47.65,9.94,9.14,19.87,10.01,9.16,12.12,0.03
129846858,NBN Satellite Services,Satellite,50/10 Mbps,,QLD,Remote,FALSE,FALSE,e8:4xxxxxx,40.81,6.74,55.69,36.73,6.74,53.58,14.96,4.93,18.2,14.26,8.26,16.93,658.07,639.6,767.19,664.74,644.39,767.19,0.16
134094412,NBN Satellite Services,Satellite,50/10 Mbps,,NSW,Remote,FALSE,FALSE,3c:3xxxxxx,31.46,3.36,55.46,19.04,3.95,52.46,8.88,0.06,17.28,5.91,1.76,10.54,709.07,678.44,768.52,727.3,695.02,768.52,1.12
2975309,NBN,Hybrid Fibre Coaxial,100/40 Mbps,Superloop,NSW,Urban,FALSE,FALSE,10:1xxxxxx,107.81,96.95,109.26,107.24,96.95,108.68,37.63,8.89,38.04,36.15,8.89,37.98,8.87,8.6,9.3,8.97,8.76,9.26,0.42
47507789,NBN,Hybrid Fibre Coaxial,100/20 Mbps,Vodafone,NSW,Urban,FALSE,FALSE,70:axxxxxx,108.13,88.73,109.52,107.95,93.5,108.9,18.89,4.86,19.01,18.89,18.22,19.01,8.7,8.55,9.44,8.72,8.56,9.44,0.03
134094414,NBN Satellite Services,Satellite,50/10 Mbps,,WA,Remote,FALSE,FALSE,10:2xxxxxx,49.85,1.46,55.68,46.92,14.71,55.67,13.37,1.87,18.63,14,10.18,17.17,666.32,640.42,716.06,664.89,643.63,691.24,0
135675982,NBN fixed wireless,Fixed Wireless,Fixed Wireless Plus 50/10,,NSW,Remote,FALSE,FALSE,14:exxxxxx,54.25,29.52,61.13,53.06,29.52,58.98,7.38,4.47,8.02,7.17,5.02,7.92,55.16,50.6,121.77,57.17,51.45,105.76,0.16
1194577,NBN,Fibre to the Node,50/20 Mbps,iiNet,NSW,Urban,FALSE,FALSE,d4:3xxxxxx,53.54,45.59,54.04,53.37,46.3,53.96,18.69,18.5,18.73,18.7,18.53,18.73,11.42,8.08,154.09,11.42,8.84,11.91,0
133802323,NBN Satellite Services,Satellite,50/10 Mbps,,NSW,Minor Rural,FALSE,FALSE,18:axxxxxx,43.02,10.15,55.72,38.1,15.77,54.14,14.87,2.94,18.33,13.2,4.98,17.25,670.01,632.36,742.68,663.81,637.54,686.11,0.03
4329557,NBN,Fibre to the Premises,100/40 Mbps,Other RSPs,VIC,Urban,FALSE,FALSE,34:6xxxxxx,99.61,77.21,105.11,99.08,77.21,104.36,37.14,18.99,38.09,37.58,35.76,37.94,29.4,20.71,41.46,29.56,20.81,41.38,0
31726933,NBN,Hybrid Fibre Coaxial,100/20 Mbps,Vodafone,NSW,Urban,FALSE,FALSE,f0:9xxxxxx,105.42,46.23,109.06,104.56,46.23,108.41,18.55,14.72,18.98,18.37,14.72,18.98,13.91,10.53,69.69,13.83,10.65,45.62,0.06
6986325,NBN,Hybrid Fibre Coaxial,250/25 Mbps,Aussie Broadband,NSW,Urban,FALSE,FALSE,cc:fxxxxxx,229.83,5.45,269.35,209.91,5.45,269.35,19.95,0.77,23.76,18.99,0.77,23.73,21.66,20.74,70.2,22.72,21.06,38.75,2.94
126126678,NBN very high speed services,Fibre to the Premises,500-990/50 Mbps,Aussie Broadband,NSW,Urban,FALSE,FALSE,e8:1xxxxxx,923.11,735.57,934.74,922.39,856.35,933.01,46.71,42.66,47.4,45.84,42.66,47.4,4.32,4.21,4.55,4.34,4.27,4.49,0
4329561,NBN very high speed services,Fibre to the Premises,500-990/50 Mbps,Aussie Broadband,NSW,Urban,FALSE,FALSE,5c:axxxxxx,929.71,878.74,935.86,927.91,879.29,934.92,47.39,46.96,47.49,47.35,46.96,47.45,4.32,4.21,4.5,4.32,4.22,4.42,0.23
1194585,NBN,Fibre to the Premises,250/25 Mbps,Leaptel,NSW,Urban,FALSE,FALSE,20:9xxxxxx,269.27,241.38,273.5,268.68,241.38,273.5,23.82,23.63,23.89,23.81,23.65,23.89,4.29,4.11,4.57,4.3,4.11,4.42,0
129433952,NBN very high speed services,Fibre to the Premises,500-990/50 Mbps,Leaptel,NSW,Urban,FALSE,FALSE,04:4xxxxxx,888.46,497.62,935.27,879.55,497.62,935.27,47.32,41.58,47.51,47.31,46,47.49,20.4,17.82,23.46,20.58,17.82,22.75,0.03
81886053,Non-NBN fixed line services,Fibre to the Premises,25/5 Mbps,,ACT,,FALSE,FALSE,2c:3xxxxxx,27.94,18.75,28.24,28.03,27.27,28.18,4.03,3.52,4.48,4.02,3.73,4.38,6.45,6.38,9.36,6.41,6.38,6.76,0.06
93458537,NBN,Hybrid Fibre Coaxial,100/20 Mbps,Telstra,NSW,Urban,FALSE,FALSE,bc:5xxxxxx,108.42,94.91,109.31,108.21,95.16,109.3,18.91,1.59,19.04,18.92,18.68,19.02,8.82,8.61,10.86,8.85,8.61,9.39,0.29
104511081,NBN,Fibre to the Premises,250/25 Mbps,Other RSPs,WA,Urban,FALSE,FALSE,e4:fxxxxxx,235.04,57.86,258.91,239.29,201.03,253.5,22.51,10.05,23.86,22.44,15.52,23.75,57.26,54.38,92.27,57.03,55.82,66.39,0.15
134674282,NBN fixed wireless,Fixed Wireless,Fixed Wireless Plus 100/20,,NSW,Minor Rural,FALSE,FALSE,38:dxxxxxx,87.25,4.99,96.6,85.87,4.99,95.45,8.29,2.58,18.45,7.64,3.59,17.61,59.3,46.45,186.66,65.05,47.34,163.9,0.03
5071725,NBN,Fibre to the Premises,250/25 Mbps,Leaptel,ACT,Urban,FALSE,FALSE,b0:6xxxxxx,260.8,3.72,267.01,249.82,3.72,266.59,23.74,18.51,24.09,23.52,18.51,24.09,7.62,7.28,63.23,9.82,7.37,63.23,0.15
49470833,NBN very high speed services,Hybrid Fibre Coaxial,500-990/50 Mbps,Other RSPs,NSW,Urban,FALSE,FALSE,24:2xxxxxx,917.84,333.58,930.73,913.18,497.46,928.24,47.08,37.01,47.26,46.88,37.01,47.26,8.52,8.25,9.83,8.58,8.25,9.32,0
1028722,NBN very high speed services,Fibre to the Premises,500-990/50 Mbps,Launtel,NSW,Urban,FALSE,FALSE,76:8xxxxxx,912.52,688.84,921.3,912.97,863.28,920.06,45.49,9.63,46.04,45.18,38.72,45.92,3.46,3.22,10.25,3.64,3.33,10.25,0
55458165,NBN,Fibre to the Node,100/20 Mbps,Vodafone,NSW,Urban,TRUE,TRUE,20:bxxxxxx,72.42,52.77,74.82,72.33,59.54,74.82,18.46,16.87,18.75,18.4,16.87,18.62,9.12,5.79,10.06,9.14,7.45,9.59,0
113262712,NBN very high speed services,Fibre to the Premises,500-990/50 Mbps,Aussie Broadband,NSW,Urban,FALSE,TRUE,ac:8xxxxxx,655.4,52.26,736.3,643.6,354.66,705.94,47.34,32.54,47.47,47.33,46.73,47.46,3.5,3.38,6.95,3.52,3.47,3.6,0
125662328,NBN Satellite Services,Satellite,25/5 Mbps,,WA,Isolated,FALSE,FALSE,34:6xxxxxx,25.22,16.17,27.8,25.02,16.17,27.8,5.42,3.72,5.67,5.44,5.25,5.61,594.65,575.66,628.62,595.58,579.81,606.02,0.19
56963197,NBN,Hybrid Fibre Coaxial,25/10 Mbps,Dodo & iPrimus,NSW,Urban,FALSE,FALSE,bc:3xxxxxx,26.29,15.89,26.58,26.31,24.85,26.58,9.41,8.78,9.49,9.4,8.78,9.47,8.47,8.25,11.13,8.52,8.28,9.64,0
6986365,NBN very high speed services,Fibre to the Premises,500-990/50 Mbps,Aussie Broadband,NSW,Urban,FALSE,FALSE,94:1xxxxxx,935.75,919.17,936.71,934.82,919.17,936.64,47.38,46.32,47.48,47.39,47.17,47.47,1.41,1.24,1.79,1.4,1.28,1.74,0
2219389,NBN,Fibre to the Node,50/20 Mbps,Aussie Broadband,NSW,Urban,FALSE,FALSE,18:fxxxxxx,53.71,48.24,54.49,53.69,49.61,54.44,18.94,15.63,19.08,18.91,18.03,19,8.48,5.43,15.02,8.41,8.05,9.35,0
124438654,NBN,Fibre to the Node,100/20 Mbps,Leaptel,NSW,Urban,FALSE,FALSE,9c:axxxxxx,93.16,5.7,94.86,90.99,5.7,94.86,18.51,15.2,18.98,18.37,16.35,18.98,10.02,5.74,39.1,10.74,5.87,30.16,0
128182143,NBN fixed wireless,Fixed Wireless,Fixed Wireless Plus 100/20,,NSW,Remote,FALSE,FALSE,3c:5xxxxxx,106.6,4.14,142.54,73.3,7.26,142.44,15.42,1,21.15,13.89,2.16,19.24,38.8,36.1,252.79,45.38,36.1,252.79,0.63
127988864,NBN Satellite Services,Satellite,100/10 Mbps,,QLD,Remote,FALSE,FALSE,18:axxxxxx,68.52,14.35,94.92,52.14,14.35,94.91,8.6,3.22,13.86,7.79,3.22,10.01,660.88,632.78,718.06,663.55,643.26,709.47,0.16
4406657,NBN,Fibre to the Node,50/20 Mbps,Aussie Broadband,ACT,Urban,TRUE,TRUE,f8:cxxxxxx,35.33,29.77,37,35.06,29.77,37,8.66,7.52,9.45,8.6,7.52,9.21,13.96,12.23,17.43,13.98,12.56,15.73,0
106456193,NBN,Fibre to the Node,100/20 Mbps,Superloop,NSW,Urban,FALSE,FALSE,50:exxxxxx,107.58,46.57,109.23,105.07,46.57,108.65,18.92,18,19.22,18.87,18.57,18.99,14.12,8.93,17.8,14.27,9.93,17.8,0
54368897,NBN very high speed services,Hybrid Fibre Coaxial,500-990/50 Mbps,Leaptel,NSW,Urban,FALSE,FALSE,a8:5xxxxxx,873.47,677.32,936.2,869.15,738.78,936.2,47.39,47.04,47.65,47.39,47.33,47.44,8.38,8.04,8.93,8.42,8.14,8.75,0.15
127446146,NBN,Hybrid Fibre Coaxial,50/20 Mbps,Aussie Broadband,NSW,Urban,FALSE,FALSE,26:5xxxxxx,51.96,37.62,54.19,51.27,37.62,53.96,18.52,16.08,18.99,18.53,17.18,18.9,14.13,12.82,28.69,14.5,13.04,19.25,1.72
1194627,NBN,Fibre to the Curb,100/20 Mbps,Other RSPs,NSW,Urban,FALSE,FALSE,6c:cxxxxxx,108.2,69.79,109.42,107.29,69.79,109.42,18.92,18.15,19,18.92,18.35,19,5.83,5.67,7.04,5.89,5.76,7.04,0.17
2521475,Starlink,Satellite,100/50 Mbps,Starlink,NSW,,FALSE,FALSE,4c:0xxxxxx,111.93,19.09,151.17,103.91,19.09,137.78,27.71,2.05,45.95,26.2,12.33,41.34,25.48,22.09,65.16,26.12,23.31,28.42,0.03
128182147,NBN fixed wireless,Fixed Wireless,Fixed Wireless Plus 100/20,,QLD,Remote,FALSE,FALSE,a8:4xxxxxx,67.97,2.89,117.6,55.74,3.79,117.6,2.57,0.99,5.92,2.4,1.21,4.23,48.71,45.25,71.21,52.37,48.05,71.21,0.1
128182148,NBN fixed wireless,Fixed Wireless,Fixed Wireless Plus 100/20,,VIC,Remote,FALSE,FALSE,f8:cxxxxxx,64.36,2.54,81.36,57.48,3.82,76.95,21.84,3.72,23.17,21.64,18.52,23.17,52.27,45.26,214.98,53.2,48.72,70.56,0.1
91490437,NBN very high speed services,Hybrid Fibre Coaxial,500-990/50 Mbps,Launtel,NSW,Urban,FALSE,FALSE,6c:1xxxxxx,891.04,834.66,921.25,898.58,834.66,920.41,46.86,25.29,47.48,46.65,45.72,47.42,7.97,7.64,9.9,7.93,7.76,8.26,0.19
53382789,NBN,Fibre to the Node,100/40 Mbps,Dodo & iPrimus,NSW,Urban,FALSE,FALSE,bc:3xxxxxx,103.48,48.33,105.11,102.99,86.59,105.04,37.97,36.87,38.22,37.93,36.87,38.1,11.51,8.86,25.31,11.31,8.92,23.23,0.06
117446023,NBN,Fibre to the Node,100/20 Mbps,Dodo & iPrimus,NSW,Urban,TRUE,TRUE,b8:0xxxxxx,57.02,41.84,58.58,57.48,54.35,58.58,16.6,14.85,17.09,16.6,15.46,17.04,12.21,9.39,16.84,12.22,10.33,14.45,0
2219399,NBN very high speed services,Fibre to the Premises,500-990/50 Mbps,Aussie Broadband,NSW,Urban,FALSE,FALSE,f4:9xxxxxx,936.13,871.2,939.31,936.52,921.8,939.01,47.35,45.57,47.52,47.33,45.57,47.46,1.97,1.82,2.15,1.95,1.84,2.08,0
112915336,NBN,Fibre to the Premises,500/50 Mbps,Exetel,NSW,Urban,FALSE,FALSE,c4:2xxxxxx,539.16,226.3,544.43,534.01,226.3,544.14,47.12,46.54,47.35,47.1,46.84,47.19,3.32,2.85,7.35,3.4,2.99,6.1,0.03
91490441,NBN,Fibre to the Premises,100/20 Mbps,Dodo & iPrimus,NSW,Urban,FALSE,FALSE,30:dxxxxxx,99.71,83.44,101.33,99.33,83.44,101.33,17.1,12.14,17.18,17.08,16.73,17.18,3.74,3.5,5.58,3.73,3.6,3.98,0
1194633,NBN,Fibre to the Premises,250/25 Mbps,Other RSPs,NSW,Urban,FALSE,FALSE,4c:6xxxxxx,265.13,91.22,272.07,263.2,181.35,271.9,23.64,2.46,23.75,23.66,23.46,23.73,3.86,2.69,5.48,3.88,2.77,5.48,0.19
1354377,NBN,Fibre to the Curb,50/20 Mbps,TPG,NSW,Urban,FALSE,FALSE,74:dxxxxxx,52.75,44.14,53.8,52.83,47.52,53.8,18.66,17.15,18.84,18.65,17.15,18.83,4.6,4.3,174.94,4.79,4.45,7.83,0
102022025,NBN,Fibre to the Premises,50/20 Mbps,Exetel,NSW,Urban,FALSE,FALSE,20:exxxxxx,53.09,44.11,54.04,52.66,46.14,54.01,18.69,18.23,18.74,18.66,18.23,18.73,8.16,6.91,14.65,7.92,6.92,14.49,0.03
128359306,NBN fixed wireless,Fixed Wireless,Fixed Wireless Plus 100/20,,NSW,Remote,FALSE,FALSE,e8:4xxxxxx,78.82,3.91,94.48,74.54,23.98,94.13,3,1.21,5.27,2.78,1.48,5.18,39.64,36.56,73.48,41.46,38.29,57.16,0.35
128359308,NBN fixed wireless,Fixed Wireless,Fixed Wireless Plus 50/10,,VIC,Remote,FALSE,FALSE,9c:axxxxxx,53.65,6.42,65.91,47.59,24.58,61.42,5.78,1.63,7.58,5.74,3.19,6.99,52.26,47.49,233.46,53.1,47.67,79.84,0.29
4329613,NBN,Fibre to the Premises,100/20 Mbps,Exetel,NSW,Urban,FALSE,FALSE,2c:7xxxxxx,108.48,99.12,108.98,108.38,102.23,108.7,18.96,18.61,19.01,18.95,18.61,19.01,16.09,15.95,16.59,16.11,16.05,16.21,0
1347725,NBN,Fibre to the Premises,250/25 Mbps,Aussie Broadband,NSW,Major Rural,FALSE,FALSE,d0:dxxxxxx,270.09,257.26,273.77,268.35,257.26,271.97,23.67,22.76,23.82,23.68,23.58,23.74,10.83,10.66,14.14,10.82,10.77,10.88,0
2211213,NBN,Fibre to the Node,50/20 Mbps,Aussie Broadband,NSW,Urban,FALSE,FALSE,d0:dxxxxxx,53.32,39.81,54.62,52.85,43.81,54.39,18.89,16.41,19.16,18.82,18.51,18.96,10.09,7.2,12.68,10.21,9.71,12.68,0
49470861,NBN,Hybrid Fibre Coaxial,50/20 Mbps,Vodafone,NSW,Urban,FALSE,FALSE,a4:1xxxxxx,52.58,6.74,54.04,51.34,36.74,54.04,18.28,6.76,19.37,18.21,12.79,18.87,9.94,7.63,314.1,8.32,7.65,14.15,0.77
127446158,Starlink,Satellite,100/50 Mbps,Starlink,NSW,,FALSE,FALSE,60:axxxxxx,138.41,18.64,259.2,128.28,18.64,259.2,24.91,7.88,42.08,25.75,9.44,35.22,24.16,20.71,29.55,25.29,22.57,29.27,0
127446161,NBN,Fibre to the Node,50/20 Mbps,Other RSPs,WA,Urban,FALSE,FALSE,b0:9xxxxxx,52.56,16.98,54.32,52.61,44.73,54.05,18.8,18.35,19.06,18.82,18.65,18.97,61.06,56.58,63.82,60.88,57.25,63.66,0.03
2219409,NBN,Fibre to the Node,50/20 Mbps,Superloop,NSW,Urban,FALSE,FALSE,e0:bxxxxxx,54.36,47.97,55.27,54.33,51.13,55.27,18.96,18.49,19.04,18.97,18.93,19.04,22.48,20.37,27.58,22.64,21.61,27.58,0
124438674,NBN,Hybrid Fibre Coaxial,100/20 Mbps,Telstra,NSW,Urban,FALSE,FALSE,d4:3xxxxxx,107.85,88.12,109.95,107.07,92.2,109.88,19.01,17.59,19.29,18.98,17.59,19.29,9.79,9.43,11,9.82,9.56,11,0.03
128670355,Starlink,Satellite,100/50 Mbps,Starlink,VIC,,FALSE,FALSE,00:3xxxxxx,240.24,21.33,467.96,215.86,21.33,379.59,30.06,10.67,64.5,29.12,14.76,61.74,30.92,25.88,37,33.2,29.58,36.7,0.16
125662355,NBN,Fibre to the Curb,100/40 Mbps,Aussie Broadband,NSW,Urban,FALSE,FALSE,00:0xxxxxx,108.57,93.82,110.35,108.64,108.47,109.69,37.93,37.32,38,37.95,37.85,38,5.01,4.96,6.25,4.99,4.96,5.06,0.03
128670356,Starlink,Satellite,100/50 Mbps,Starlink,QLD,,FALSE,FALSE,74:2xxxxxx,137.46,11.3,371.89,103.31,22.56,216.75,24.25,4.1,57.56,22.99,14.26,32.99,34.63,25.84,49.4,35.41,25.84,49.16,0.06
1028756,NBN,Hybrid Fibre Coaxial,250/25 Mbps,TPG,NSW,Urban,FALSE,FALSE,1c:6xxxxxx,267.96,236.17,270.09,267.5,238.95,270.07,22.45,21.03,23.51,22.54,21.19,23.3,8.27,8.06,20.32,8.28,8.06,8.75,0.06
4329621,NBN,Fibre to the Premises,100/20 Mbps,Aussie Broadband,NSW,Urban,FALSE,FALSE,38:1xxxxxx,108.53,98.28,110.24,108.27,98.28,110.24,18.07,17.63,18.24,18.08,17.97,18.18,3.63,3.57,4.27,3.61,3.58,3.91,0
130105493,NBN Satellite Services,Satellite,50/10 Mbps,,WA,Major Rural,FALSE,FALSE,7c:fxxxxxx,50.27,22.24,55.82,45.43,22.24,54.63,14.58,3.31,18.12,12.26,4.48,16.07,670.62,640.85,738.55,667.65,650.82,684.14,0
128670357,Starlink,Satellite,100/50 Mbps,Starlink,NSW,,FALSE,FALSE,d0:2xxxxxx,225.24,8.46,408.32,146.8,8.46,237.95,29.74,1.69,60.39,26.08,1.69,60.39,23.43,20.07,31.01,24.39,21.81,27.62,0.32
117176470,NBN,Hybrid Fibre Coaxial,50/20 Mbps,Dodo & iPrimus,NSW,Urban,FALSE,FALSE,c8:9xxxxxx,52.13,12.57,53.37,52.23,37.77,53.37,18.72,8.15,18.84,18.72,17.86,18.83,7.73,7.46,11.85,7.83,7.56,8.38,0
125662359,NBN Satellite Services,Satellite,25/5 Mbps,,NSW,Major Rural,FALSE,FALSE,28:exxxxxx,22.24,1.17,27.82,18.5,1.17,25.49,5.04,1.79,5.61,4.99,1.79,5.57,702.39,647.28,1144.66,719.28,666.04,1144.66,0.61
128670364,NBN fixed wireless,Fixed Wireless,Fixed Wireless Plus 50/10,,NSW,Minor Rural,FALSE,FALSE,f0:axxxxxx,47.24,3.56,64.99,39.84,4.28,56.8,6.84,2.74,7.95,6.33,3.54,7.95,35.85,33.78,53.58,36.76,35.12,48.22,0.23
1028764,NBN very high speed services,Fibre to the Premises,500-990/50 Mbps,Aussie Broadband,VIC,Urban,FALSE,FALSE,8c:8xxxxxx,911.9,750.77,926.46,910.32,836.38,925.04,47.36,45.66,47.48,47.39,47.3,47.45,11.15,10.18,11.78,11.18,11.06,11.66,0
55187101,NBN fixed wireless,Fixed Wireless,Fixed Wireless Plus 100/20,,NSW,Remote,FALSE,FALSE,c0:0xxxxxx,118.49,48.24,143.08,112.96,48.24,141.66,3.13,0.97,6.4,2.84,1.35,5.07,43.58,40.87,168.68,43.34,42.06,61.18,0.1
128670365,NBN fixed wireless,Fixed Wireless,Fixed Wireless Plus 100/20,,NSW,Remote,FALSE,FALSE,84:1xxxxxx,76.72,2.08,97.15,64.01,12.6,96.16,6.17,3.85,8.08,5.87,4.48,7.42,57.8,52.9,103.06,63.82,53.73,102.31,0.13
5071773,NBN,Fibre to the Node,100/20 Mbps,Vodafone,NSW,Urban,FALSE,FALSE,f8:cxxxxxx,97.05,71.71,106.77,95.35,71.71,103.73,18.66,14.84,19.03,18.62,17.56,19.02,8.04,5.53,12.18,8.19,5.54,12.18,0.03
127446173,NBN very high speed services,Hybrid Fibre Coaxial,500-990/50 Mbps,Superloop,NSW,Urban,FALSE,FALSE,7c:5xxxxxx,938.42,877.4,941.46,937.31,877.4,941.29,47.35,43.85,47.55,47.29,43.85,47.55,8.17,7.82,12.52,8.28,7.93,12.52,0
2219421,NBN,Fibre to the Premises,250/25 Mbps,Exetel,NSW,Urban,FALSE,FALSE,28:dxxxxxx,271.55,253.08,272.25,271.64,269.23,272.05,23.67,23.42,23.73,23.67,23.58,23.73,5.33,5.28,5.37,5.3,5.29,5.33,0
96729245,NBN,Hybrid Fibre Coaxial,25/10 Mbps,Other RSPs,NSW,Urban,FALSE,FALSE,72:axxxxxx,22.12,4.82,24.84,21.15,5.4,24.84,8.55,7.1,9.25,8.56,7.5,9.19,10.49,9.7,12.42,10.51,9.71,11.47,0.35
23486881,NBN,Fibre to the Premises,100/40 Mbps,Aussie Broadband,NSW,Urban,FALSE,FALSE,00:1xxxxxx,108.45,102.69,110.22,108.28,103.56,109.29,37.84,37.03,37.96,37.84,37.62,37.94,1.57,1.48,1.72,1.54,1.51,1.59,0
48666785,NBN,Hybrid Fibre Coaxial,50/20 Mbps,Other RSPs,QLD,Urban,FALSE,FALSE,44:4xxxxxx,49.06,6.5,52.13,49.88,42.7,51.87,16.59,1.11,18.92,16.88,1.11,18.88,26.51,22.66,29.07,26.57,26.2,28.39,0.65
128670370,NBN,Fibre to the Node,100/20 Mbps,Launtel,ACT,Urban,FALSE,FALSE,80:2xxxxxx,103.04,71.06,105.65,101.98,82.62,105.49,18.15,11.19,18.35,18.17,17.79,18.35,24.92,23.35,208.63,24.06,23.37,26.78,0.03
2521507,NBN,Fibre to the Node,50/20 Mbps,Exetel,NSW,Urban,FALSE,FALSE,18:fxxxxxx,54.09,45.86,54.63,54.2,52.35,54.49,18.85,18.45,19.15,18.86,18.5,18.93,9.2,6.05,10.72,9.08,7.36,10.72,0
127446179,Starlink,Satellite,100/50 Mbps,Starlink,NSW,,FALSE,FALSE,94:1xxxxxx,201.95,28.12,407.76,193.77,28.12,359.48,28.65,6.86,63.76,26.72,6.86,54.17,33.93,23.61,49.27,34.99,25.53,47.07,0.29
128670372,NBN very high speed services,Fibre to the Premises,500-990/50 Mbps,Launtel,NSW,Urban,FALSE,TRUE,dc:2xxxxxx,447.81,259.94,539.21,454.32,351.21,535.31,45.59,40,46.22,45.7,42.81,46.19,7.76,7.61,32.21,7.79,7.71,7.93,0
116680612,NBN,Fibre to the Node,100/20 Mbps,Dodo & iPrimus,NSW,Urban,FALSE,FALSE,28:8xxxxxx,97.5,25.2,100.14,97.3,78.21,100.09,4.7,3.85,4.75,4.66,3.85,4.75,17.21,9.61,97.35,16.47,9.96,67.3,0.16
4991141,NBN very high speed services,Fibre to the Premises,500-990/50 Mbps,Other RSPs,NSW,Urban,FALSE,FALSE,14:4xxxxxx,882.61,72.58,928.64,863.13,72.58,928.64,47.1,42.45,47.3,47.01,42.45,47.29,2.98,2.84,3.33,2.94,2.84,3.02,0
36655013,NBN very high speed services,Hybrid Fibre Coaxial,500-990/50 Mbps,Aussie Broadband,NSW,Urban,FALSE,FALSE,e4:cxxxxxx,938.58,879.96,949.98,937.42,918.14,949.98,47.4,47.1,47.57,47.38,47.1,47.46,8.18,7.94,8.51,8.24,8.12,8.51,0
57725605,Starlink,Satellite,100/50 Mbps,Starlink,ACT,,FALSE,FALSE,20:6xxxxxx,176.24,9.46,406.25,142.01,9.46,271.8,28.08,8.42,49.48,26.43,13.58,44.65,23.68,20.65,36.49,24.45,22.26,27.72,0.16
132234152,NBN fixed wireless,Fixed Wireless,Fixed Wireless Home Fast 250/20,,NSW,Remote,FALSE,FALSE,f0:2xxxxxx,156.34,14.64,267.47,125.51,14.64,241.35,10.59,3.63,17.33,8.45,3.94,13.08,43.48,40.52,62.25,44.38,41.95,62.25,0.06
44732073,NBN fixed wireless,Fixed Wireless,Fixed Wireless Home Fast 250/20,,NSW,Remote,FALSE,FALSE,9e:0xxxxxx,293.21,167.53,336.17,286.47,189.84,328.01,16.36,7.34,19,14.84,10.49,18.48,35.25,33.29,75.32,35.18,33.36,36.37,0.13
2219435,NBN,Fibre to the Premises,50/20 Mbps,Other RSPs,NT + SA,Urban,FALSE,FALSE,a0:6xxxxxx,52.06,28.11,53.26,51.93,44.58,53.13,18.85,18.46,18.93,18.85,18.72,18.9,24.24,24.04,24.82,24.27,24.13,24.41,0.03
132234156,NBN,Hybrid Fibre Coaxial,100/20 Mbps,Leaptel,NSW,Urban,FALSE,FALSE,bc:2xxxxxx,106.2,34.96,107.38,105.71,89.78,107.04,18.88,9.08,19.04,18.91,18.77,18.98,9.44,9.27,32.94,9.39,9.28,10.01,0.03
55458221,NBN,Fibre to the Node,50/20 Mbps,Other RSPs,ACT,Urban,FALSE,FALSE,b4:bxxxxxx,54.32,28.32,54.77,54.15,36.48,54.71,18.94,18.72,19.01,18.95,18.91,19.01,13.4,9.27,25.98,13.48,11.22,15.08,0
66082733,NBN very high speed services,Hybrid Fibre Coaxial,500-990/50 Mbps,Other RSPs,NSW,Urban,FALSE,TRUE,3c:8xxxxxx,577.86,5.88,748.6,590.67,362,738,46.02,10.41,47.3,46.12,45.54,47.23,16.97,10.65,32.24,16.35,10.8,30.31,0.17
134533295,NBN,Fibre to the Premises,100/20 Mbps,Leaptel,NSW,Urban,FALSE,FALSE,c4:exxxxxx,106.65,97.33,107.21,106.54,97.33,107.07,18.97,18.77,19.04,18.96,18.77,19.04,1.96,1.79,2.1,1.96,1.92,2.1,0
3880881,NBN,Fibre to the Node,25/10 Mbps,Superloop,NSW,Urban,FALSE,FALSE,20:bxxxxxx,26.79,19.75,27.23,26.73,19.75,27.23,9.37,4.09,9.62,9.41,8.82,9.59,10.66,7.96,16.92,10.81,8.54,16.92,0.03
44032945,NBN,Fibre to the Premises,100/20 Mbps,Dodo & iPrimus,NSW,Urban,FALSE,FALSE,c8:9xxxxxx,106.45,93.76,108.28,106.42,93.76,107.53,18.82,17.53,18.91,18.78,17.53,18.87,2.52,2.3,3.59,2.54,2.4,2.89,0
126632371,NBN Satellite Services,Satellite,100/10 Mbps,,QLD,Major Rural,FALSE,FALSE,5c:exxxxxx,92.65,33.09,111.48,75.56,33.09,107.83,9.22,0.84,13.65,8.99,6.23,10,700.04,652.36,776.92,704.5,667.16,776.92,0.81
24029365,NBN,Hybrid Fibre Coaxial,100/40 Mbps,Aussie Broadband,NSW,Urban,FALSE,FALSE,3c:6xxxxxx,103.07,35.88,108.68,102.1,68.51,108.66,37.18,33.59,38.03,37.15,35.83,37.95,7.81,7.34,38.47,7.89,7.42,11.25,0.03
42980533,NBN,Fibre to the Node,25/5 Mbps,iiNet,NSW,Urban,FALSE,FALSE,20:bxxxxxx,22,16.51,24.08,21.36,16.51,23.99,4.67,4.02,4.83,4.62,4.04,4.79,7.08,6.23,17.13,7.56,6.23,17.13,0
96729269,NBN,Fibre to the Premises,50/20 Mbps,Exetel,NSW,Major Rural,FALSE,FALSE,a8:bxxxxxx,53.03,15.79,54.57,53.03,37.04,54.56,18.76,16.6,18.93,18.72,17.63,18.93,19.53,18.27,23.99,19.63,18.36,20.26,0
56963001,NBN,Hybrid Fibre Coaxial,250/25 Mbps,TPG,NSW,Urban,FALSE,FALSE,d2:2xxxxxx,268.14,248.96,270.16,267.18,250.58,270.16,23.59,13.91,23.83,23.53,21.5,23.73,7.94,7.69,9.13,8.07,7.7,9.13,0
106456249,NBN,Fibre to the Premises,250/25 Mbps,Other RSPs,NSW,Urban,FALSE,FALSE,28:8xxxxxx,249.56,209.3,262.34,247.36,209.3,262.13,23.64,22.79,23.72,23.64,23.29,23.71,3.51,2.9,6.1,3.5,2.91,4.37,0
97491385,NBN,Fibre to the Curb,50/20 Mbps,TPG,NSW,Urban,FALSE,FALSE,50:dxxxxxx,53.25,44.67,53.56,53.22,50.76,53.56,18.76,17.66,18.92,18.75,18.16,18.89,4.96,4.85,5.51,4.94,4.85,5.51,0.1
44032953,NBN,Fibre to the Node,25/5 Mbps,Vodafone,NSW,Urban,FALSE,FALSE,20:bxxxxxx,25.48,12.48,26.59,24.86,13.17,26.59,4.3,3.54,4.78,4.26,3.54,4.63,12.13,8.18,16.36,12.27,8.25,13.99,0.03
117784253,NBN,Fibre to the Premises,100/20 Mbps,Launtel,NSW,Urban,FALSE,FALSE,0c:9xxxxxx,104.85,90.9,105.62,104.02,90.9,105.62,18.95,18.51,19.06,18.95,18.65,19.04,3.94,3.56,7.17,4,3.77,4.87,0
42314429,NBN,Fibre to the Premises,100/20 Mbps,Exetel,NSW,Major Rural,FALSE,FALSE,cc:2xxxxxx,107.77,78.47,108.93,107.03,85.85,108.93,18.82,18.46,18.93,18.81,18.57,18.88,6.18,5.84,10.48,6.19,5.96,6.36,0.04
4329409,NBN,Fibre to the Node,100/20 Mbps,Aussie Broadband,NSW,Urban,FALSE,FALSE,a0:axxxxxx,108.4,76.07,110.11,108.03,76.07,110.11,18.94,18.58,19.15,18.93,18.58,19.11,11.14,9.25,13.62,11.17,9.25,12.93,0
4529601,NBN,Fibre to the Premises,50/20 Mbps,Other RSPs,VIC,Urban,FALSE,FALSE,38:1xxxxxx,51.58,48.29,51.8,51.55,49.23,51.76,18.84,18.01,18.9,18.84,18.57,18.89,15.56,13.69,15.75,15.56,14.6,15.75,0
81801665,NBN,Fibre to the Premises,50/20 Mbps,Other RSPs,QLD,Urban,FALSE,FALSE,a4:2xxxxxx,50.03,12,53.53,48.48,27.65,52.47,18.43,15.54,18.88,18.47,17.17,18.79,22.79,21.4,23.25,22.8,22.6,22.95,0.03
31764161,NBN,Fibre to the Node,100/20 Mbps,Vodafone,NSW,Urban,FALSE,FALSE,20:bxxxxxx,91.48,48.62,93.51,88.9,48.62,93.32,18.48,16.05,18.62,18.41,17.78,18.61,10.27,5.78,141.18,10.41,8.52,13.33,0
2142657,NBN,Hybrid Fibre Coaxial,100/20 Mbps,TPG,NSW,Urban,FALSE,FALSE,34:exxxxxx,106.76,79.94,108.55,106.84,99.84,108.17,18.82,16.63,19.13,18.72,16.63,19.13,11.53,11.28,61.46,11.69,11.42,13.79,0
1029313,NBN,Fibre to the Node,50/20 Mbps,TPG,NSW,Urban,FALSE,FALSE,a4:cxxxxxx,53.06,47.63,53.55,52.96,48.42,53.52,18.81,18.16,19.17,18.83,18.68,19.17,10.17,7.23,96.78,10.22,7.6,11.19,0.03
124146114,NBN,Hybrid Fibre Coaxial,50/20 Mbps,Vodafone,NSW,Urban,FALSE,FALSE,d0:dxxxxxx,53.53,40.75,54.02,53.32,44.93,53.98,18.78,17.71,18.88,18.76,18.06,18.85,7.71,7.53,9.72,7.69,7.53,8.52,0.06
56963013,NBN fixed wireless,Fixed Wireless,Fixed Wireless Plus 100/20,,VIC,Remote,FALSE,FALSE,18:fxxxxxx,71.86,44.79,87.29,69.46,44.79,83.24,12.07,6.18,19.09,13.07,7.12,19.09,43.8,39.64,45.8,43.89,42.29,45.75,0.19
45564613,NBN,Fibre to the Node,50/20 Mbps,TPG,WA,Urban,TRUE,FALSE,dc:6xxxxxx,46.41,14.88,53.82,45.18,14.88,53.82,11.52,0.65,18.96,8.78,0.91,18.89,14.24,6.88,63.34,16.21,8.14,58.12,0.58
35245253,NBN,Fibre to the Premises,50/20 Mbps,Vodafone,NSW,Urban,FALSE,FALSE,d0:dxxxxxx,53.49,45.82,53.94,53.19,45.82,53.94,18.8,17.48,18.9,18.79,17.55,18.9,3.68,3.5,6.32,3.68,3.52,4.1,0.03
117784264,NBN very high speed services,Fibre to the Premises,500-990/50 Mbps,Launtel,ACT,Urban,FALSE,FALSE,90:exxxxxx,834.81,56.57,883.76,834.07,408.2,883.61,47.07,40.75,47.45,47.19,43.91,47.44,6.14,6.02,6.48,6.17,6.04,6.36,0
4991177,NBN,Fibre to the Node,100/20 Mbps,Aussie Broadband,ACT,Urban,FALSE,FALSE,18:fxxxxxx,91.43,49.71,93.09,91.79,83.51,93.06,18.96,18.69,19.01,18.96,18.93,18.99,14.58,11.78,19.45,14.59,12.59,16.73,0
106453965,NBN,Fibre to the Premises,250/25 Mbps,Other RSPs,NSW,Urban,FALSE,FALSE,3c:3xxxxxx,246.92,201.18,252.43,245.63,201.18,248.32,23.71,15.56,23.89,23.81,23.69,23.89,4.31,4.24,8.01,4.31,4.26,4.48,0
31032013,NBN very high speed services,Hybrid Fibre Coaxial,500-990/50 Mbps,Other RSPs,NSW,Urban,FALSE,FALSE,b0:axxxxxx,929.93,794.83,935.18,929.08,794.83,933.01,46.53,44.93,46.67,46.54,45.97,46.67,7.9,7.69,42.47,8.34,7.7,42.47,0.84
1347791,NBN,Fibre to the Premises,100/20 Mbps,TPG,NSW,Urban,FALSE,FALSE,6c:7xxxxxx,106.48,79.39,107.88,105.53,86.97,107.88,18.75,17.25,18.89,18.75,17.68,18.89,3.48,3.3,7.57,3.56,3.3,5.51,0
124920272,Starlink,Satellite,100/50 Mbps,Starlink,NSW,,FALSE,FALSE,74:2xxxxxx,209.31,4.01,422.97,163.78,4.01,302.5,28.55,8.06,48.9,28.65,8.06,47.48,24.68,21.58,36.06,25.53,23.16,36.06,0.16
81801681,NBN,Fibre to the Premises,100/20 Mbps,Telstra,NSW,Urban,FALSE,FALSE,a0:bxxxxxx,106.99,78.87,110.48,107.07,92.24,109.47,18.51,12.68,19.19,17.88,12.68,19.17,2.85,2.61,66.74,2.9,2.65,4.44,0.03
11285713,NBN,Fibre to the Node,100/40 Mbps,Aussie Broadband,NSW,Urban,FALSE,FALSE,f8:cxxxxxx,95.37,17.13,96.04,94.94,86.46,96,35.56,33.32,36.92,35.57,35.15,36.8,8.67,5.8,10.1,8.7,6.33,10.1,0
49779409,NBN,Fibre to the Node,100/20 Mbps,TPG,NSW,Urban,FALSE,FALSE,50:dxxxxxx,106.65,89.26,107.66,106.27,103.15,107.66,18.82,17.96,19.08,18.79,17.96,19.08,11.54,10.28,15.42,11.66,10.28,13.85,0.03
33093585,NBN,Fibre to the Node,50/20 Mbps,Leaptel,ACT,Urban,FALSE,FALSE,28:8xxxxxx,52.88,35.2,53.32,52.92,50.48,53.28,18.83,18.03,19.05,18.82,18.21,19.05,13.94,10.45,14.6,13.95,10.77,14.47,0
31032021,NBN very high speed services,Hybrid Fibre Coaxial,500-990/50 Mbps,Aussie Broadband,NSW,Urban,FALSE,FALSE,c4:bxxxxxx,936.9,587.85,949.88,930.59,587.85,948.18,46.26,25.79,47.06,45.36,25.79,47.05,9.08,8.5,98.03,9.88,8.7,48.13,0.26
4191189,NBN,Fibre to the Node,50/20 Mbps,Other RSPs,NSW,Urban,TRUE,TRUE,30:dxxxxxx,27.8,24.46,28.67,27.87,26.25,28.67,13.38,10.72,13.82,13.38,10.86,13.8,22.83,17.83,26.9,23.06,20.26,25.07,0
1188311,NBN,Fibre to the Premises,100/20 Mbps,Exetel,NSW,Urban,FALSE,FALSE,e0:bxxxxxx,108.16,46.02,109.2,108,97.27,109.08,18.82,17.53,18.9,18.77,17.53,18.89,7,6.6,10.52,6.96,6.61,7.61,0
124920281,NBN Satellite Services,Satellite,100/10 Mbps,,WA,Minor Rural,FALSE,FALSE,08:4xxxxxx,60.07,11.16,94.92,30.28,11.16,75.76,12.8,3.13,18.01,10.62,7.65,14.35,645.1,623.07,790.99,659.72,629.36,790.99,0.39
48464345,NBN,Fibre to the Node,50/20 Mbps,Other RSPs,QLD,Major Rural,FALSE,FALSE,18:fxxxxxx,43.91,31.29,45.25,43.95,37.63,45.25,18.5,16.2,18.92,18.59,16.44,18.92,26.33,22.74,31.84,26.26,24.41,28.09,0.06
124920284,NBN,Fibre to the Node,25/5 Mbps,TPG,NSW,Major Rural,FALSE,FALSE,1c:3xxxxxx,26.23,21.57,26.36,26.18,21.57,26.36,4.3,4.13,4.46,4.3,4.17,4.37,23.13,19.54,24.33,22.91,19.54,23.98,0
81885917,NBN very high speed services,Fibre to the Premises,500-990/50 Mbps,Launtel,NSW,Urban,FALSE,FALSE,9e:0xxxxxx,407.83,92.46,922.61,427.18,92.88,920.06,45.8,44.26,46.14,45.83,45.56,46.09,2.59,2.48,11.15,2.62,2.56,2.72,0
4719073,NBN very high speed services,Fibre to the Premises,500-990/50 Mbps,Aussie Broadband,NSW,Urban,FALSE,FALSE,70:axxxxxx,932.66,898.97,936.21,932.49,918.39,936.21,47.35,46.8,47.49,47.36,46.96,47.46,2.86,2.72,3.06,2.88,2.81,2.99,0.03
81801697,NBN,Hybrid Fibre Coaxial,250/25 Mbps,Superloop,NSW,Urban,FALSE,FALSE,10:7xxxxxx,270.83,226.03,273.33,271.94,271.23,272.54,23.67,22.39,23.79,23.68,23.56,23.79,7.83,7.6,8.41,7.84,7.75,7.92,0
120690401,Non-NBN fixed line services,Fibre to the Premises,500/50 Mbps,,NSW,,FALSE,FALSE,78:dxxxxxx,493.65,351.13,544.16,492.07,404.1,543.8,55.21,29.22,56.38,55.34,48.16,56.38,5.34,4.95,9.77,5.37,5.04,7.98,0.07
124920290,NBN,Fibre to the Node,25/10 Mbps,Other RSPs,NSW,Minor Rural,FALSE,FALSE,9c:axxxxxx,24.07,7.18,25.23,23.44,7.8,25.23,6.29,4.96,6.96,6.27,5.42,6.9,20.63,16.32,73.05,20.72,16.49,26.22,0
135073765,NBN,Fibre to the Premises,25/10 Mbps,Other RSPs,TAS,Minor Rural,FALSE,FALSE,b0:axxxxxx,25.51,2.29,26.56,24.81,11.73,26.56,9.39,7.86,9.64,9.37,8.52,9.45,26.23,24.8,27.74,26.27,26.02,27.11,0
95590373,NBN very high speed services,Hybrid Fibre Coaxial,500-990/50 Mbps,Leaptel,NSW,Urban,FALSE,FALSE,58:1xxxxxx,931.36,835,936.06,931.85,912.33,935.12,47.4,46.27,47.77,47.33,46.56,47.49,12.73,9.65,13.41,12.83,9.83,13.36,0
59419109,NBN very high speed services,Fibre to the Premises,500-990/50 Mbps,Launtel,NSW,Major Rural,FALSE,FALSE,a8:6xxxxxx,893.58,360.37,920.53,894.82,461.57,919.63,45.21,34.7,46.13,45.47,43.49,46.13,10.32,9.95,32.92,10.14,10.06,11.12,0
1029349,NBN,Fibre to the Premises,100/20 Mbps,TPG,VIC,Urban,FALSE,FALSE,e0:bxxxxxx,107.66,94.87,108.3,107.49,98.53,108.16,18.85,18.42,18.91,18.83,18.42,18.91,7.77,7.56,26.78,7.68,7.56,8.07,0.8
36029157,NBN fixed wireless,Fixed Wireless,Fixed Wireless Plus 50/10,,NSW,Remote,FALSE,FALSE,80:3xxxxxx,27.6,11.1,41.44,21.45,11.67,35.41,5.61,2.89,7.32,4.57,3.28,6.79,42.87,35.87,76.05,42.65,36.14,62.5,0.16
128469735,NBN fixed wireless,Fixed Wireless,Fixed Wireless Plus 100/20,,WA,Remote,FALSE,FALSE,f8:cxxxxxx,117.23,4.13,145.37,111.62,72.35,138.39,18.57,11.29,21.85,17.88,11.38,21.11,75.88,73.37,82.72,75.88,74.03,78.1,0.06
2219239,NBN,Fibre to the Premises,100/20 Mbps,Aussie Broadband,ACT,Urban,FALSE,FALSE,9c:cxxxxxx,106.18,86.24,109.32,104.57,91.01,108.66,18.49,16.24,19,18.24,16.24,18.91,6.46,6.3,52.56,6.47,6.31,6.79,0
128469736,NBN Satellite Services,Satellite,25/5 Mbps,,TAS,Major Rural,FALSE,FALSE,cc:3xxxxxx,18.93,2.6,27.87,14.53,2.87,26.54,4.66,2.19,5.61,4.5,2.78,5.59,676.95,649.25,812.29,679.19,656.87,735.33,1.35
5072105,NBN very high speed services,Hybrid Fibre Coaxial,500-990/50 Mbps,Aussie Broadband,NSW,Urban,FALSE,FALSE,9c:cxxxxxx,936.52,816.59,950.56,934.15,816.59,941.8,47.09,23.54,47.74,47.39,47.27,47.46,7.84,5.49,8.72,7.82,5.49,8.21,0.11
128332266,NBN Satellite Services,Satellite,25/5 Mbps,,NSW,Urban,FALSE,FALSE,9c:axxxxxx,20.66,4.12,27.8,16.84,4.17,26.89,4.3,0.31,5.64,3.42,0.66,5.6,664.87,636.82,710.47,666.78,644.73,701.1,0.03
129577453,NBN Satellite Services,Satellite,100/10 Mbps,,NT + SA,Minor Rural,FALSE,FALSE,0c:8xxxxxx,67.39,14.09,94.92,53.63,17.87,94.88,9.57,1.96,10.14,9.58,6.9,10.08,666.66,635.19,715.44,670.6,647.26,690.24,0.06
66151917,NBN,Hybrid Fibre Coaxial,100/20 Mbps,Superloop,NSW,Urban,FALSE,FALSE,98:1xxxxxx,108.65,103.59,109.58,108.67,108.29,109.58,18.96,18.44,19.07,18.97,18.77,19.03,7.85,7.65,8.05,7.9,7.82,8.05,0
131627502,NBN fixed wireless,Fixed Wireless,Fixed Wireless Home Fast 250/20,,NSW,Remote,FALSE,FALSE,24:4xxxxxx,287.43,213.56,348.44,265.1,240.74,291.19,19.02,7.8,21.83,16.89,15.98,17.88,37.8,34.22,56.04,37.97,35.08,46.48,0
1028846,NBN,Fibre to the Premises,50/20 Mbps,Other RSPs,NSW,Urban,FALSE,FALSE,7c:fxxxxxx,46.29,29.77,48.24,45.02,31.18,48.24,18.76,17.29,18.88,18.61,17.29,18.86,5.52,5.38,10.14,5.61,5.5,6.95,0.67
135073776,NBN fixed wireless,Fixed Wireless,Fixed Wireless Plus 100/20,,NSW,Remote,FALSE,FALSE,5c:axxxxxx,76.49,60.81,82.61,79.4,74.55,81.99,15.6,14.1,15.89,15.65,15.38,15.79,27.81,25.13,31.67,27.83,26.3,29.47,0.03
24454641,NBN,Fibre to the Premises,50/20 Mbps,Other RSPs,NSW,Urban,FALSE,FALSE,38:9xxxxxx,51.22,29.59,52.17,50.98,33.48,52.07,18.3,16.74,18.48,18.22,16.74,18.43,15.48,14.94,16.17,15.45,14.94,15.75,0.06
24028913,NBN,Hybrid Fibre Coaxial,100/40 Mbps,Superloop,NSW,Urban,FALSE,FALSE,c0:3xxxxxx,96.24,64.69,101.88,95.52,88.34,101.74,35.06,31.38,35.92,33.84,31.38,35.82,8.87,8.4,10.65,9.23,8.5,10.65,0.06
55105265,NBN,Fibre to the Premises,100/20 Mbps,TPG,NSW,Urban,FALSE,FALSE,b0:axxxxxx,107.76,100.11,108.09,107.67,100.11,108.03,18.85,18.76,18.94,18.85,18.76,18.94,3.73,3.53,4.05,3.7,3.53,3.9,0.03
132047601,NBN Satellite Services,Satellite,50/10 Mbps,,QLD,Minor Rural,FALSE,FALSE,c0:0xxxxxx,33.87,3.71,55.8,25.69,4.22,53.73,12.4,1.3,17.59,11.53,4.99,16.58,691.7,638.17,807.12,695.65,645.12,807.12,0.19
131627506,NBN,Hybrid Fibre Coaxial,250/25 Mbps,Superloop,NSW,Urban,FALSE,FALSE,30:3xxxxxx,270.11,243.91,273.27,270.4,256.44,272.83,23.56,5.24,23.77,23.62,23.34,23.74,8.1,7.78,12.33,8.19,7.94,12.33,0
135073779,NBN,Fibre to the Node,50/20 Mbps,Exetel,NSW,Urban,FALSE,FALSE,08:bxxxxxx,50.17,27.74,54.32,50.23,39.98,54.16,18.85,17.94,18.98,18.84,18.13,18.98,10.15,6.89,14.48,10.34,7.73,14.34,0
2260979,NBN very high speed services,Fibre to the Premises,500-990/50 Mbps,Aussie Broadband,ACT,Urban,FALSE,FALSE,5c:exxxxxx,902.57,689.88,936.52,900.5,717.4,936.46,47.29,45,47.51,47.29,46.26,47.45,6.34,6.14,6.8,6.35,6.23,6.61,0.14
135073781,Starlink,Satellite,100/50 Mbps,Starlink,VIC,,FALSE,FALSE,74:2xxxxxx,203.88,3.01,423.52,188.14,9.39,423.52,25.53,5.94,47.68,24.87,5.94,44.84,31.92,24.32,38.89,33.87,27.5,38.89,0.1
49590517,NBN,Fibre to the Node,50/20 Mbps,Dodo & iPrimus,ACT,Urban,FALSE,FALSE,e4:fxxxxxx,53.71,52.38,54.22,53.68,52.75,53.86,18.87,18.8,19.22,18.87,18.8,19.22,12.13,9.53,13.06,11.97,9.56,13.05,0
1028854,NBN,Fibre to the Node,50/20 Mbps,iiNet,NSW,Urban,FALSE,FALSE,10:1xxxxxx,53.68,45.56,54.03,53.47,45.56,53.96,18.62,16.88,18.96,18.56,16.88,18.73,15.5,12.14,33.12,15.48,14.84,15.69,0
135073783,NBN fixed wireless,Fixed Wireless,Fixed Wireless Plus 100/20,,NSW,Remote,FALSE,FALSE,18:fxxxxxx,97.89,15.03,143.65,80.31,15.03,142.18,6.66,3.05,12,6.05,3.05,8.69,38.11,36.3,44.31,38.23,36.96,39.34,0
131627512,NBN,Fibre to the Premises,100/20 Mbps,Launtel,NSW,Urban,FALSE,FALSE,2c:4xxxxxx,105.06,101.06,105.68,104.92,102.32,105.51,18.26,17.56,18.41,18.29,18.17,18.4,1.83,1.73,6.24,1.99,1.8,6.24,0
128332281,NBN very high speed services,Fibre to the Premises,500-990/50 Mbps,Superloop,NSW,Urban,FALSE,FALSE,30:3xxxxxx,920.99,558.56,936.78,913.37,635.15,936.34,47.31,38.8,47.51,47.29,46.45,47.45,10.81,10.68,11.35,10.84,10.8,11.03,0
3880953,NBN,Fibre to the Node,100/20 Mbps,Exetel,NSW,Urban,FALSE,FALSE,68:7xxxxxx,99.01,22.63,103.21,96.92,22.63,103.15,18.94,18.44,19.02,18.96,18.82,19.01,8.06,6.56,35.09,8.51,6.73,18.81,0.65
106454777,NBN,Hybrid Fibre Coaxial,100/40 Mbps,Superloop,NSW,Urban,FALSE,FALSE,50:9xxxxxx,107.96,89.9,109.53,107.69,95,109.38,37.77,30.06,38.02,37.76,35.56,38.02,8.04,7.67,9.89,8.13,7.81,9.89,0
131627513,NBN Satellite Services,Satellite,50/10 Mbps,,QLD,Major Rural,FALSE,FALSE,20:2xxxxxx,31.87,3.6,54.61,22.09,3.6,53.74,8.02,0.25,11.73,7.51,2.82,9.61,644.78,605.94,1439.11,687.37,632.24,1439.11,0.74
21279225,NBN very high speed services,Fibre to the Premises,500-990/50 Mbps,Superloop,VIC,Urban,FALSE,TRUE,d2:2xxxxxx,641.31,461.78,734.36,648.18,518.98,734.36,42.83,31.5,43.03,42.84,42.18,42.99,11.75,10.57,11.88,11.78,11.74,11.81,0
57725689,Non-NBN fixed line services,Fibre to the Premises,50/20 Mbps,,NSW,,FALSE,FALSE,e0:1xxxxxx,55.94,1.07,56.32,54.86,1.07,56.18,18.36,17.96,18.61,18.35,17.96,18.5,2.59,2.5,34.2,3.06,2.58,34.2,0
54369021,NBN,Fibre to the Premises,100/20 Mbps,Dodo & iPrimus,NSW,Urban,FALSE,FALSE,54:axxxxxx,106.92,94.1,108.77,106.27,94.1,107.48,18.83,17.72,18.89,18.82,18.61,18.87,8.74,8.57,12.12,8.71,8.57,8.92,0
54645245,NBN,Hybrid Fibre Coaxial,100/40 Mbps,Aussie Broadband,NSW,Urban,FALSE,FALSE,00:1xxxxxx,104.5,34.22,109.06,101.95,34.22,108.93,37,23.94,37.94,37.21,23.94,37.87,9.38,8.76,15.95,9.75,8.98,15.95,0.13
24454661,NBN,Hybrid Fibre Coaxial,50/20 Mbps,Exetel,VIC,Urban,FALSE,FALSE,a4:9xxxxxx,53.79,29.21,54.5,53.51,37.79,54.5,18.74,11.16,19.1,18.75,18.43,19.03,8.03,7.77,10.83,8.14,7.84,9.91,0.06
54369049,NBN,Hybrid Fibre Coaxial,100/40 Mbps,Superloop,VIC,Urban,FALSE,FALSE,10:1xxxxxx,107.43,89.46,109.54,106.2,93.81,108.95,37.9,34.14,38.01,37.9,37.66,37.98,8.89,8.58,86.28,8.96,8.61,9.93,0
116127515,NBN,Fibre to the Premises,400/50 Mbps,Launtel,TAS,Urban,FALSE,FALSE,34:9xxxxxx,407.55,264.02,429.39,407.59,264.02,428.39,45.78,35.6,46.52,45.77,45.51,45.94,14.59,13.33,17.11,14.62,13.42,16.53,0
22865957,NBN,Hybrid Fibre Coaxial,100/20 Mbps,Telstra,VIC,Urban,FALSE,FALSE,a4:9xxxxxx,108.68,84.04,110.01,107.87,89.77,109.81,18.8,17.84,19.11,18.78,18.5,18.99,8.41,8.13,11.57,8.4,8.25,8.6,1.77
24454697,NBN,Hybrid Fibre Coaxial,25/5 Mbps,Telstra,VIC,Urban,FALSE,FALSE,d4:3xxxxxx,26.42,10.7,27.43,25.75,15.07,27.43,4.6,0.98,5.09,4.63,4.26,5.04,11.44,9.78,55.11,12.11,10.53,16.06,0.13
66082861,NBN,Fibre to the Premises,25/10 Mbps,Optus,NT + SA,Urban,FALSE,FALSE,34:6xxxxxx,27.23,24.89,27.88,27.21,26.25,27.32,9.48,9.36,9.52,9.48,9.43,9.51,13.65,12.08,13.8,13.62,12.82,13.69,0
1029441,NBN,Fibre to the Node,100/20 Mbps,Optus,NT + SA,Urban,TRUE,FALSE,64:fxxxxxx,71.85,33.21,79.71,71.75,60.6,76.99,18.89,17.51,19.13,18.93,18.5,19.06,19.11,16.2,20.92,18.87,16.2,20.92,0
133397583,NBN fixed wireless,Fixed Wireless,Fixed Wireless Superfast 400/40,,VIC,Remote,FALSE,FALSE,cc:fxxxxxx,273.5,24.8,480.61,272.32,119.5,416.18,9.03,1.03,18.02,8.83,6.2,14.02,35.37,30.16,282.11,33.67,31.09,50.36,0.06
124438628,NBN very high speed services,Hybrid Fibre Coaxial,500-990/50 Mbps,Other RSPs,VIC,Urban,FALSE,FALSE,2a:7xxxxxx,885.51,364.76,936.63,890.51,742.12,936.63,46.38,41.66,47.16,46.5,45.7,47.16,8.71,7.97,16.61,8.67,7.97,10.35,2.27
1027942,NBN,Fibre to the Premises,50/20 Mbps,TPG,VIC,Urban,FALSE,FALSE,9c:3xxxxxx,53.36,49.08,53.64,53.3,49.23,53.56,18.47,17.7,18.65,18.47,18.36,18.61,3.33,2.97,3.82,3.3,2.97,3.35,0
124174964,NBN Satellite Services,Satellite,100/10 Mbps,,WA,Isolated,FALSE,FALSE,40:3xxxxxx,93.27,14.81,111.49,86.09,21.97,111.07,15.92,5.82,19.88,16.13,12.78,18.7,634.06,616.66,702.2,638.22,623.61,702.2,0.03
2219393,NBN,Fibre to the Premises,100/20 Mbps,Launtel,TAS,Urban,FALSE,FALSE,60:2xxxxxx,101.07,15.78,106.04,100.18,15.78,105.88,17.9,12.2,18.32,17.65,12.2,18.28,13.51,11.87,61.45,15.25,11.95,61.45,0
1195149,NBN,Fibre to the Premises,50/20 Mbps,iiNet,VIC,Urban,FALSE,FALSE,a4:9xxxxxx,53.44,45.2,53.95,52.87,45.2,53.95,18.31,17.5,18.35,18.31,18.19,18.35,2.68,2.58,4.52,2.7,2.59,4.32,0
46624913,NBN,Fibre to the Node,100/20 Mbps,Superloop,NT + SA,Urban,TRUE,TRUE,38:1xxxxxx,65.2,57.42,66.82,64.96,61.07,66.77,18.84,18.59,19.08,18.8,18.6,18.96,33.43,30.09,34.77,33.53,30.13,34.38,0.04
50834833,NBN,Fibre to the Premises,100/20 Mbps,Telstra,TAS,Urban,FALSE,FALSE,10:1xxxxxx,108.86,100.69,109.26,108.81,103.5,109.25,19.03,18.52,19.35,19.01,18.52,19.26,12.78,12.63,15.77,12.7,12.63,12.8,0.03
131289287,NBN Satellite Services,Satellite,50/10 Mbps,,QLD,Major Rural,FALSE,FALSE,cc:2xxxxxx,36.23,7.64,55.78,32.51,7.64,54.24,10.35,1.31,18.05,10.44,2.78,16.7,656.97,608.89,751.6,661.18,623.12,751.6,0.48
131289295,Starlink,Satellite,100/50 Mbps,Starlink,QLD,,FALSE,FALSE,30:dxxxxxx,236.76,64.92,414.9,241.83,72.11,405.57,37.81,11.85,69.09,37.79,11.85,68.72,42.33,37.46,47.02,43.29,40.24,45.88,0.16
2211041,NBN,Fibre to the Premises,50/20 Mbps,Aussie Broadband,TAS,Urban,FALSE,FALSE,60:4xxxxxx,53.52,18.97,54.6,53.04,30.5,54.46,18.96,18.08,19.14,18.95,18.48,19.12,15.12,13.93,16.47,15.15,13.95,15.73,0
116906744,NBN fixed wireless,Fixed Wireless,25/5 Mbps,,TAS,Remote,FALSE,FALSE,78:dxxxxxx,14.73,1.07,26.48,8.9,3.12,21.11,3.52,0.75,4.73,2.73,0.75,4.64,49.72,43.95,254.03,76.8,44.66,254.03,1
5301245,NBN,Hybrid Fibre Coaxial,50/20 Mbps,Optus,VIC,Urban,FALSE,FALSE,08:3xxxxxx,53.4,29.12,55.42,53.57,35.41,54.62,18.76,18.09,19.53,18.77,18.25,19.44,10.72,10.48,11.72,10.67,10.52,11.22,0.03
130878208,Starlink,Satellite,100/50 Mbps,Starlink,NT + SA,,FALSE,FALSE,26:5xxxxxx,219.8,20.23,410.69,214.33,40.97,346.94,29.98,10.26,64.47,32.92,13.54,64.47,31.8,26.31,38.14,34.17,30.11,38.11,1.9
33275649,NBN,Hybrid Fibre Coaxial,50/20 Mbps,Optus,NSW,Urban,FALSE,FALSE,64:6xxxxxx,53.47,33.36,55.12,51.14,33.36,54.65,18.63,17.23,19.32,18.47,17.77,18.7,8.91,8.57,15.54,9.05,8.57,15.54,0
133117186,NBN,Fibre to the Curb,100/20 Mbps,Vodafone,NSW,Urban,FALSE,FALSE,68:dxxxxxx,80.26,70.16,81.32,79.5,71.77,81.27,17.12,16.67,17.22,17.1,16.83,17.2,6.99,6.92,7.16,6.98,6.92,7.16,0.06
127924738,NBN Satellite Services,Satellite,50/10 Mbps,,QLD,Isolated,FALSE,FALSE,7a:4xxxxxx,53.06,33.5,55.71,52.69,36.69,55.68,16.24,7.06,18.53,16.48,13.32,18.12,671.4,659.09,711.14,671.8,665.1,688.77,3.26
2535431,NBN,Fibre to the Premises,100/20 Mbps,iiNet,NSW,Urban,FALSE,TRUE,e0:6xxxxxx,36.25,26,39.42,35.57,26,38.27,18.78,17,18.88,18.79,18.36,18.87,2.55,2.48,3.14,2.54,2.48,3.07,0
39357193,NBN,Fibre to the Node,50/20 Mbps,Vodafone,NSW,Urban,TRUE,TRUE,f8:cxxxxxx,35.87,25.3,37.2,35.44,25.3,37.13,7.3,6.97,8.28,7.33,7.01,7.8,13.49,9.76,16.43,13.56,9.96,15.05,0.03
2261003,NBN,Fibre to the Node,50/20 Mbps,Exetel,NSW,Urban,FALSE,FALSE,18:fxxxxxx,54.06,31.54,54.68,53.83,41.48,54.47,18.85,16.03,19.14,18.77,16.03,19.14,12.32,9.37,14.23,12.39,9.53,14.19,0
1231627,NBN,Fibre to the Premises,100/20 Mbps,Telstra,NSW,Urban,FALSE,FALSE,80:cxxxxxx,109.03,99.35,110.71,108.74,99.35,110.46,18.95,18.59,19.05,18.96,18.8,19.01,9.82,9.38,10.25,9.78,9.38,10.13,0.03
134710032,NBN,Hybrid Fibre Coaxial,250/25 Mbps,Leaptel,NSW,Urban,FALSE,FALSE,a8:4xxxxxx,265.79,254.47,266.67,265,254.98,266.61,23.79,1.33,23.95,23.78,23.44,23.86,8.48,8.25,11.56,8.54,8.39,11.28,0.42
1188369,NBN,Fibre to the Node,100/20 Mbps,Telstra,NSW,Urban,FALSE,FALSE,bc:3xxxxxx,91.46,76.04,91.78,90.79,76.04,91.78,19.07,18.53,19.22,19.05,18.64,19.22,12.21,9.09,13.1,12.3,9.11,13.1,0
82211345,Starlink,Satellite,100/50 Mbps,Starlink,VIC,,FALSE,FALSE,6a:dxxxxxx,176.31,14.15,401.95,140.02,14.15,278.64,26.32,10.85,46.97,24.56,13.2,37.27,29.76,23.98,38.08,31.59,28.29,36.11,0.13
1028884,NBN,Fibre to the Premises,100/20 Mbps,Telstra,NSW,Urban,FALSE,FALSE,1c:6xxxxxx,108.13,90.08,110.34,107.55,91.31,109.24,18.89,17.21,19.02,18.86,18.19,18.99,4.75,4.51,6.77,4.72,4.51,5.45,0.03
5071893,NBN,Fibre to the Node,50/20 Mbps,Optus,NSW,Urban,TRUE,FALSE,34:6xxxxxx,41.1,32.78,41.75,41.05,37.63,41.7,8.82,7.81,9.75,8.89,8.27,9.6,11.93,10.1,14.58,11.82,10.29,14.38,0.03
42314517,NBN,Hybrid Fibre Coaxial,100/40 Mbps,Optus,NSW,Urban,FALSE,FALSE,5c:bxxxxxx,108.86,50.38,110.25,108.98,105.26,110.25,37.48,36.2,38.08,37.49,36.73,37.87,9.9,9.25,11.84,9.78,9.25,11.57,0.03
1027862,NBN,Fibre to the Curb,50/20 Mbps,Optus,NSW,Urban,FALSE,FALSE,10:dxxxxxx,54.46,46.41,55.51,54.19,46.41,55.49,18.6,17.62,18.68,18.59,17.69,18.68,6.55,5.76,35.52,6.57,5.76,9.94,0
81801497,NBN,Fibre to the Curb,100/20 Mbps,Telstra,NSW,Urban,FALSE,FALSE,bc:3xxxxxx,96.48,81.05,97.26,96.12,85.68,97.26,18.78,17.71,18.87,18.77,18.16,18.86,5.25,5.17,5.97,5.23,5.18,5.44,0
106456089,NBN,Fibre to the Premises,250/25 Mbps,Exetel,NSW,Urban,FALSE,FALSE,d2:2xxxxxx,270.98,173.05,273.25,270.49,251.82,272.82,23.64,22.45,23.82,23.61,22.45,23.74,2.29,2.2,3.02,2.28,2.2,2.5,5.61
1231641,NBN,Fibre to the Curb,100/20 Mbps,Telstra,NSW,Major Rural,FALSE,FALSE,d4:9xxxxxx,108.95,100.11,110.89,108.5,100.11,109.22,19,18.76,19.17,18.98,18.94,19,8.01,7.7,25.5,7.96,7.84,8.3,0
108352026,NBN,Fibre to the Premises,250/25 Mbps,Exetel,ACT,Urban,FALSE,FALSE,c0:0xxxxxx,269.85,158.58,272.06,270,261.27,272.06,23.58,21.97,23.72,23.59,23.18,23.7,7.35,7.2,7.62,7.35,7.3,7.42,0
4803357,NBN,Fibre to the Node,50/20 Mbps,Optus,ACT,Urban,FALSE,FALSE,38:axxxxxx,54.4,44.29,55.46,54.41,48.93,54.93,18.99,18.56,19.19,18.98,18.56,19.18,21.27,11.03,29.63,21.27,11.09,24.41,0
81885725,Starlink,Satellite,100/50 Mbps,Starlink,VIC,,FALSE,FALSE,74:2xxxxxx,118.84,13.92,183.69,108.71,13.92,171.62,22.36,2.68,41.92,22.82,8.82,37.89,31.3,24.81,120.63,35.09,29.3,120.63,0.13
96729373,NBN,Fibre to the Node,50/20 Mbps,Exetel,NSW,Urban,FALSE,FALSE,cc:2xxxxxx,53.99,42.12,54.49,53.94,44.42,54.49,18.85,18.19,18.9,18.85,18.79,18.9,10.37,6.93,26.06,10.03,6.96,11.35,0.03
24328737,NBN,Hybrid Fibre Coaxial,250/25 Mbps,Superloop,NSW,Urban,FALSE,FALSE,40:6xxxxxx,236.05,191,239.12,235.28,219.15,239.04,18.98,17.33,19.2,18.91,18.29,19.13,8.73,8.22,13.9,8.86,8.42,9.77,0.16
1231649,NBN,Fibre to the Premises,100/40 Mbps,Optus,NSW,Urban,FALSE,FALSE,38:axxxxxx,109.13,99.55,109.31,108.85,99.61,109.31,37.51,37.09,38.1,37.5,37.11,38,5.18,4.99,95.97,5.18,4.99,5.26,0
2624547,NBN,Fibre to the Premises,50/20 Mbps,iiNet,ACT,Urban,FALSE,FALSE,c4:exxxxxx,52.81,40.71,53.67,52.63,46.41,53.66,18.88,18.08,19,18.89,18.58,18.97,6.6,6.1,7.59,6.58,6.1,7.59,0
1231651,NBN very high speed services,Fibre to the Premises,500-990/50 Mbps,Other RSPs,NSW,Urban,FALSE,FALSE,70:3xxxxxx,922.46,213.18,946.65,913.9,213.18,946.65,47.3,39,47.49,47.06,39,47.43,4.17,4.08,4.81,4.17,4.1,4.81,0.03
55519269,NBN,Fibre to the Node,50/20 Mbps,Aussie Broadband,ACT,Urban,FALSE,FALSE,f8:cxxxxxx,53.91,37.67,54.85,53.73,37.67,54.68,18.96,18.61,19.27,18.96,18.61,19.2,12.39,9.1,13.21,12.13,9.1,13.14,0
4080933,NBN,Fibre to the Premises,100/20 Mbps,Dodo & iPrimus,NSW,Urban,FALSE,FALSE,c8:1xxxxxx,105.49,78.65,106.76,105.03,84.87,106.76,18.81,18.4,18.89,18.79,18.4,18.88,12.22,11.5,19.35,12.16,11.52,13.17,1.55
50570789,NBN,Hybrid Fibre Coaxial,250/25 Mbps,TPG,NSW,Urban,FALSE,FALSE,fc:3xxxxxx,268.99,263.08,270.57,269.04,266.88,270.19,23.66,23.22,24.25,23.67,23.59,23.78,7.62,7.4,149.4,7.7,7.55,8.05,0.06
1194537,NBN,Fibre to the Node,50/20 Mbps,Telstra,NSW,Major Rural,TRUE,TRUE,08:cxxxxxx,32.12,24.16,35.47,31.73,25.43,34.69,7.95,1.97,9.6,7.72,2.26,9.6,13.82,9.13,69.88,14.46,10.88,36.03,0
108352041,NBN,Fibre to the Premises,100/20 Mbps,Exetel,NSW,Urban,FALSE,FALSE,00:0xxxxxx,107.14,81.79,109.16,107.17,88.29,108.86,18.75,15.76,18.91,18.75,18.42,18.87,2.42,2.28,7.38,2.37,2.29,2.48,0
1029417,NBN,Fibre to the Premises,25/5 Mbps,Telstra,NSW,Urban,FALSE,FALSE,d4:3xxxxxx,27.31,23.12,27.43,27.24,23.12,27.4,4.8,4.05,5.19,4.78,4.29,5.16,4.41,4.12,55.98,4.45,4.39,5.84,0
6986285,NBN,Fibre to the Curb,100/40 Mbps,Aussie Broadband,NSW,Urban,FALSE,FALSE,60:0xxxxxx,108.64,107.9,110.09,108.64,108.63,108.65,37.96,37.27,38.12,37.97,37.89,38.12,4.16,4.06,4.31,4.13,4.06,4.17,0
101188657,NBN,Hybrid Fibre Coaxial,100/20 Mbps,Telstra,NSW,Urban,FALSE,FALSE,08:cxxxxxx,109.07,53.82,109.35,109.04,106.2,109.29,18.94,15.74,19.21,18.94,17.43,19.21,8.17,8.01,76.83,8.16,8.04,8.99,0.03
24329777,NBN,Hybrid Fibre Coaxial,100/20 Mbps,Vodafone,NSW,Urban,FALSE,FALSE,a4:9xxxxxx,93.15,91.05,93.77,93.13,91.05,93.77,18.81,17.15,18.96,18.85,18.64,18.92,8.45,8.26,10.07,8.49,8.27,9.14,0.1
108352049,Non-NBN fixed line services,Fibre to the Premises,500/50 Mbps,,NSW,,FALSE,FALSE,c8:7xxxxxx,528.23,86.78,544.2,514.31,86.78,544.08,49.13,45.31,49.29,49.12,48.53,49.29,5.72,5.57,12.98,5.7,5.58,5.92,0.07
114331441,Starlink,Satellite,100/50 Mbps,Starlink,NSW,,FALSE,FALSE,da:bxxxxxx,181.27,15.02,399.89,161.5,15.02,338.92,28.3,6.67,57.9,26.37,7.97,54.1,25.91,21.12,36.74,27.93,25.32,31.86,0.1
1194547,NBN,Fibre to the Node,100/40 Mbps,Optus,NSW,Urban,FALSE,FALSE,7c:2xxxxxx,38.06,5.32,94.48,37.89,20.96,92.71,35.9,33.9,36.33,35.82,33.9,36.2,11.23,8.11,15.09,11.48,8.23,15.09,0.16
31032117,NBN very high speed services,Hybrid Fibre Coaxial,500-990/50 Mbps,Other RSPs,NSW,Urban,FALSE,FALSE,b0:9xxxxxx,931.63,0.39,951.2,908.22,0.39,948.01,43.72,0.04,46.59,44.21,0.44,46.53,8.31,7.72,10.28,8.44,7.95,9.36,0.35
1029429,NBN fixed wireless,Fixed Wireless,Fixed Wireless Plus 100/20,,NSW,Remote,FALSE,FALSE,08:3xxxxxx,132.49,37.11,144.36,127.05,37.11,143.61,8.96,5.62,10.83,9.07,7.65,10.59,37.15,35.58,41.73,37.36,36.48,41.73,0
57725749,Non-NBN fixed line services,Fibre to the Premises,50/20 Mbps,,ACT,,FALSE,FALSE,e6:8xxxxxx,54,40.81,54.44,53.85,45.4,54.44,18.79,10.37,19.17,18.6,10.37,19.17,7.27,6.44,18.56,7.28,6.67,8.69,0.16
126632759,NBN Satellite Services,Satellite,50/10 Mbps,,TAS,Major Rural,FALSE,FALSE,50:dxxxxxx,29.29,1.65,55.55,18.13,6.03,39.55,1.84,0.08,10,1.76,0.77,3.85,626.75,600.43,706.04,627.41,609.41,640.09,3.32
1029431,NBN,Fibre to the Premises,25/10 Mbps,Exetel,NSW,Urban,FALSE,FALSE,34:dxxxxxx,26.9,24.6,27.01,26.81,24.6,27,9.34,9.29,9.4,9.34,9.29,9.37,2.9,2.81,3.15,2.87,2.81,3.11,0
48370489,Starlink,Satellite,100/50 Mbps,Starlink,QLD,,FALSE,FALSE,74:2xxxxxx,178.26,27.64,367.17,162.15,39.49,321.54,25.65,8.99,50.61,23.87,15.08,44.79,32.11,25.33,38.39,33.43,30.06,36.81,0.23
114331450,NBN,Fibre to the Premises,100/20 Mbps,Leaptel,NSW,Major Rural,FALSE,FALSE,58:cxxxxxx,105.97,95.5,107.22,105.61,96.18,107.1,18.93,17.92,19.02,18.91,18.6,19.02,7.44,7.29,8.17,7.45,7.4,7.55,0
2211131,NBN,Fibre to the Premises,100/20 Mbps,Telstra,ACT,Urban,FALSE,FALSE,a4:9xxxxxx,108.76,76.89,110.64,107.83,76.89,110.28,19.07,16.66,19.37,19.03,18.74,19.21,7.24,5.65,9.39,7.17,7.08,8.64,0
48370493,NBN Satellite Services,Satellite,25/5 Mbps,,NSW,Minor Rural,FALSE,FALSE,c8:3xxxxxx,24.9,16.41,27.86,24.57,19.85,27.69,5.25,1.7,5.69,5.43,3.32,5.69,645.82,627.47,692.26,641.36,629.97,660.11,0.19
2975293,NBN,Hybrid Fibre Coaxial,50/20 Mbps,Optus,NSW,Urban,FALSE,FALSE,10:dxxxxxx,54.58,51.13,54.87,54.52,51.13,54.74,18.68,17.77,19.59,18.62,17.77,18.9,8.29,8.09,9.16,8.28,8.1,9.16,0.03
4114237,Starlink,Satellite,100/50 Mbps,Starlink,QLD,,FALSE,FALSE,70:3xxxxxx,142.04,17.49,290.37,120.65,17.49,225.32,19.42,6.96,24.45,18.58,7.35,23.98,28.8,23.82,39.56,28.98,25.34,33.77,0.13
54645309,Starlink,Satellite,100/50 Mbps,Starlink,QLD,,FALSE,FALSE,74:2xxxxxx,152.1,2.91,391.91,130.63,16.25,270.08,26.69,5.75,58.56,26.72,9.56,42.09,30.38,24.05,43,31.96,27.42,43,0.1
45564737,NBN,Fibre to the Premises,250/25 Mbps,iiNet,NSW,Urban,FALSE,FALSE,b4:dxxxxxx,270.96,265.65,271.84,270.62,265.65,271.16,23.75,21.91,23.86,23.78,23.64,23.85,1.75,1.54,1.97,1.72,1.54,1.83,0
110762821,NBN,Fibre to the Premises,250/25 Mbps,Exetel,NSW,Urban,FALSE,FALSE,50:7xxxxxx,270.23,242.92,273.26,267.7,242.92,273.26,23.65,22.6,23.75,23.56,22.6,23.71,5.92,5.72,7.02,5.94,5.72,6.96,0.11
103959621,NBN,Hybrid Fibre Coaxial,100/20 Mbps,Dodo & iPrimus,NSW,Urban,FALSE,FALSE,a4:9xxxxxx,107.21,90.77,108.76,106.69,90.77,107.52,18.85,18.47,18.97,18.83,18.47,18.92,8.7,8.49,9.79,8.72,8.56,8.99,0
4114245,NBN,Fibre to the Node,50/20 Mbps,Exetel,NSW,Major Rural,FALSE,FALSE,18:fxxxxxx,53.7,18.03,54.54,52.93,27.4,54.51,18.85,12.91,18.92,18.7,12.91,18.91,19.34,16.19,20.51,18.92,16.19,20.45,0
125920326,NBN,Fibre to the Premises,100/20 Mbps,Other RSPs,NSW,Urban,FALSE,FALSE,9c:5xxxxxx,101.82,24.02,108.68,98.89,24.02,108.68,18.61,9.67,18.91,18.34,9.67,18.91,3.07,2.83,16.92,3.12,2.83,6.77,0
1366857,NBN,Fibre to the Premises,250/25 Mbps,TPG,NSW,Urban,FALSE,FALSE,b4:bxxxxxx,267.16,143.8,269.84,264.99,143.8,269.45,21.92,20.91,23.3,22.04,21.62,23.3,2.8,2.65,100.92,2.9,2.75,9.7,0.1
1188429,NBN very high speed services,Fibre to the Premises,500-990/50 Mbps,Superloop,NSW,Urban,FALSE,TRUE,d4:5xxxxxx,539.61,94.12,638.69,540.85,473.81,614.68,47.39,45.36,47.59,47.4,47.29,47.48,3.04,2.91,11.72,3.05,2.91,3.4,0.35
96729165,NBN,Fibre to the Premises,50/20 Mbps,Exetel,NSW,Urban,FALSE,FALSE,10:2xxxxxx,54.31,49.73,54.54,54.31,52.58,54.54,18.85,17.83,18.92,18.85,18.81,18.92,16.69,11.81,28.14,16.74,11.81,22.16,0
119326031,NBN,Fibre to the Node,50/20 Mbps,Leaptel,ACT,Urban,FALSE,FALSE,74:dxxxxxx,41.65,30.03,42.84,40.87,34.88,42.84,7.96,4.86,8.12,7.94,7.3,8.11,18.09,10.09,53.22,19.42,11.91,53.22,0
110762832,NBN,Fibre to the Premises,500/50 Mbps,Exetel,NSW,Urban,FALSE,FALSE,90:0xxxxxx,541.47,462.7,544.21,540.24,504.74,544.21,47.05,45.78,47.23,46.94,45.78,47.14,1.89,1.82,17.6,1.87,1.82,2.12,0.97
4329553,NBN,Fibre to the Premises,100/20 Mbps,Exetel,NSW,Urban,FALSE,FALSE,2c:7xxxxxx,107.45,80.55,109.2,106.32,93.21,108.88,18.91,17.77,19.03,18.84,17.77,19,8.31,8.25,23.66,8.32,8.26,8.5,0.06
53382737,NBN very high speed services,Hybrid Fibre Coaxial,500-990/50 Mbps,Aussie Broadband,NSW,Urban,FALSE,TRUE,e8:9xxxxxx,473.03,327.13,553.91,472.21,329.82,553.91,46.78,24,47.98,46.98,43.64,47.81,8.62,8.06,15.49,8.76,8.3,10.3,0.26
1188435,Starlink,Satellite,100/50 Mbps,Starlink,TAS,,FALSE,FALSE,74:2xxxxxx,213.84,5.24,399.32,187.79,53.58,318.18,31.09,12.26,61.8,27.72,15.73,47.69,25.75,22.62,33.82,26.35,24.08,33.82,0.45
93458517,NBN,Hybrid Fibre Coaxial,100/20 Mbps,Telstra,NSW,Urban,FALSE,FALSE,c8:9xxxxxx,92.94,78.88,93.83,92.78,86.61,93.83,18.94,18.26,19.03,18.92,18.28,19,17.23,8.22,22.87,17.08,8.22,20.65,0.23
1194581,NBN,Hybrid Fibre Coaxial,100/20 Mbps,Telstra,NSW,Urban,FALSE,FALSE,d4:3xxxxxx,107.94,81.42,109.37,107.8,81.42,109.37,18.78,17.6,19.07,18.8,18.6,18.97,8.43,8.21,9.65,8.43,8.21,9.44,0
47507797,NBN,Fibre to the Node,25/5 Mbps,Vodafone,NSW,Major Rural,FALSE,FALSE,a4:9xxxxxx,22.18,0.4,25.63,22.09,10.44,25.1,0.62,0.09,0.82,0.62,0.45,0.82,13.94,11.99,148.51,13.94,12.48,17.07,0.29
124395606,NBN Satellite Services,Satellite,100/10 Mbps,,NSW,Major Rural,FALSE,FALSE,f8:2xxxxxx,91.98,27.89,111.48,73.36,27.89,104.49,15.95,3.87,21.35,15.84,14.21,18.3,722.98,677.17,842.1,723.08,689.85,783.31,0.03
116680537,NBN,Fibre to the Curb,100/20 Mbps,TPG,NSW,Urban,FALSE,FALSE,54:axxxxxx,107.15,92.86,108.02,107.1,101.17,108.02,18.81,18.46,18.89,18.77,18.5,18.88,5.2,5.06,13.29,5.19,5.08,6.26,0.1
54368857,NBN very high speed services,Hybrid Fibre Coaxial,500-990/50 Mbps,Other RSPs,NSW,Urban,FALSE,FALSE,28:dxxxxxx,913.89,670.59,927.09,909.86,670.59,926.83,47.04,43.27,47.22,47.05,46.42,47.2,8.35,8.09,21.76,8.36,8.11,8.76,0.03
24028761,NBN,Hybrid Fibre Coaxial,100/20 Mbps,Dodo & iPrimus,NSW,Urban,FALSE,FALSE,20:6xxxxxx,88.29,70.27,90.42,88.11,76.26,90.33,18.05,16.19,18.19,18.08,17.27,18.19,8.98,8.62,10.71,8.98,8.67,9.42,0.19
110762842,NBN,Fibre to the Premises,250/25 Mbps,Exetel,NSW,Major Rural,FALSE,FALSE,c0:fxxxxxx,270.21,243.89,273.04,267.98,243.89,272.38,23.65,23.28,23.77,23.65,23.37,23.73,8.37,7.68,12.72,8.2,7.69,12.61,0.03
117552475,NBN,Fibre to the Premises,100/20 Mbps,iiNet,NSW,Urban,FALSE,FALSE,9c:cxxxxxx,91.31,45.57,99.62,87.57,45.57,99.62,16.13,15.54,16.32,16.13,16,16.25,3,2.53,6.67,3.26,2.65,6.67,0
1027932,NBN,Fibre to the Node,100/20 Mbps,Telstra,NSW,Major Rural,FALSE,FALSE,bc:3xxxxxx,109.11,103.33,110.77,108.99,105.25,110.77,19.1,18.9,19.23,19.09,19.05,19.2,14.64,8.31,16.36,14.68,8.31,16.2,0
129433949,NBN Satellite Services,Satellite,25/5 Mbps,,QLD,Minor Rural,FALSE,FALSE,48:bxxxxxx,20.59,3.63,27.49,18.2,3.96,27.21,5.23,3.25,5.61,5.1,3.25,5.6,613.97,593.3,734.98,621.63,602.01,734.98,0
57345117,NBN,Fibre to the Curb,100/20 Mbps,Optus,NSW,Urban,FALSE,FALSE,10:dxxxxxx,108.39,100.09,109.89,108.22,100.09,109.31,18.66,18.06,18.69,18.66,18.23,18.68,6.51,6.31,6.78,6.46,6.31,6.61,0.03
4329565,NBN,Fibre to the Premises,100/20 Mbps,Exetel,NSW,Urban,FALSE,FALSE,30:1xxxxxx,107.62,95.78,109.08,107.34,95.78,108.16,18.83,16.65,18.9,18.83,18.49,18.88,3.74,3.67,3.95,3.72,3.67,3.79,0.03
6986333,NBN,Fibre to the Node,50/20 Mbps,iiNet,ACT,Urban,FALSE,FALSE,a4:9xxxxxx,52.12,29.71,53.84,52.58,44.5,53.72,18.5,17.87,19.08,18.5,18.2,19.06,,,,,,,
2227293,NBN,Fibre to the Premises,50/20 Mbps,Exetel,ACT,Urban,FALSE,FALSE,e8:1xxxxxx,54.03,43.71,54.56,53.52,43.71,54.56,18.78,17.92,18.91,18.76,18.37,18.89,6.6,6.31,18.29,6.81,6.32,18.29,0.03
126632806,NBN,Fibre to the Node,25/10 Mbps,Aussie Broadband,ACT,Urban,FALSE,FALSE,d0:dxxxxxx,26.63,9.78,27.57,26.4,21.83,27.23,9.46,8.57,9.54,9.45,9.04,9.54,14.92,12.97,20.84,15.17,12.97,20.84,0
113262695,NBN,Hybrid Fibre Coaxial,100/20 Mbps,Exetel,NSW,Urban,FALSE,FALSE,94:axxxxxx,106.82,77.01,109.22,105.66,77.01,109.22,18.8,17.91,18.93,18.81,18.63,18.93,7.64,7.42,19.65,7.69,7.46,8.93,0
2211175,NBN,Fibre to the Node,25/10 Mbps,Exetel,NSW,Urban,FALSE,FALSE,18:fxxxxxx,27.15,19.61,27.27,27.12,25.75,27.26,9.42,9.03,9.52,9.42,9.21,9.48,9.48,6.78,11.31,9.71,6.78,11.31,0
36509033,NBN,Fibre to the Premises,50/20 Mbps,Aussie Broadband,VIC,Minor Rural,FALSE,FALSE,34:3xxxxxx,53.59,36.08,54.81,53.25,41.83,54.79,19.04,18.26,19.2,19.02,18.77,19.14,14.27,13.29,19.27,14.58,14.19,19.27,0
101484393,NBN Satellite Services,Satellite,100/10 Mbps,,QLD,Isolated,FALSE,FALSE,d0:dxxxxxx,84.33,21.45,109.68,63.64,29.05,86.33,14.62,5.85,18.5,12.93,5.85,16.17,667.49,624.07,765,661.2,629.72,756.53,0.19
55105385,NBN fixed wireless,Fixed Wireless,Fixed Wireless Plus 100/20,,NSW,Remote,FALSE,FALSE,fc:1xxxxxx,116.84,43.89,126.79,115.69,91.61,126.79,9.98,4.09,14.83,8.98,4.55,14.43,42.95,35.67,59.01,43.15,36.31,51.72,0
23786601,NBN,Fibre to the Premises,100/20 Mbps,Telstra,NSW,Urban,FALSE,FALSE,d4:3xxxxxx,108.59,92.66,110.57,108.23,97.81,109.27,19.02,17.51,19.25,19,18.39,19.24,10.39,9.92,10.94,10.37,9.92,10.94,0
96156269,NBN,Fibre to the Node,25/5 Mbps,Dodo & iPrimus,NSW,Urban,FALSE,FALSE,e4:fxxxxxx,26.32,21.47,26.72,26.08,22.03,26.72,4.7,4.51,4.75,4.71,4.69,4.73,15.84,15.71,17.17,15.96,15.75,16.7,0
1027950,NBN,Fibre to the Node,50/20 Mbps,Telstra,NSW,Urban,TRUE,FALSE,f8:axxxxxx,39.8,30.02,40.58,39.68,30.02,40.52,11.69,8.81,12.92,11.61,9.98,12.73,12.72,9.04,16.16,12.67,9.07,16.04,0
134674286,NBN fixed wireless,Fixed Wireless,Fixed Wireless Superfast 400/40,,NSW,Remote,FALSE,FALSE,20:9xxxxxx,312.75,62.58,410.49,275.79,130.16,359.5,18.11,1.44,22.83,17.07,12.15,22.01,54.04,48.99,69.77,53.7,50.26,58.86,0
117445999,NBN,Fibre to the Premises,250/25 Mbps,Other RSPs,NSW,Urban,FALSE,FALSE,40:exxxxxx,208.82,52.99,251.04,206.91,52.99,209.58,18.53,16.73,23.69,18.56,17.04,19.12,17,12.58,24.5,17.43,12.58,24.5,0.32
116680559,NBN,Fibre to the Premises,100/20 Mbps,Exetel,NSW,Urban,FALSE,FALSE,20:0xxxxxx,105.55,30.35,108.9,103.77,61.82,108.85,18.71,17.21,18.92,18.63,17.66,18.86,4.26,4.04,6.29,4.32,4.16,5.06,0
104511089,NBN,Hybrid Fibre Coaxial,100/20 Mbps,TPG,NSW,Urban,FALSE,FALSE,34:exxxxxx,107.72,101.36,108.34,107.71,105.71,108.02,18.73,9.73,18.91,18.72,18.27,18.91,8.01,7.71,121.8,8.09,7.83,8.36,0.13
2219377,NBN very high speed services,Fibre to the Premises,500-990/50 Mbps,Other RSPs,ACT,Urban,FALSE,FALSE,76:axxxxxx,920.07,568.16,928.83,920,868.45,928.4,46.76,35.97,47.15,46.35,35.97,47.15,5.89,5.52,11.63,5.89,5.53,6.29,0
113262706,NBN,Hybrid Fibre Coaxial,50/20 Mbps,Optus,NSW,Urban,FALSE,FALSE,64:fxxxxxx,54.34,37.58,54.96,54.19,47.21,54.96,18.71,17.57,19.59,18.68,18.04,19.28,9.14,8.82,11.18,9.1,8.83,10.69,0
113262708,NBN,Fibre to the Node,50/20 Mbps,Telstra,NSW,Urban,FALSE,FALSE,bc:5xxxxxx,51.69,39.46,55.16,50.88,39.96,54.79,17.39,16.44,17.73,17.34,16.81,17.73,11.04,7.46,16.15,11.05,7.8,16.15,0
107095925,NBN very high speed services,Fibre to the Premises,500-990/50 Mbps,Other RSPs,NSW,Urban,FALSE,FALSE,78:8xxxxxx,911.31,105.81,936.54,905.38,583.19,934.19,46.59,28.15,47.43,46.6,44.76,47.17,2.45,2.19,3.36,2.5,2.29,3.01,0.39
6235257,NBN,Fibre to the Node,50/20 Mbps,iiNet,ACT,Urban,TRUE,FALSE,ac:8xxxxxx,39.38,20.96,45.38,39.13,31.96,45.38,8.84,8.11,9.2,8.84,8.7,9.19,13.18,10.69,133.32,13.11,10.69,14.53,0.03
55458169,NBN,Hybrid Fibre Coaxial,25/5 Mbps,TPG,NSW,Urban,FALSE,FALSE,c0:2xxxxxx,26.32,20.98,26.58,26.25,22.76,26.54,0.98,0.73,1.16,0.98,0.89,1.16,8.22,8.02,10.43,8.31,8.02,9.59,0
45128569,NBN fixed wireless,Fixed Wireless,Fixed Wireless Plus 100/20,,NSW,Remote,FALSE,FALSE,f0:9xxxxxx,90.73,35.22,93.51,89.8,35.22,93.46,15.3,8.41,20.9,13.81,8.67,17.7,36,32.54,81.41,37.62,35.05,69.9,0
1195131,NBN very high speed services,Fibre to the Premises,500-990/50 Mbps,Aussie Broadband,NSW,Urban,FALSE,FALSE,24:exxxxxx,870.39,647.89,932.38,848.24,647.89,931.45,47.14,43.33,47.46,47.08,43.33,47.45,4.5,4.36,5.41,4.57,4.46,4.86,0
1354363,NBN very high speed services,Fibre to the Premises,500-990/50 Mbps,Aussie Broadband,NSW,Urban,FALSE,FALSE,3c:7xxxxxx,933.97,904.13,936.67,933.73,904.13,936.52,47.41,43.51,47.47,47.19,43.51,47.46,3.56,3.28,4.45,3.6,3.39,3.95,0
134674299,NBN very high speed services,Hybrid Fibre Coaxial,500-990/50 Mbps,Leaptel,NSW,Urban,FALSE,FALSE,50:exxxxxx,933.32,913.33,936.12,932.69,913.33,934.67,47.41,46.78,47.67,47.39,46.78,47.67,8.15,7.92,8.8,8.26,8.03,8.73,0
39485821,NBN,Hybrid Fibre Coaxial,50/20 Mbps,Vodafone,NSW,Urban,FALSE,FALSE,a4:9xxxxxx,52.73,37.7,54.03,52.44,40.47,53.99,18.64,17.83,19.22,18.63,18.01,18.9,8.01,7.74,9.08,7.99,7.86,8.35,0.05
2210941,NBN,Fibre to the Premises,250/25 Mbps,iiNet,ACT,Urban,FALSE,FALSE,e4:1xxxxxx,265.36,94.27,269.64,261.74,94.27,269.62,23.5,18.51,23.71,23.41,22.2,23.7,5.74,5.48,9.92,5.79,5.48,9.92,0
23580797,NBN,Fibre to the Premises,100/20 Mbps,Dodo & iPrimus,NSW,Urban,FALSE,FALSE,74:4xxxxxx,107.09,89.07,108.46,106.76,89.07,108.46,18.84,18.41,18.92,18.83,18.68,18.89,2.99,2.84,192.49,2.98,2.87,3.38,0.1
126632574,NBN,Fibre to the Node,25/5 Mbps,Telstra,NSW,Urban,FALSE,FALSE,20:bxxxxxx,27,3.67,27.43,27.02,22.39,27.36,4.84,4.31,5.48,4.8,4.48,5.13,7.41,7.03,41.03,7.37,7.23,8.27,0.08
1195135,NBN,Fibre to the Premises,50/20 Mbps,Exetel,NSW,Urban,FALSE,FALSE,e0:bxxxxxx,53.67,36.68,54.5,53.31,39.22,54.48,18.8,17.35,18.91,18.78,17.95,18.89,3.33,3.18,5.01,3.37,3.18,4.85,0.06
2211199,NBN,Fibre to the Premises,100/40 Mbps,iiNet,ACT,Urban,FALSE,FALSE,90:0xxxxxx,107.87,88.74,108.63,107.42,88.74,108.43,37.88,36.55,37.99,37.93,37.78,37.98,5.61,5.51,5.76,5.58,5.52,5.74,0
112915327,NBN,Fibre to the Premises,100/40 Mbps,Exetel,NSW,Urban,FALSE,FALSE,cc:2xxxxxx,106.1,6.87,108.81,102.85,6.87,108.81,36.87,27.38,37.72,36.35,27.38,37.72,3.35,2.83,12.65,3.49,3.09,9,0.03
2512769,NBN,Fibre to the Premises,100/40 Mbps,Exetel,NSW,Urban,FALSE,FALSE,78:8xxxxxx,107.36,84.17,108.66,105.57,84.17,108.64,37.63,37.03,37.72,37.54,37.03,37.68,2.51,2.43,12.56,2.49,2.43,2.72,0
5281665,NBN,Fibre to the Premises,100/20 Mbps,Optus,NSW,Major Rural,FALSE,FALSE,b0:5xxxxxx,109.28,104.74,110.46,109.27,108.85,109.31,18.59,18.4,18.72,18.59,18.4,18.66,16.23,10.97,20.1,15.92,11.01,20.04,0.03
26489989,NBN,Fibre to the Premises,25/10 Mbps,Exetel,NSW,Urban,FALSE,FALSE,c4:exxxxxx,27.06,22.39,27.23,27.12,26.58,27.21,9.39,9.24,9.46,9.4,9.31,9.46,3.09,2.99,3.17,3.06,2.99,3.13,0
23486853,NBN,Fibre to the Premises,100/20 Mbps,Aussie Broadband,NSW,Urban,FALSE,FALSE,26:5xxxxxx,103.58,91.57,105.12,103.99,93.3,105.07,19.06,18.64,19.15,19.05,18.64,19.12,3.44,3.38,3.74,3.42,3.39,3.56,0
81885829,NBN,Hybrid Fibre Coaxial,100/20 Mbps,Telstra,NSW,Urban,FALSE,FALSE,d4:3xxxxxx,108.06,90.22,110.57,107.33,94.04,110.57,18.71,4.7,19.08,18.68,17.28,19.03,10.36,9.83,60.9,10.59,9.98,19.28,0.39
1028742,NBN,Fibre to the Premises,250/25 Mbps,Telstra,NSW,Urban,FALSE,FALSE,d4:9xxxxxx,272.14,259.3,274.09,272.1,268.12,273.42,23.76,23.28,23.88,23.73,23.44,23.85,5.19,5.08,9.86,5.17,5.08,5.48,0
2211207,NBN very high speed services,Fibre to the Premises,500-990/50 Mbps,Other RSPs,ACT,Urban,FALSE,FALSE,30:bxxxxxx,922.33,619.14,936.34,918.17,619.14,934.65,43.84,31.6,47.39,43.77,31.6,46.39,5.95,5.42,7.52,5.97,5.48,7.52,0
124770439,Starlink,Satellite,100/50 Mbps,Starlink,VIC,,FALSE,FALSE,60:2xxxxxx,212.58,2.51,403.2,180.31,37.32,382.39,27.67,9.16,61.49,27.52,10.32,52.73,28.05,21.77,35.92,29.38,24.93,35.92,0.13
55458441,NBN,Fibre to the Premises,50/20 Mbps,Dodo & iPrimus,ACT,Urban,FALSE,FALSE,bc:3xxxxxx,53.36,35.58,54.37,53.1,35.58,54.11,18.83,17.74,18.9,18.79,17.74,18.89,6.32,6.18,8.21,6.39,6.18,8.21,0
127446154,Starlink,Satellite,100/50 Mbps,Starlink,NSW,,FALSE,FALSE,74:2xxxxxx,169.94,1.9,370.81,153.08,29.81,325.53,26.48,6.35,59.26,26.03,10.43,50.77,37.4,27.8,55.35,38,29.88,49.73,0.06
128949131,NBN fixed wireless,Fixed Wireless,Fixed Wireless Plus 100/20,,QLD,Remote,FALSE,FALSE,d4:6xxxxxx,66.46,2.32,95.54,50.08,11.27,93.49,13,7.64,19.41,11.21,7.64,15,59.68,49.95,98.85,66.33,53.8,87.34,0.03
127446155,NBN Satellite Services,Satellite,25/5 Mbps,,TAS,Major Rural,FALSE,FALSE,1c:6xxxxxx,24.32,6.37,27.56,22.87,6.37,26.99,4.62,1.13,5.62,4.26,1.13,5.62,597.39,563.29,647.92,602.16,577.16,628.93,0.03
91490445,NBN,Fibre to the Premises,250/25 Mbps,Dodo & iPrimus,NSW,Major Rural,FALSE,FALSE,60:3xxxxxx,268,244.17,272.94,266.2,244.17,269.97,23.53,19.2,23.75,23.39,19.2,23.71,11.45,11.2,26.28,11.44,11.2,12.07,0
26489997,NBN,Fibre to the Node,25/5 Mbps,iiNet,VIC,Urban,FALSE,FALSE,48:2xxxxxx,24.76,10.31,26.55,23.86,12.67,26.55,4.67,3.82,4.73,4.65,4.45,4.71,22.21,19.95,33.19,22.68,20.89,29.01,0.03
1196429,NBN,Fibre to the Node,50/20 Mbps,TPG,NSW,Urban,FALSE,FALSE,14:exxxxxx,52.18,33.85,53.86,51.22,34.34,53.8,18.81,17.32,18.91,18.77,17.49,18.91,20.06,16.12,98.7,20.76,17.85,32.74,0
116680590,NBN,Fibre to the Premises,100/20 Mbps,Telstra,NSW,Urban,FALSE,FALSE,d4:3xxxxxx,108.85,74.17,110.37,107.98,82.8,109.27,17.4,10.66,19.21,17.85,10.66,19.13,4.32,3.76,5.79,4.29,4.13,4.98,0
134533262,NBN very high speed services,Hybrid Fibre Coaxial,500-990/50 Mbps,Leaptel,NSW,Urban,FALSE,FALSE,bc:3xxxxxx,932.5,5.51,935.33,917.25,9.05,934.8,18.77,4.62,18.87,18.76,18.52,18.86,7.76,7.56,8.39,7.83,7.65,8.22,0.26
127789200,NBN,Fibre to the Premises,100/40 Mbps,Aussie Broadband,NSW,Urban,FALSE,FALSE,08:fxxxxxx,98.88,54.61,101.95,97.49,54.61,101.58,37.71,34.45,38.15,37.78,37.3,38.12,2.64,2.19,7.03,2.91,2.19,7.03,0.03
134533265,NBN very high speed services,Fibre to the Premises,500-990/50 Mbps,Leaptel,NSW,Urban,FALSE,FALSE,24:2xxxxxx,932.26,884.59,934.54,930.96,884.59,934.54,46.5,13,47.48,42.26,13,47.45,3.36,3.1,3.83,3.41,3.16,3.75,0
124770450,NBN,Fibre to the Node,100/40 Mbps,Aussie Broadband,NSW,Urban,FALSE,FALSE,12:0xxxxxx,94.69,2.28,105.67,93.77,6.35,105.66,36.41,0.47,37.96,36.03,14.78,37.95,10.58,7.5,47.83,11.42,8.88,47.83,0.13
117784211,NBN,Fibre to the Curb,50/20 Mbps,Exetel,NSW,Urban,FALSE,FALSE,80:cxxxxxx,53.92,11.45,54.57,54.04,49.79,54.55,18.66,13.55,18.91,18.41,14.76,18.88,6.02,5.54,23.77,6.31,5.54,17.37,0
2210963,NBN,Fibre to the Premises,25/10 Mbps,Exetel,NSW,Urban,FALSE,FALSE,d0:dxxxxxx,26.69,18.85,27.32,26.37,18.85,27.31,9.4,8.69,9.47,9.42,9.31,9.46,3.23,3.09,9.62,3.33,3.11,7.5,0
1195157,NBN,Fibre to the Node,50/20 Mbps,Exetel,NSW,Urban,FALSE,FALSE,a4:fxxxxxx,53.79,47.55,54.62,53.72,47.55,54.55,18.82,18.63,18.93,18.8,18.65,18.88,7.57,4.55,8.94,7.55,5.08,8.44,0.04
66082709,NBN,Fibre to the Premises,100/20 Mbps,Telstra,NSW,Urban,FALSE,FALSE,d4:3xxxxxx,108.91,94.6,110.53,108.88,103.49,109.31,18.91,16.24,19.25,18.86,18.35,19.12,2.83,2.47,7.02,2.8,2.69,3.03,0
43359125,NBN,Fibre to the Premises,250/25 Mbps,Other RSPs,VIC,Urban,FALSE,FALSE,10:7xxxxxx,248.06,57.57,261.26,250.65,211.46,261.26,23.43,18.88,23.94,23.63,22.67,23.94,15.63,13.64,18.85,15.69,15.48,16.81,0.1
124770453,NBN Satellite Services,Satellite,100/10 Mbps,,NSW,Remote,FALSE,FALSE,bc:2xxxxxx,81.35,17.1,111.45,58.42,17.88,105.43,8.69,2.53,10.12,7.86,5.09,9.8,707.62,659.86,848.66,705.14,670.22,726.94,0.48
130105495,NBN Satellite Services,Satellite,100/10 Mbps,,QLD,Urban,FALSE,FALSE,9c:axxxxxx,42.8,7.04,111.04,32.67,8.15,105.57,7.36,2.53,10.03,7.6,3.81,9.86,678.93,632.02,819.38,699.81,652.34,819.38,0.12
1354391,NBN,Fibre to the Premises,250/25 Mbps,Telstra,NSW,Urban,FALSE,FALSE,a0:bxxxxxx,268.48,84.26,274.01,265.33,84.26,274.01,23.63,13.44,24.02,23.57,21.21,23.97,4.75,4.43,81.13,5.12,4.6,17.82,0.32
1028760,NBN,Fibre to the Node,25/5 Mbps,Telstra,NSW,Urban,FALSE,FALSE,24:exxxxxx,27.03,11.88,27.52,27,16.53,27.52,4.88,4.21,5.39,4.88,4.64,5.27,14.01,11.76,26.57,14.06,11.77,20.7,0.03
106456217,NBN,Hybrid Fibre Coaxial,100/40 Mbps,Superloop,NSW,Urban,FALSE,FALSE,50:2xxxxxx,106.98,97.79,108.11,106.81,97.79,108.11,36.43,36.07,36.67,36.42,36.07,36.56,7.93,7.78,10.67,7.91,7.79,8.58,0.26
1347741,NBN,Hybrid Fibre Coaxial,50/20 Mbps,Other RSPs,NSW,Urban,FALSE,FALSE,1c:bxxxxxx,47.28,22.96,48.36,45.95,22.96,48.25,18.79,16.36,18.91,18.71,17.81,18.87,8.5,7.88,9.64,8.82,8.17,9.5,0
127446175,Starlink,Satellite,100/50 Mbps,Starlink,NSW,,FALSE,FALSE,74:2xxxxxx,186.07,42.43,372.73,156.36,42.43,317.27,28.2,7.97,68.2,26.64,11.46,53.71,41.3,26.56,56.01,42.93,29.89,56.01,0.29
128670368,Starlink,Satellite,100/50 Mbps,Starlink,QLD,,FALSE,FALSE,74:2xxxxxx,112.52,5.82,302.38,88.41,5.82,290.87,24.03,5.75,45.05,18.76,5.75,28.01,41.49,25.03,53.51,42.14,25.89,52.39,0.81
50398881,NBN,Hybrid Fibre Coaxial,250/25 Mbps,Optus,NSW,Urban,FALSE,FALSE,38:exxxxxx,272.76,191.78,279.97,271.81,191.78,275.34,23.37,22.02,24.06,23.3,22.02,23.7,10.28,9.78,31.76,10.35,9.8,12.97,2.87
53382817,NBN,Fibre to the Curb,50/20 Mbps,Optus,NSW,Urban,FALSE,FALSE,38:axxxxxx,54.12,40.23,55.41,53.78,40.23,55.22,18.63,17.9,18.68,18.6,18.11,18.68,5.6,5.18,11,5.6,5.2,11,0.03
97491361,NBN,Fibre to the Node,50/20 Mbps,Telstra,QLD,Urban,FALSE,TRUE,bc:3xxxxxx,23.4,11.12,24.58,22.95,11.12,24.52,18.91,15.42,19.19,18.97,18.68,19.19,29.91,21.24,97.62,30.48,22.22,41.99,0.03
126822050,NBN very high speed services,Fibre to the Premises,500-990/50 Mbps,Other RSPs,NSW,Urban,FALSE,FALSE,24:exxxxxx,913.88,611.82,927.17,906.5,611.82,926.92,47.33,43.14,47.54,47.09,43.14,47.47,4.73,4.24,8.84,4.71,4.62,5.03,0
129207203,Starlink,Satellite,100/50 Mbps,Starlink,QLD,,FALSE,FALSE,74:2xxxxxx,157.08,1.66,409.26,134.38,1.66,299.59,28.25,3.15,50.36,27.98,7.22,44.12,32.32,25.02,40.19,33.76,26.62,38.93,0.16
11285669,NBN,Hybrid Fibre Coaxial,75/20 Mbps,Aussie Broadband,NSW,Urban,FALSE,FALSE,f8:cxxxxxx,75.2,63.54,76.16,75.2,72.88,76.13,18.9,18.46,19,18.9,18.81,18.98,8.75,8.38,17.5,8.77,8.53,9.11,0.65
54368933,NBN very high speed services,Hybrid Fibre Coaxial,500-990/50 Mbps,Aussie Broadband,NSW,Urban,FALSE,FALSE,d0:dxxxxxx,939.74,916.83,947.07,939.54,919.74,947.07,47.37,46.58,47.49,47.38,47.24,47.45,8,7.73,8.69,8.06,7.89,8.36,0
55458473,NBN,Fibre to the Premises,50/20 Mbps,Exetel,NSW,Urban,FALSE,FALSE,c0:fxxxxxx,53.22,37.33,54.53,52.48,42.93,54.49,18.78,18.24,18.9,18.8,18.65,18.86,8.89,8.69,19.4,9,8.71,10.74,0.77
2521515,NBN fixed wireless,Fixed Wireless,Fixed Wireless Plus 100/20,,NSW,Remote,FALSE,FALSE,10:1xxxxxx,113.73,65.46,143.7,105.59,65.46,138.92,17.76,10.92,21.65,16.89,11.83,20.6,48.01,44.52,433.3,47.99,45.56,50.61,0.03
29843373,NBN,Fibre to the Premises,250/25 Mbps,Superloop,NSW,Urban,FALSE,FALSE,3c:7xxxxxx,271.11,249.63,272.67,269.89,252.6,272.19,23.68,23.35,23.8,23.66,23.35,23.74,3.47,3.32,8.5,3.51,3.36,5.95,0.03
5071789,NBN,Hybrid Fibre Coaxial,100/20 Mbps,Telstra,NSW,Urban,FALSE,FALSE,d4:3xxxxxx,101.8,71.46,109.14,100.05,71.46,109.1,18.57,16.35,19.02,18.5,17.04,19.01,8.57,8.24,9.46,8.63,8.35,9.34,0.1
39876781,NBN,Fibre to the Curb,50/20 Mbps,Optus,NSW,Urban,FALSE,FALSE,dc:fxxxxxx,53.77,41.19,54.87,53.45,44.1,54.75,19.05,17.17,19.29,19.08,18.66,19.27,6.6,6.08,8.11,6.6,6.5,8.11,0
124690611,NBN,Fibre to the Premises,100/20 Mbps,Exetel,NSW,Urban,FALSE,FALSE,c0:fxxxxxx,108.71,99.24,109.16,108.64,104.18,108.97,18.86,18.6,18.95,18.86,18.76,18.91,2.41,2.09,2.96,2.47,2.11,2.96,0.06
2219443,NBN,Fibre to the Premises,50/20 Mbps,Optus,NSW,Urban,FALSE,FALSE,98:4xxxxxx,53.66,44.27,55.08,53.08,46.47,54.65,18.63,17.88,18.68,18.62,18.01,18.68,3.32,3.13,3.94,3.34,3.16,3.8,0
81801653,NBN fixed wireless,Fixed Wireless,Fixed Wireless Plus 100/20,,NSW,Remote,FALSE,FALSE,28:bxxxxxx,136.85,64.98,145.11,134.63,64.98,143.01,17.76,9.54,22.39,17.13,12.48,20.95,54.97,52.35,62.07,55.37,52.41,62.07,0
66082741,NBN very high speed services,Hybrid Fibre Coaxial,500-990/50 Mbps,Other RSPs,NSW,Urban,FALSE,FALSE,54:bxxxxxx,933.49,906.14,936.39,932.96,916.66,936.39,47.45,45.46,47.82,47.34,45.54,47.77,8.99,8.78,9.58,8.99,8.81,9.58,0.03
53382837,NBN very high speed services,Fibre to the Premises,500-990/50 Mbps,Other RSPs,NSW,Urban,FALSE,TRUE,00:2xxxxxx,264.94,163.5,265.67,264.63,257.38,265.67,45.87,42.4,46.41,45.97,42.82,46.35,4.6,4.1,10.8,4.56,4.15,5.84,0
1354423,NBN very high speed services,Fibre to the Premises,500-990/50 Mbps,Superloop,NSW,Urban,FALSE,FALSE,4c:exxxxxx,935.16,881.44,937.41,934.18,881.44,937.41,47.29,43.32,47.5,47.36,46.37,47.49,10.76,10.62,93.08,10.75,10.62,10.9,0.06
4529593,NBN,Fibre to the Premises,100/20 Mbps,Telstra,NSW,Urban,FALSE,FALSE,08:3xxxxxx,93.11,90.27,93.52,93.13,92.85,93.47,18.94,17.96,19.04,18.93,18.24,19,2.49,2.41,3.55,2.47,2.41,2.73,0
4991161,NBN,Fibre to the Node,100/40 Mbps,Optus,NSW,Urban,TRUE,FALSE,d0:6xxxxxx,87.17,63.38,88.58,86.54,67.98,88.58,30.22,28.86,31.09,30.19,29.59,30.63,13.34,11.36,128.92,13.37,11.94,14.19,0
55458233,NBN fixed wireless,Fixed Wireless,Fixed Wireless Plus 100/20,,NSW,Remote,FALSE,FALSE,c8:7xxxxxx,139.73,112.61,140.88,138.15,112.61,140.61,27.74,27.04,28.2,27.75,27.24,28.11,18.28,17.65,20.28,18.37,17.65,19.77,0
124690617,Starlink,Satellite,100/50 Mbps,Starlink,QLD,,FALSE,FALSE,74:2xxxxxx,237.1,8.96,403.37,231.29,8.96,385.61,35.78,12.91,65.45,31.14,17.64,56.6,49.13,43.64,69.21,48.25,43.81,52.25,0.26
1354425,NBN,Fibre to the Premises,250/25 Mbps,Optus,NSW,Urban,FALSE,FALSE,14:2xxxxxx,248.47,221.52,270.87,248.18,225.25,270.87,23.33,16.58,24.04,23.35,21.56,23.9,8.33,5.94,10.4,8.31,5.94,9.77,0
35245241,NBN,Fibre to the Node,50/20 Mbps,Exetel,ACT,Urban,FALSE,FALSE,8c:6xxxxxx,52.16,30.11,53.5,51.62,30.11,53.47,10.53,5.28,10.89,10.53,10.03,10.89,13.33,11.06,46.58,13.86,12.74,19.36,0.13
124146106,NBN very high speed services,Fibre to the Premises,500-990/50 Mbps,Aussie Broadband,NSW,Urban,FALSE,FALSE,70:4xxxxxx,933.42,893.66,936.71,931.88,903.52,936.68,47.25,45.41,47.52,47.17,45.41,47.46,1.53,1.49,1.63,1.51,1.49,1.57,0
56963005,NBN,Fibre to the Premises,250/25 Mbps,Other RSPs,WA,Urban,FALSE,FALSE,7c:8xxxxxx,237.38,43.62,261.7,244.07,110.12,258.97,23.81,23.58,24.03,23.79,23.66,23.91,54.08,50.69,55.42,54.04,50.73,55.4,0
37992129,NBN,Fibre to the Node,50/20 Mbps,iiNet,ACT,Urban,FALSE,FALSE,1c:exxxxxx,53.08,47.05,53.58,52.9,47.53,53.56,18.84,18.59,19.13,18.84,18.59,19.06,11.91,9.98,13.53,11.9,10.72,13.32,0.03
34132673,Starlink,Satellite,100/50 Mbps,Starlink,ACT,,FALSE,FALSE,74:fxxxxxx,184.75,18.41,413.86,151.56,18.41,282.46,30.45,11.07,54.99,28.31,11.79,43.85,24.39,21.86,34.09,25.09,22.87,27.89,0.13
124146115,NBN Satellite Services,Satellite,100/10 Mbps,,VIC,Minor Rural,FALSE,FALSE,18:dxxxxxx,69.22,4.62,111.01,26.05,4.62,83.89,13.8,0.67,19.54,10.94,3.16,16.41,676.14,641.41,758.05,687.61,655.5,740.65,0.03
48464325,Starlink,Satellite,100/50 Mbps,Starlink,VIC,,FALSE,FALSE,76:axxxxxx,182.3,25.65,382.45,163.45,25.65,285.84,29.44,8.91,69,29.78,9.93,51.25,24.51,21.82,29.82,24.94,22.33,27.74,4.13
31764169,NBN fixed wireless,Fixed Wireless,Fixed Wireless Plus 100/20,,NSW,Remote,FALSE,FALSE,f8:cxxxxxx,109.2,71.07,130.36,105.07,72.81,124.49,20.2,10.08,22.53,19.24,14.54,22.2,58.39,50.29,85.29,59.69,51.35,80.39,0
4329421,NBN,Fibre to the Node,50/20 Mbps,Dodo & iPrimus,NSW,Urban,FALSE,FALSE,d0:dxxxxxx,53.41,44.77,53.96,53.37,49.76,53.93,18.85,18.58,19.04,18.85,18.75,18.91,8.13,6.55,11.57,8.34,6.56,11.57,0
34132685,NBN,Fibre to the Premises,100/20 Mbps,Dodo & iPrimus,NSW,Urban,FALSE,FALSE,68:dxxxxxx,94.24,84.55,96.29,94.5,84.55,96.29,18.56,15.73,18.98,18.52,17.58,18.91,2.84,2.56,3.6,2.83,2.56,3.6,4
1028814,NBN,Fibre to the Node,50/20 Mbps,Telstra,NSW,Major Rural,FALSE,FALSE,a0:bxxxxxx,54.04,39.46,55.2,54.17,48.75,54.67,19,18.42,19.35,19,18.42,19.26,19.43,19.21,21.66,19.44,19.32,21.48,0
117784271,NBN very high speed services,Hybrid Fibre Coaxial,500-990/50 Mbps,Launtel,NSW,Urban,FALSE,FALSE,72:axxxxxx,910.73,40.97,922.68,910.81,820.6,921.06,46.22,36.1,46.64,46.24,42.42,46.48,7.56,7.19,12.28,7.77,7.36,9.06,0.03
55187153,NBN fixed wireless,Fixed Wireless,Fixed Wireless Plus 100/20,,QLD,Remote,FALSE,FALSE,60:axxxxxx,71.49,12.38,94.38,61.34,23.98,94.38,13.14,4.29,19.24,11.62,5.16,16.17,50.34,46.62,68.87,52.65,49.31,68.09,0
3880913,NBN,Hybrid Fibre Coaxial,100/40 Mbps,Exetel,NSW,Urban,FALSE,FALSE,9c:6xxxxxx,107.97,23.27,109.09,107.94,94.05,108.94,37.54,0.32,37.79,37.72,37.4,37.79,8.35,7.74,9.44,8.41,8.28,9.02,2.19
36655057,NBN,Fibre to the Node,25/10 Mbps,Exetel,NSW,Urban,FALSE,FALSE,d8:4xxxxxx,26.68,13.36,27.23,26.76,21.91,27.21,8.06,7.41,8.85,8.03,7.41,8.31,10.24,8.77,15.42,10.32,9.3,12.59,0
35743697,NBN,Fibre to the Curb,100/40 Mbps,Dodo & iPrimus,NSW,Urban,FALSE,FALSE,84:bxxxxxx,106.01,92.49,106.54,106.09,94.27,106.54,37.64,36.24,37.71,37.67,37.59,37.7,5.05,4.88,5.67,5.02,4.88,5.27,0.06
81885905,NBN very high speed services,Hybrid Fibre Coaxial,500-990/50 Mbps,Other RSPs,NSW,Urban,FALSE,FALSE,24:2xxxxxx,923.96,482.06,952.23,935.43,902.62,949.76,45.26,36.55,47.11,45.31,40.05,46.93,9.77,7.81,25.39,9.58,7.86,11.49,1.81
53382865,NBN,Hybrid Fibre Coaxial,250/25 Mbps,Telstra,NSW,Urban,FALSE,FALSE,d4:3xxxxxx,272.36,267.86,274.93,271.84,267.86,272.85,23.41,21.24,23.79,23.4,22.71,23.56,8.4,7.91,31.84,8.45,7.93,8.94,0.06
124920275,NBN Satellite Services,Satellite,50/10 Mbps,,QLD,Isolated,FALSE,FALSE,3c:7xxxxxx,49.62,21.59,55.68,45.62,21.59,54.68,13.81,4.93,17.81,12.38,6.76,17.04,660.22,625.43,703.32,660.21,634.13,679.27,0.07
124920276,NBN Satellite Services,Satellite,25/5 Mbps,,VIC,Minor Rural,FALSE,FALSE,d0:dxxxxxx,19.36,1.22,26.66,12.45,2.29,25.35,5.22,2.73,5.63,5.32,4.06,5.53,644.73,607.8,779.22,665.96,625.51,762.27,0
55187157,NBN Satellite Services,Satellite,50/10 Mbps,,QLD,Isolated,FALSE,FALSE,7c:fxxxxxx,50.05,10.59,55.71,46.69,23.33,55.21,13.91,1.22,17.72,11.5,1.22,17.21,695.56,654.96,850.72,696.08,654.96,717.94,0.1
4991189,NBN,Fibre to the Node,50/20 Mbps,TPG,NSW,Urban,FALSE,FALSE,3c:6xxxxxx,51.72,45.89,52.64,51.66,45.89,52.63,12.92,11.64,13.7,12.93,12.02,13.63,23.69,14.11,173.16,22.89,14.11,29.11,0
45564629,NBN,Fibre to the Node,100/40 Mbps,Telstra,ACT,Urban,FALSE,FALSE,a0:bxxxxxx,105.08,12.37,105.68,104.92,80.56,105.66,38.21,31.29,38.52,38.19,37.71,38.4,13.54,11.32,70.03,13.59,11.9,21.68,0
53382869,NBN,Fibre to the Node,100/40 Mbps,iiNet,NSW,Urban,FALSE,FALSE,dc:axxxxxx,86.47,77.24,86.88,86.4,77.24,86.88,36.27,14.51,36.59,36.36,32.87,36.54,5.05,4.95,6.25,5.02,4.97,6.25,0
2219477,NBN,Fibre to the Premises,100/40 Mbps,iiNet,ACT,Urban,FALSE,FALSE,64:axxxxxx,99.68,85.08,108.44,99.56,85.08,108.44,37.88,36.03,37.98,37.85,36.25,37.96,7.35,7.03,20.34,7.63,7.03,20.34,0
1028822,NBN,Fibre to the Premises,250/25 Mbps,Superloop,NSW,Urban,FALSE,FALSE,00:1xxxxxx,270.38,117.19,272.56,269.35,167.06,271.97,23.52,10.95,23.75,23.24,10.95,23.74,11.1,9.85,22.18,11.3,11.03,22.18,0.03
135546071,NBN,Fibre to the Premises,100/20 Mbps,Telstra,NSW,Urban,FALSE,FALSE,08:cxxxxxx,109.18,108.05,110.94,109.17,108.05,109.23,19.03,18.94,19.25,19.03,18.95,19.17,4.79,4.7,5.29,4.74,4.71,5.01,0
3880925,Starlink,Satellite,100/50 Mbps,Starlink,QLD,,FALSE,FALSE,28:bxxxxxx,140.65,0.73,401.35,112.1,0.73,285.92,24.4,7.43,41.57,23.76,8.07,37.56,45.26,40.81,54.54,44.63,41.92,49.31,0.29
46632413,NBN very high speed services,Fibre to the Premises,500-990/50 Mbps,Aussie Broadband,NSW,Urban,FALSE,FALSE,fc:3xxxxxx,919.85,876.72,926.12,918.58,887.7,926.07,47.19,42.28,47.51,47.27,46.34,47.47,4.03,3.59,4.61,4.09,3.67,4.61,0
24029405,NBN,Fibre to the Curb,50/20 Mbps,Superloop,VIC,Major Rural,FALSE,FALSE,e0:bxxxxxx,54.24,27.82,55.24,53.85,27.82,55.24,18.94,18.08,19.08,18.94,18.78,19.08,14.74,13.72,18.98,14.83,14.65,18.98,0
114331358,Non-NBN fixed line services,Fibre to the Premises,100/40 Mbps,,NSW,,FALSE,FALSE,9c:6xxxxxx,108.21,95.3,108.94,107.95,95.3,108.93,38.45,37.57,38.76,38.51,38.23,38.72,5.42,5.25,18.99,5.39,5.28,5.92,0.1
106456289,NBN,Fibre to the Premises,250/25 Mbps,Exetel,NSW,Major Rural,FALSE,FALSE,c0:fxxxxxx,272,268.44,274.09,271.97,268.44,273.71,23.69,23.51,23.76,23.69,23.56,23.75,16.93,16.87,17.11,16.92,16.87,17.07,0.16
21854433,NBN,Hybrid Fibre Coaxial,100/20 Mbps,Telstra,NSW,Urban,FALSE,FALSE,d8:dxxxxxx,109.02,94.01,110.07,108.54,94.01,109.58,18.98,17.5,19.33,18.93,18.22,19.2,8.07,7.8,8.71,8.08,7.82,8.38,0
124920292,NBN,Hybrid Fibre Coaxial,100/20 Mbps,Optus,NSW,Urban,FALSE,FALSE,84:9xxxxxx,106.84,98.44,109.12,106.44,101.4,109.1,18.96,18.45,19.43,18.92,18.45,19.19,10.6,9.82,25.68,10.86,10.13,12.69,0.03
119120100,Non-NBN fixed line services,Fibre to the Premises,250/25 Mbps,,NSW,,FALSE,FALSE,10:2xxxxxx,278.11,177.17,279.29,277.97,259.62,279.17,24.52,24.27,24.79,24.51,24.38,24.76,3.65,3.47,4.01,3.63,3.54,3.88,0
57391077,NBN,Fibre to the Premises,100/40 Mbps,Exetel,NSW,Urban,FALSE,FALSE,1c:exxxxxx,108.28,90.15,108.89,107.44,90.15,108.88,37.9,36.89,38.24,37.88,37.57,37.94,5.71,5.34,8.23,5.75,5.34,6.36,0
81885929,Non-NBN fixed line services,Fibre to the Premises,100/20 Mbps,,NSW,,FALSE,FALSE,5c:axxxxxx,93.78,83.46,95.74,93.22,83.46,95.74,18.34,17.86,18.59,18.31,17.86,18.54,2.76,2.66,4.17,2.81,2.74,3.05,0
119120108,NBN very high speed services,Hybrid Fibre Coaxial,500-990/50 Mbps,Leaptel,NSW,Urban,FALSE,FALSE,9e:0xxxxxx,895.44,435.9,932.98,884.88,435.9,928.59,44.91,30.34,46.86,43.32,36.37,46.8,8.63,8.19,14.85,8.74,8.29,10.05,0
2260975,NBN,Fibre to the Premises,100/40 Mbps,Exetel,NSW,Urban,FALSE,FALSE,78:cxxxxxx,107.81,78.39,108.9,106.09,78.39,108.86,37.68,36.36,37.78,37.7,37.55,37.74,3.39,3.26,22.91,3.38,3.27,3.7,0.35
4719089,NBN very high speed services,Fibre to the Premises,500-990/50 Mbps,Superloop,NSW,Urban,FALSE,TRUE,00:3xxxxxx,260,230.84,304,262.82,232.56,304,47.37,42.22,47.53,47.07,42.22,47.45,6.27,5.79,10.78,6.39,5.81,8.59,0
2260977,NBN,Fibre to the Premises,100/20 Mbps,Leaptel,NSW,Urban,FALSE,FALSE,30:dxxxxxx,106.27,93.98,107.16,106.42,102.79,106.85,18.93,18.43,19.02,18.93,18.65,19.02,5.36,5.15,8.32,5.41,5.28,6.02,0
49590513,NBN,Fibre to the Node,25/10 Mbps,Exetel,NSW,Urban,FALSE,FALSE,a4:9xxxxxx,27.19,27.05,27.27,27.19,27.13,27.27,9.44,9.39,9.58,9.43,9.41,9.46,7.9,5.53,8.62,7.89,5.63,8.56,0
135073780,NBN,Hybrid Fibre Coaxial,50/20 Mbps,Optus,NSW,Urban,FALSE,FALSE,d8:dxxxxxx,54.4,38.16,54.83,54.14,47.28,54.66,18.7,17.68,19.39,18.72,18.43,19.39,12.72,12.36,19.94,12.75,12.36,14.04,0.23
53382901,NBN,Fibre to the Premises,100/20 Mbps,Exetel,NSW,Urban,FALSE,FALSE,cc:2xxxxxx,108.59,77.85,108.96,108.54,104.81,108.9,18.86,17.55,18.93,18.85,18.77,18.9,,,,,,,
38966517,Starlink,Satellite,100/50 Mbps,Starlink,QLD,,FALSE,FALSE,28:8xxxxxx,166.24,13.79,354.93,145.63,13.79,285,27.03,8.7,57.9,26.79,8.7,57.9,33.81,24.36,49.24,34.99,28.6,45.65,0.42
4329465,NBN,Fibre to the Premises,100/40 Mbps,Exetel,NSW,Urban,FALSE,FALSE,c4:2xxxxxx,107.42,85.91,108.52,106.11,85.91,108.5,36.13,34.7,36.27,36.11,35.08,36.26,5.02,4.63,12.61,5.1,4.63,11.68,0
2260985,NBN,Fibre to the Premises,250/25 Mbps,Exetel,NSW,Urban,FALSE,FALSE,f0:0xxxxxx,251.55,163.06,255.45,251.23,233.22,255.4,23.37,18.97,23.72,23.36,21.05,23.7,7.1,6.4,11.05,7.09,6.4,7.38,0.13
1029369,NBN,Fibre to the Premises,50/20 Mbps,Optus,NSW,Urban,FALSE,FALSE,78:6xxxxxx,54.25,45.41,54.91,54.18,48.79,54.65,18.63,17.87,18.68,18.61,17.87,18.68,16.98,6.58,24.46,16.26,6.58,24.35,0
102021881,NBN,Hybrid Fibre Coaxial,50/20 Mbps,Optus,NSW,Urban,FALSE,FALSE,48:dxxxxxx,54.17,45.3,55.38,54.2,50.31,54.65,18.63,14.35,19.29,18.47,14.35,19.15,8.85,7.22,38.56,8.9,8.67,10.21,2.9
1231609,NBN,Fibre to the Node,25/5 Mbps,Telstra,VIC,Urban,FALSE,FALSE,f8:axxxxxx,27.3,23.08,27.53,27.29,25.15,27.42,4.75,4.2,4.88,4.76,4.68,4.85,17.11,16.38,21.34,17.07,16.39,17.7,0
135073786,NBN,Fibre to the Premises,50/20 Mbps,Dodo & iPrimus,NSW,Urban,FALSE,FALSE,d0:dxxxxxx,53.31,43.6,53.49,53.28,49.51,53.42,18.86,18.69,18.92,18.86,18.77,18.9,8.36,8.23,16.1,8.34,8.27,8.61,0
1027834,NBN,Fibre to the Curb,25/5 Mbps,Telstra,NSW,Urban,FALSE,FALSE,d4:3xxxxxx,27.28,20.59,27.42,27.12,20.59,27.39,4.81,2.66,5.15,4.8,4.18,5.14,5.24,5.12,5.79,5.19,5.12,5.6,0
1188347,NBN,Fibre to the Curb,100/20 Mbps,TPG,NSW,Urban,FALSE,FALSE,98:dxxxxxx,107.15,89.45,107.99,107.07,104.05,107.95,18.75,16.94,18.91,18.75,18.5,18.91,5.13,4.69,7.42,5.11,4.69,5.48,0.06
2260987,NBN fixed wireless,Fixed Wireless,Fixed Wireless Plus 100/20,,NSW,Remote,FALSE,FALSE,28:bxxxxxx,116.71,55.18,133.2,114.31,77.37,130.93,14.21,7.61,19.81,13.26,7.61,17.27,53.69,50.13,65.72,53.45,52.03,56.05,0
135073789,NBN,Hybrid Fibre Coaxial,250/25 Mbps,Telstra,NSW,Urban,FALSE,FALSE,bc:3xxxxxx,271.97,265.8,275.05,272.02,265.8,272.82,23.49,5.5,23.6,23.49,23.06,23.6,8.2,8.01,8.81,8.15,8.01,8.41,0
71059965,Starlink,Satellite,100/50 Mbps,Starlink,QLD,,FALSE,FALSE,74:2xxxxxx,221.26,25.41,421.22,199.52,36.33,401.61,30.44,7.25,68.99,28.94,14.97,48.81,37.09,26.55,52.11,39.15,31.04,51.64,0.13
2219263,NBN,Fibre to the Premises,250/25 Mbps,Exetel,NSW,Urban,FALSE,FALSE,ac:9xxxxxx,271.42,212.57,272.28,270.54,212.57,272.28,23.66,23.33,23.75,23.66,23.52,23.73,4.66,4.5,4.82,4.61,4.5,4.7,0.04
117969159,NBN,Hybrid Fibre Coaxial,50/20 Mbps,Superloop,NT + SA,Urban,FALSE,FALSE,2c:3xxxxxx,53.28,45.97,55.06,53.29,47.56,54.27,18.28,16.93,18.68,18.22,16.93,18.64,17.57,16.96,27.86,17.48,17.05,20.52,0.2
66082825,NBN,Fibre to the Node,50/20 Mbps,TPG,VIC,Major Rural,TRUE,FALSE,f0:0xxxxxx,42.09,29.92,45.1,41.97,29.92,43.56,8.41,7.53,8.51,8.42,8.31,8.5,17.94,11.82,121.77,17.23,11.82,39.59,0.03
112175625,NBN very high speed services,Hybrid Fibre Coaxial,500-990/50 Mbps,Other RSPs,VIC,Urban,FALSE,FALSE,20:2xxxxxx,886.4,93.02,942.82,902.05,93.55,939.45,46.92,34.92,47.63,46.99,44.57,47.44,12.17,11.32,22.5,12.37,11.72,14.01,2.3
59419149,NBN very high speed services,Fibre to the Premises,500-990/50 Mbps,Launtel,TAS,Urban,FALSE,FALSE,b0:fxxxxxx,920.15,818.5,925.45,918.03,877.41,923.76,45.73,40.9,46,45.74,45.53,45.93,13.44,12.4,15.6,13.68,12.63,15.09,0
134710038,NBN,Hybrid Fibre Coaxial,250/25 Mbps,Leaptel,VIC,Urban,FALSE,FALSE,10:2xxxxxx,245.74,72.17,267.05,246.73,76.16,265.85,23.33,17.81,23.87,23.44,20.5,23.75,13.33,10.26,28.45,13.83,10.58,20.13,0.06
2975267,NBN,Fibre to the Premises,100/20 Mbps,TPG,TAS,Minor Rural,FALSE,FALSE,28:8xxxxxx,90.27,32.04,108.29,88.97,49.61,108.29,18.65,13.76,18.9,18.46,14.45,18.86,19.3,18.18,62.11,19.4,18.62,23.6,0.03
66082857,NBN Satellite Services,Satellite,25/5 Mbps,,QLD,Isolated,FALSE,FALSE,b0:bxxxxxx,26.66,13.27,27.69,26.52,13.82,27.69,5.27,4.82,5.44,5.25,5.1,5.34,662.1,641.48,699.84,662.9,645.21,681.79,0.13
36896557,NBN,Fibre to the Premises,100/20 Mbps,Other RSPs,VIC,Urban,FALSE,FALSE,98:2xxxxxx,107.14,87.98,108.66,106.61,87.98,108.66,18.79,18.49,18.88,18.8,18.67,18.87,3.66,3.54,11.93,3.89,3.55,11.08,0
133397580,NBN,Hybrid Fibre Coaxial,100/20 Mbps,Vodafone,NSW,Urban,FALSE,FALSE,d0:dxxxxxx,107.35,100.47,107.99,107.55,106.5,107.91,18.51,13.43,18.84,18.74,18.59,18.81,8.3,7.91,124.79,8.49,8.11,10.09,1.1
96729169,NBN,Fibre to the Node,100/20 Mbps,Dodo & iPrimus,TAS,Urban,TRUE,TRUE,94:8xxxxxx,68.72,41.89,81.74,68.25,56.47,69.85,16.8,12.85,18.85,16.66,14.58,16.96,18.71,15.88,21.99,18.54,17.17,19.87,0.1
23580769,NBN,Hybrid Fibre Coaxial,100/20 Mbps,TPG,VIC,Urban,FALSE,FALSE,a4:cxxxxxx,107.28,96.75,107.87,107.03,97.83,107.67,18.7,16.2,18.82,18.73,18.44,18.79,8.12,7.85,9.45,8.12,7.85,9.14,0.03
48464245,NBN fixed wireless,Fixed Wireless,Fixed Wireless Plus 50/10,,TAS,Remote,FALSE,FALSE,40:bxxxxxx,59.08,17.35,67.56,58.26,30.86,67.32,5.6,3.47,7.05,5.51,4.74,6.78,42.56,38.13,49.83,42.51,39.64,46.7,0
1028726,NBN,Fibre to the Premises,100/20 Mbps,Telstra,TAS,Urban,FALSE,FALSE,20:bxxxxxx,105.94,55.71,109.61,105.16,55.71,109.33,18.97,17.9,19.28,18.99,18.79,19.24,14.54,14.26,23.33,14.65,14.28,23.33,0.06
26489985,NBN fixed wireless,Fixed Wireless,25/5 Mbps,,NT + SA,Remote,FALSE,FALSE,00:1xxxxxx,24.4,9.65,26.59,23.55,13.09,26.52,4.51,1.17,4.76,4.47,3.02,4.73,46.41,42.63,197.95,46.77,44.43,50.96,0.26
134674309,NBN fixed wireless,Fixed Wireless,Fixed Wireless Plus 100/20,,NT + SA,Remote,FALSE,FALSE,d8:0xxxxxx,86.74,54.13,93.37,85.16,71.1,91.88,14.88,6.37,21.34,13.05,8.9,16.5,69.21,67.32,81.13,69.1,67.58,72.63,0.1
117176485,NBN,Fibre to the Curb,25/5 Mbps,TPG,NT + SA,Urban,FALSE,FALSE,9c:5xxxxxx,24.82,4.65,26.32,23.21,4.65,26.32,4.63,3.89,4.66,4.59,3.89,4.66,15.27,14.19,379.17,19.91,14.22,226.84,0.67
21854377,NBN,Fibre to the Premises,50/20 Mbps,Superloop,VIC,Urban,FALSE,FALSE,30:3xxxxxx,52.11,34.99,54.9,52.26,45.18,54.9,18.6,16.39,18.98,18.48,16.39,18.97,2.41,2.04,6.3,2.59,2.16,4.4,0.8
32833193,NBN,Hybrid Fibre Coaxial,100/20 Mbps,iiNet,VIC,Urban,FALSE,FALSE,74:axxxxxx,105.74,79.88,108.89,105.67,88.02,108.88,18.9,10.7,19.02,18.87,18.32,18.99,8.49,8.18,11.08,8.59,8.22,9.55,0.26
78151089,NBN fixed wireless,Fixed Wireless,Fixed Wireless Plus 50/10,,TAS,Remote,FALSE,FALSE,fc:3xxxxxx,53.07,25.72,56.08,52.61,27.83,54.72,11.98,9.83,14.77,11.85,9.83,14.27,38.22,35.24,41.32,38,35.4,39.6,0.06
6986417,NBN,Fibre to the Node,25/10 Mbps,Dodo & iPrimus,NT + SA,Urban,FALSE,FALSE,a8:6xxxxxx,26.36,24.03,26.58,26.31,24.18,26.46,9.43,9.38,9.48,9.42,9.38,9.47,19.5,19.18,28.93,19.6,19.18,28.93,0.03
11285689,NBN,Hybrid Fibre Coaxial,50/20 Mbps,Optus,VIC,Urban,FALSE,FALSE,34:dxxxxxx,54.01,43.82,54.66,53.57,43.82,54.65,18.62,17.57,19.6,18.63,17.95,19.6,8.87,8.32,9.99,8.87,8.38,9.6,0
66082757,NBN,Hybrid Fibre Coaxial,50/20 Mbps,Vodafone,VIC,Urban,FALSE,FALSE,d0:dxxxxxx,53.42,45.47,53.94,53.1,45.47,53.88,18.73,17.73,18.86,18.69,18.09,18.85,8.5,8.15,23.69,8.63,8.2,15.02,0.11
117784274,NBN very high speed services,Hybrid Fibre Coaxial,500-990/50 Mbps,Leaptel,NT + SA,Urban,FALSE,FALSE,a8:5xxxxxx,681.06,504.88,852.36,688.81,504.88,812.34,47.34,28.86,47.6,46.35,28.86,47.45,17.59,17.22,18.46,17.68,17.25,18.35,0
130764526,NBN Satellite Services,Satellite,50/10 Mbps,,QLD,Major Rural,FALSE,FALSE,b0:9xxxxxx,38.62,6.87,55.67,31.47,6.87,53.94,8.62,2.65,10.12,8.6,5.32,9.84,666.52,644.58,738.52,669.33,645.66,738.52,0.03
31032057,NBN,Fibre to the Node,25/5 Mbps,iiNet,NT + SA,Urban,FALSE,FALSE,a4:9xxxxxx,26.36,19.3,26.61,26.24,19.32,26.55,4.72,4.65,4.91,4.72,4.65,4.91,21.18,16.98,22.25,21.02,17.12,21.98,0
65256953,NBN fixed wireless,Fixed Wireless,Fixed Wireless Plus 100/20,,VIC,Remote,FALSE,FALSE,d4:3xxxxxx,45.57,7.56,143.29,36.39,7.56,115.55,6.56,2.21,10.55,5.82,3.53,7.52,37.35,33.94,140.7,37.9,34.66,46.76,0.06
1231611,NBN,Fibre to the Node,50/20 Mbps,Telstra,VIC,Urban,FALSE,FALSE,d4:3xxxxxx,53.54,33.54,55.29,52.76,40.41,55.09,19.04,15.6,19.37,18.97,15.6,19.37,10.48,7.77,11.95,10.37,7.77,11.95,0
116906752,NBN,Fibre to the Node,50/20 Mbps,Dodo & iPrimus,QLD,Urban,FALSE,FALSE,48:3xxxxxx,53.17,35.82,53.98,53.24,44.67,53.94,18.83,17.82,19.1,18.83,18.73,19.04,9.56,7.75,11.98,9.78,7.78,11.53,0
21279233,NBN,Fibre to the Premises,250/25 Mbps,Aussie Broadband,QLD,Minor Rural,FALSE,FALSE,9e:0xxxxxx,266.99,250.14,272.21,266.11,250.14,271.93,23.76,22.61,23.91,23.68,22.65,23.87,3.74,3.47,5.56,3.74,3.5,5.47,0
28320517,NBN,Fibre to the Node,50/20 Mbps,Optus,QLD,Urban,TRUE,FALSE,18:9xxxxxx,39.4,11.58,40.15,39.41,31.23,40.08,8.76,7.15,9.82,8.88,8.16,9.82,10.15,6.28,19.25,10.36,6.28,12.6,0
31032069,NBN,Fibre to the Premises,250/25 Mbps,Dodo & iPrimus,QLD,Major Rural,FALSE,FALSE,78:dxxxxxx,269.08,62.38,271.64,265.54,62.38,271.64,23.65,21.44,23.76,23.6,21.49,23.72,18.68,16.02,26.32,18.55,16.04,25.23,0.03
116998152,NBN,Fibre to the Curb,50/20 Mbps,Dodo & iPrimus,QLD,Urban,FALSE,FALSE,e8:4xxxxxx,53.37,39.51,54,53.33,47.5,53.87,18.83,17.99,18.89,18.81,17.99,18.88,6.1,5.91,9.43,6.12,5.92,6.33,0
126058252,NBN,Fibre to the Premises,250/25 Mbps,Optus,QLD,Urban,FALSE,FALSE,cc:0xxxxxx,188.89,30.6,236.36,190.81,30.6,236.36,23.07,6.36,24.12,22.88,17.44,23.67,2.92,2.34,22.08,3.36,2.34,21.45,0.03
81801485,NBN,Hybrid Fibre Coaxial,50/20 Mbps,Optus,QLD,Urban,FALSE,FALSE,34:5xxxxxx,52.5,28.84,55.96,50.93,34.33,55.96,18.63,17.97,19.38,18.56,17.97,18.96,8.12,7.75,11.36,8.12,7.75,8.42,0
48464397,NBN,Fibre to the Premises,250/25 Mbps,iiNet,QLD,Urban,FALSE,FALSE,60:8xxxxxx,262.77,0.65,268.93,254.94,0.65,268.74,20.99,1.16,22.62,19.62,1.16,22.62,25.21,11.49,272.63,25.76,11.49,41.99,7.29
45887761,NBN,Fibre to the Premises,50/20 Mbps,TPG,QLD,Urban,FALSE,FALSE,98:4xxxxxx,52.88,36.26,53.63,52.63,37.99,53.52,18.78,16.44,19.02,18.74,16.44,18.88,2.49,2.25,12.52,2.43,2.29,3.41,0.06
53382933,NBN,Fibre to the Premises,25/5 Mbps,TPG,QLD,Urban,FALSE,FALSE,98:4xxxxxx,26.31,20.11,26.55,26.35,24.18,26.53,4.71,4.58,4.81,4.71,4.66,4.75,3.2,3.01,6.89,3.18,3.04,4.36,0.06
49590549,NBN very high speed services,Fibre to the Premises,500-990/50 Mbps,Aussie Broadband,QLD,Urban,FALSE,TRUE,70:3xxxxxx,77.75,46.99,88.78,76.05,46.99,87.37,42.16,25.57,44.19,41.26,25.57,44.17,1.86,1.69,3.08,1.84,1.75,2.27,0.13
101855257,NBN,Fibre to the Premises,100/20 Mbps,Optus,QLD,Urban,FALSE,FALSE,e4:fxxxxxx,108.78,96.51,110.39,108.19,96.51,109.31,18.96,18.62,19.01,18.94,18.62,18.99,2.46,2.41,4.45,2.53,2.41,4.45,0
42617369,NBN,Hybrid Fibre Coaxial,50/20 Mbps,Exetel,QLD,Urban,FALSE,FALSE,50:7xxxxxx,54.34,52.25,54.71,54.25,52.27,54.68,18.85,18.35,18.91,18.85,18.74,18.89,8.82,8.71,9.49,8.87,8.78,9.49,0.1
39357209,NBN very high speed services,Fibre to the Premises,500-990/50 Mbps,Aussie Broadband,QLD,Minor Rural,FALSE,FALSE,08:3xxxxxx,937.56,933.96,938.24,937.75,937.07,938.24,47.21,47.02,47.31,47.07,47.02,47.13,2.33,2.11,3.05,2.39,2.27,2.6,0
2535449,NBN,Fibre to the Premises,100/20 Mbps,Exetel,QLD,Urban,FALSE,FALSE,1c:3xxxxxx,107.71,82.32,108.58,107.68,101.56,108.54,18.73,15.45,18.88,18.8,18.56,18.87,4.27,4.14,4.95,4.29,4.21,4.49,0.07
107095837,NBN,Hybrid Fibre Coaxial,100/40 Mbps,Exetel,QLD,Urban,FALSE,FALSE,d8:4xxxxxx,103.49,90.04,107.07,103.78,91.37,106.93,37.66,33.93,37.82,37.6,33.93,37.78,7.82,7.66,8.82,7.85,7.67,8.14,0.1
59686177,NBN very high speed services,Hybrid Fibre Coaxial,500-990/50 Mbps,Launtel,QLD,Urban,FALSE,FALSE,26:5xxxxxx,916.34,666.7,923.19,911.02,666.7,922.62,46.32,41.53,46.67,46.3,43.28,46.51,7.39,7.04,23.08,7.57,7.16,8.71,0.03
107095845,NBN,Fibre to the Premises,250/25 Mbps,Exetel,QLD,Urban,FALSE,FALSE,20:0xxxxxx,269.25,237.07,271.63,268.61,247.99,271,23.51,17.99,23.65,23.3,17.99,23.62,1.62,1.56,3.01,1.69,1.6,3.01,0
54368809,NBN fixed wireless,Fixed Wireless,Fixed Wireless Plus 100/20,,QLD,Remote,FALSE,FALSE,14:4xxxxxx,99.99,22.94,124.49,92.7,22.94,124.49,16.22,8.06,19.24,15.36,12.41,18.3,33.67,32.07,40.15,33.79,32.07,38.95,0.03
114331435,NBN,Fibre to the Node,50/20 Mbps,TPG,NSW,Urban,TRUE,TRUE,28:8xxxxxx,25,21.35,25.66,25.16,24.24,25.64,2.87,1.99,3.36,2.84,2.3,3.15,30.09,19.04,102.87,31.58,20.13,92.29,0.03
4803373,NBN,Fibre to the Premises,100/20 Mbps,Aussie Broadband,QLD,Urban,FALSE,FALSE,a0:bxxxxxx,103.95,83.83,108.68,105.7,90.48,108.66,18.9,17.95,19.01,18.94,18.79,18.99,5.77,5.44,9.38,5.7,5.48,6.62,0.08
3881009,NBN,Fibre to the Premises,12/1 Mbps,TPG,QLD,Urban,FALSE,FALSE,c4:7xxxxxx,12.44,7.55,12.63,12.39,10.22,12.61,0.59,0.37,0.93,0.59,0.37,0.93,2.86,2.56,21.52,3,2.57,6.04,0.03
126632753,NBN,Hybrid Fibre Coaxial,100/20 Mbps,Dodo & iPrimus,QLD,Urban,FALSE,FALSE,a8:cxxxxxx,106.68,92.27,108.72,105.95,92.27,108.72,18.76,17.97,18.85,18.74,18.13,18.84,9.3,9.11,10.15,9.35,9.12,10.15,0.03
38966577,NBN,Fibre to the Premises,100/20 Mbps,Exetel,QLD,Urban,FALSE,FALSE,e4:3xxxxxx,105.91,43.75,109.42,104.78,43.75,108.68,18.9,18.21,19.12,18.88,18.27,19.12,16.43,13.01,21.86,16.45,13.05,20.42,0
95590453,NBN,Fibre to the Premises,250/25 Mbps,Dodo & iPrimus,QLD,Urban,FALSE,FALSE,7c:1xxxxxx,269.44,250.72,274.15,269.41,263.83,270.11,23.62,22.75,23.74,23.6,22.9,23.71,23.01,20.61,67.25,22.91,20.61,25.65,0
126632758,NBN,Fibre to the Node,50/20 Mbps,Telstra,QLD,Urban,FALSE,FALSE,20:bxxxxxx,53.91,35.71,55.08,53.28,35.71,55.08,19.04,17.52,19.3,18.98,17.52,19.27,5.5,5.27,11.32,5.61,5.32,9.61,0
54645305,NBN,Hybrid Fibre Coaxial,25/5 Mbps,Telstra,QLD,Urban,FALSE,FALSE,bc:3xxxxxx,27.27,23.07,27.43,27.2,23.07,27.41,4.69,4.28,4.76,4.69,4.61,4.74,8.97,8.86,10.16,8.96,8.9,9.03,0
3898941,NBN,Fibre to the Node,50/20 Mbps,Optus,QLD,Major Rural,TRUE,FALSE,34:6xxxxxx,38.04,9.4,41.36,37.98,26.12,39.55,8.12,6.4,8.79,8.06,6.4,8.68,26.11,22.16,29.31,25.98,22.37,26.91,0
2975295,NBN,Hybrid Fibre Coaxial,100/40 Mbps,Superloop,QLD,Urban,FALSE,FALSE,98:1xxxxxx,108.27,82.51,109.15,108.34,102.03,108.68,37.65,20.43,37.99,37.08,20.43,37.96,7.78,7.51,9.7,7.89,7.64,8.62,0
2521415,NBN fixed wireless,Fixed Wireless,Fixed Wireless Plus 100/20,,QLD,Urban,FALSE,FALSE,d4:9xxxxxx,140.68,54.03,146.14,139.64,121,145.41,16.28,5.6,20.51,15.17,9.99,18.78,33.85,33.23,35.38,33.87,33.23,35.38,0.03
66082889,NBN very high speed services,Fibre to the Premises,500-990/50 Mbps,Superloop,QLD,Urban,FALSE,FALSE,30:3xxxxxx,924.95,681.68,927.19,921.03,681.68,927.16,47.39,47.08,47.49,47.36,47.08,47.47,1.82,1.76,3.87,1.87,1.81,3.87,0
6432333,NBN,Fibre to the Node,50/20 Mbps,iiNet,QLD,Urban,FALSE,FALSE,e8:dxxxxxx,52.85,40.93,53.68,52.57,43.97,53.46,8.8,7.59,8.93,8.8,8.68,8.89,8.17,5.67,10.29,8.32,6.69,9.86,0
24029517,NBN,Hybrid Fibre Coaxial,100/20 Mbps,Vodafone,QLD,Urban,FALSE,FALSE,a4:9xxxxxx,92.64,8.4,93.61,92.99,88.72,93.61,18.65,17.18,19.25,18.71,18.48,19.19,9.53,9.18,17.66,9.74,9.33,11.04,0.55
133802320,NBN Satellite Services,Satellite,50/10 Mbps,,QLD,Major Rural,FALSE,FALSE,5c:exxxxxx,33.63,4.45,55.24,30.35,4.45,54.03,6.95,1.81,10.03,4.59,1.81,10.02,699.76,646.63,756.66,708.42,678.69,753.75,0.1
93458513,NBN,Hybrid Fibre Coaxial,100/20 Mbps,Telstra,QLD,Urban,FALSE,FALSE,b0:5xxxxxx,105.66,77.14,109.26,103.78,77.3,109.25,18.46,15.12,19,18.11,15.17,18.98,9.99,9.11,19,10.41,9.41,16.59,0.06
23666001,NBN,Fibre to the Premises,100/20 Mbps,Dodo & iPrimus,QLD,Urban,FALSE,FALSE,c8:7xxxxxx,105.46,89.87,108.62,104.45,90,107.56,18.81,17.32,18.99,18.79,18.2,18.99,4.01,2.62,47.17,4.18,2.62,11,0
2565201,NBN,Fibre to the Node,100/40 Mbps,Aussie Broadband,QLD,Urban,FALSE,FALSE,28:8xxxxxx,99.29,26.27,105.69,96.56,32.35,105.66,37.71,29.85,38,37.65,34.54,37.97,8.48,6.35,22.01,9.01,7.16,20.69,0
96729173,NBN very high speed services,Hybrid Fibre Coaxial,500-990/50 Mbps,Other RSPs,QLD,Urban,FALSE,FALSE,04:bxxxxxx,703.3,0.64,936.26,705.42,0.64,936.26,47.07,31.11,47.79,47.06,45.37,47.26,9.07,8.85,12.83,9.17,8.92,12.83,0.03
2565213,NBN,Fibre to the Node,25/5 Mbps,iiNet,QLD,Urban,FALSE,FALSE,ec:axxxxxx,25.82,11.3,26.54,25.84,11.3,26.51,4.65,3.78,4.74,4.67,4.61,4.74,10.71,9.18,15.85,10.71,9.2,14.27,0
126126693,NBN,Hybrid Fibre Coaxial,250/25 Mbps,TPG,QLD,Urban,FALSE,FALSE,68:fxxxxxx,193.14,89.13,269.9,199.13,92.9,268.34,23.33,17.84,23.58,23.22,17.84,23.58,8.84,8.55,25.68,8.93,8.6,13.97,0
81801577,NBN,Fibre to the Premises,100/20 Mbps,Dodo & iPrimus,QLD,Urban,FALSE,FALSE,d0:dxxxxxx,106.55,82.38,108.76,106.23,82.38,108.76,18.83,18.36,18.93,18.84,18.48,18.93,3.28,2.92,5.97,3.36,2.98,5.26,0
106456169,NBN very high speed services,Fibre to the Premises,500-990/50 Mbps,Superloop,QLD,Urban,FALSE,FALSE,a4:fxxxxxx,935.3,508.95,937.14,929.97,508.95,937.08,47.39,46.7,47.47,47.41,47.31,47.47,1.45,1.38,2.29,1.47,1.4,2.29,0.03
24029293,NBN,Fibre to the Node,50/20 Mbps,Telstra,QLD,Urban,FALSE,FALSE,d4:3xxxxxx,44.11,11.17,49.02,44.51,18.15,49.02,8.91,6.38,9.36,8.82,6.38,9.3,22.05,16.22,53.24,22.51,16.84,52.46,0
134674285,NBN fixed wireless,Fixed Wireless,Fixed Wireless Home Fast 250/20,,QLD,Minor Rural,FALSE,TRUE,9e:0xxxxxx,74.25,6.91,200.81,61.52,6.91,177.98,2.87,1.19,6.4,2.39,1.35,3.42,34.22,31.37,61.48,34.3,32.91,41.07,0
56962929,NBN,Fibre to the Node,100/20 Mbps,Telstra,QLD,Major Rural,TRUE,FALSE,10:1xxxxxx,51.66,2.5,84.88,55.22,10.53,84.88,16.95,1.85,19.38,17.85,4.93,19.16,26.76,22.01,36.26,26.86,22.66,33.06,0.23
24029045,NBN,Hybrid Fibre Coaxial,100/40 Mbps,iiNet,QLD,Urban,FALSE,FALSE,f0:9xxxxxx,96.5,91.9,96.95,96.49,94.17,96.78,37.77,36.51,37.9,37.71,36.9,37.9,8.6,8.36,12.09,8.65,8.36,9.95,0.16
116723834,NBN fixed wireless,Fixed Wireless,25/5 Mbps,,QLD,Remote,FALSE,FALSE,d4:3xxxxxx,26.85,11.88,27.64,26.49,15.5,27.52,4.8,3.03,5.2,4.78,4.26,5.16,58.43,51.8,70.2,58.43,51.99,69.75,0
124438650,NBN fixed wireless,Fixed Wireless,Fixed Wireless Plus 100/20,,QLD,Minor Rural,FALSE,FALSE,c0:0xxxxxx,92.63,12.55,136.18,98.65,27.38,136.18,2.68,0.49,4.82,2.68,1.47,4.7,55.31,28.83,933.3,51.76,31,487.13,0.13
2512763,NBN,Fibre to the Node,25/10 Mbps,Leaptel,QLD,Major Rural,FALSE,FALSE,40:axxxxxx,23.14,4.87,24.03,22.98,18.81,23.94,9.34,8.7,9.54,9.33,8.82,9.46,27.47,26.06,29.84,27.54,26.1,29.26,0
134674302,NBN fixed wireless,Fixed Wireless,Fixed Wireless Superfast 400/40,,QLD,Remote,FALSE,FALSE,98:4xxxxxx,336.84,214.44,473.6,314.11,241.43,383.02,14.56,8.84,17.62,13.99,8.84,16.58,50.23,34.06,55.79,50.44,34.06,54.83,0.06
2992255,NBN,Fibre to the Premises,100/40 Mbps,Optus,QLD,Urban,FALSE,FALSE,00:1xxxxxx,108.41,80.84,110.68,107.42,80.84,110.68,37.57,36.82,38.23,37.55,37.06,37.67,3.91,3.67,8.05,3.95,3.68,6.25,0
55458177,NBN very high speed services,Hybrid Fibre Coaxial,500-990/50 Mbps,Other RSPs,QLD,Urban,FALSE,FALSE,40:exxxxxx,925.34,697.17,932.46,920.82,697.17,932.46,47.11,45.69,47.22,47.08,46.62,47.19,7.58,7.45,9.53,7.61,7.5,9.53,0.03
54368901,NBN very high speed services,Hybrid Fibre Coaxial,500-990/50 Mbps,Superloop,QLD,Urban,FALSE,FALSE,10:1xxxxxx,861.08,794.9,892.8,850.69,794.9,877.37,47.4,47.01,47.52,47.39,47.14,47.49,8.02,7.78,8.83,8.13,7.94,8.65,0.03
49470857,NBN,Fibre to the Premises,100/20 Mbps,TPG,QLD,Urban,FALSE,FALSE,cc:4xxxxxx,106.08,71.26,108.18,105.71,86.24,108.04,18.8,18.09,18.97,18.8,18.33,18.92,22.6,20.87,25.39,22.65,22.29,24.11,0.03
124438666,NBN,Fibre to the Premises,100/20 Mbps,Leaptel,QLD,Urban,FALSE,FALSE,3c:7xxxxxx,104.73,71.48,107.03,104.2,86.31,106.75,18.87,17.2,19.08,18.8,18.2,18.99,22.13,19.99,24.72,22.24,21.94,24.61,0
2521483,NBN,Hybrid Fibre Coaxial,50/20 Mbps,Exetel,QLD,Urban,FALSE,FALSE,20:exxxxxx,53.55,30.3,54.66,52.83,30.91,54.59,18.8,15.83,18.92,18.78,18.25,18.91,7.76,7.26,15.06,8.12,7.3,14.55,0.77
130105484,NBN very high speed services,Hybrid Fibre Coaxial,500-990/50 Mbps,Other RSPs,QLD,Urban,FALSE,FALSE,a0:8xxxxxx,915.86,781.5,922.87,913.37,781.5,922.84,44.88,44,45.2,44.86,44.43,45.09,14.2,13.6,16.39,14.28,13.67,15.46,0.16
55187597,NBN,Hybrid Fibre Coaxial,100/40 Mbps,Aussie Broadband,QLD,Urban,FALSE,FALSE,00:exxxxxx,103.15,70.41,105.3,103.25,75.29,105.29,37.23,30.02,37.69,37.37,33.4,37.66,7.97,6.75,23.29,8.1,7.54,10.86,0
2565265,NBN,Fibre to the Premises,100/20 Mbps,Telstra,QLD,Urban,FALSE,FALSE,d8:dxxxxxx,108.42,90.29,110.28,108.17,95.02,109.85,18.93,18.35,19.26,18.92,18.35,19.07,3.83,3.75,6.64,3.82,3.75,3.91,0.03
124770451,NBN,Fibre to the Premises,250/25 Mbps,Leaptel,QLD,Urban,FALSE,FALSE,5c:4xxxxxx,270.64,181.29,271.85,270.04,181.29,271.85,20.17,18.48,20.35,20.11,18.85,20.31,1.41,1.37,1.82,1.42,1.37,1.71,0
4329625,NBN,Fibre to the Node,100/20 Mbps,Superloop,QLD,Major Rural,TRUE,TRUE,20:bxxxxxx,56.07,14.82,61.93,55.19,42.56,60.34,18.89,13.47,19.2,18.78,17.58,19.03,16.76,13.94,29.8,17.36,14.26,22.35,0.16
125662364,NBN very high speed services,Fibre to the Premises,500-990/50 Mbps,Other RSPs,QLD,Urban,FALSE,FALSE,52:5xxxxxx,898.22,43.91,932.19,929.46,913.76,931.68,46.02,18.91,47.21,46.42,18.91,47.2,1.99,1.69,3.66,2.01,1.95,2.27,0.26
28131233,NBN,Hybrid Fibre Coaxial,100/40 Mbps,Aussie Broadband,QLD,Urban,FALSE,FALSE,00:1xxxxxx,107.29,83.78,109.56,107.02,94.31,108.79,37.82,36.75,37.97,37.78,36.75,37.96,2.8,2.57,14.05,2.87,2.6,4.48,0.06
79803297,NBN fixed wireless,Fixed Wireless,Fixed Wireless Plus 100/20,,QLD,Major Rural,FALSE,FALSE,d0:dxxxxxx,134.84,95.38,145.98,128.38,95.38,145.98,20.57,13,22.73,19.91,13,22.31,48.35,46.12,60.7,48.27,46.92,49.37,0.06
11285673,NBN,Fibre to the Node,50/20 Mbps,iiNet,QLD,Urban,FALSE,FALSE,60:axxxxxx,46.84,4.81,48.85,47.21,24.1,48.79,9.9,6.66,10.41,9.83,6.66,10.41,11.2,7.16,44.21,11.74,7.74,30.85,0.13
6986409,NBN,Hybrid Fibre Coaxial,100/20 Mbps,TPG,QLD,Urban,FALSE,FALSE,04:4xxxxxx,106.99,91.12,108.04,107.62,106.14,107.85,18.45,16.5,18.83,18.28,16.75,18.79,8.82,8.44,10.68,8.92,8.66,9.47,0.05
135145130,NBN,Hybrid Fibre Coaxial,100/20 Mbps,TPG,QLD,Urban,FALSE,FALSE,40:exxxxxx,93.83,78.35,94.59,93.86,88.82,94.59,18.88,18.05,19.52,18.91,18.57,19.52,10.82,10.18,218.4,11.2,10.25,18.76,0.1
126632882,NBN,Hybrid Fibre Coaxial,100/20 Mbps,Launtel,QLD,Urban,FALSE,FALSE,ac:1xxxxxx,104.24,39.74,105.85,103.27,88.32,105.42,18.51,16.99,18.7,18.46,18.02,18.61,8.34,8.05,12.3,8.53,8.08,10.25,0.03
45887673,NBN,Fibre to the Node,50/20 Mbps,iiNet,QLD,Urban,TRUE,FALSE,a4:9xxxxxx,41.59,1.11,42.85,41.78,24.99,42.85,11.28,6.72,12.42,11.22,7.44,12.42,18.43,15.12,65.48,18.39,15.67,26.71,0
96729273,NBN,Fibre to the Node,50/20 Mbps,Telstra,QLD,Urban,FALSE,FALSE,10:0xxxxxx,42.82,28.63,45.08,42.58,28.63,45.07,9.83,7.33,10.08,9.84,9.26,10.07,9.51,7.03,21.93,9.72,7.84,14.79,0
78066365,NBN fixed wireless,Fixed Wireless,Fixed Wireless Plus 100/20,,QLD,Major Rural,FALSE,FALSE,b0:axxxxxx,133.8,79.72,146.71,130.54,82.97,144.27,11.26,3.93,18.96,10.9,4.46,18.77,34.85,31.09,46.56,34.4,31.09,36.18,0.03
100382653,NBN very high speed services,Fibre to the Premises,500-990/50 Mbps,Other RSPs,QLD,Urban,FALSE,FALSE,a0:bxxxxxx,932.62,703.15,935.44,923.63,703.15,935.44,47.56,46.3,47.93,47.58,47.05,47.75,2.14,2.05,2.78,2.16,2.1,2.78,0
124146110,NBN,Fibre to the Premises,100/20 Mbps,Dodo & iPrimus,QLD,Urban,FALSE,FALSE,78:dxxxxxx,104.93,83.41,108.09,103.28,83.41,106.52,18.2,16.63,18.41,18.14,17.2,18.4,25.02,22.51,37.59,25.56,22.56,34.86,0.06
5071809,NBN,Hybrid Fibre Coaxial,50/20 Mbps,TPG,QLD,Urban,FALSE,FALSE,c4:7xxxxxx,52.41,31.17,53.52,51.42,31.17,53.52,18.77,18.05,18.85,18.76,18.55,18.85,9.71,9.34,13.81,9.74,9.46,10.41,0
118993601,NBN,Fibre to the Premises,100/20 Mbps,Other RSPs,QLD,Urban,FALSE,FALSE,08:bxxxxxx,95.24,20.03,97.23,94.68,34.82,96.51,18.74,13.35,18.92,18.7,14.25,18.9,2.72,2.39,78.34,3.74,2.49,51.82,0
41945285,NBN,Fibre to the Premises,100/20 Mbps,Aussie Broadband,QLD,Urban,FALSE,FALSE,18:fxxxxxx,108.25,85.87,109.5,107.93,89.06,109.5,18.96,18.72,19,18.95,18.81,19,4.73,4.56,5.12,4.74,4.62,4.92,0
4991173,NBN very high speed services,Fibre to the Premises,500-990/50 Mbps,Superloop,QLD,Major Rural,FALSE,FALSE,3c:axxxxxx,925.16,825.74,927.13,925.08,913.68,927.13,47.34,46.5,47.46,47.37,47.01,47.44,2.22,2,4.68,2.29,2.04,3.18,0
23486921,NBN,Hybrid Fibre Coaxial,50/20 Mbps,Optus,QLD,Urban,FALSE,FALSE,8c:fxxxxxx,52.78,28.2,54.56,52.87,33.73,54.56,18.53,17.52,18.65,18.5,17.64,18.63,8.19,7.32,9.11,8.19,8.06,8.88,0.06
59419081,NBN,Fibre to the Premises,100/20 Mbps,Launtel,QLD,Urban,FALSE,FALSE,7c:1xxxxxx,105.2,45.35,106.72,104,45.35,106.61,18.16,17.5,18.33,18.17,17.5,18.31,2.14,2.05,4.11,2.18,2.1,2.72,0
38513609,NBN,Fibre to the Curb,50/20 Mbps,Launtel,QLD,Urban,FALSE,FALSE,bc:3xxxxxx,52.49,29.96,52.96,52.19,35.91,52.91,18.22,17.97,18.34,18.2,17.98,18.34,5.37,5.28,8.11,5.4,5.31,8.11,0.26
37992137,NBN very high speed services,Fibre to the Premises,500-990/50 Mbps,Superloop,QLD,Urban,FALSE,FALSE,f8:9xxxxxx,893.36,764.65,913.41,889.8,764.65,913.41,47.09,40.5,47.46,46.85,42.72,47.4,2.46,2.41,3.08,2.48,2.44,3.08,0
48464333,NBN,Fibre to the Premises,100/40 Mbps,Other RSPs,QLD,Urban,FALSE,FALSE,50:exxxxxx,96.12,81.04,96.54,96.19,91.8,96.51,37.7,36.97,37.78,37.69,37.42,37.77,2.53,2.43,2.87,2.56,2.45,2.82,0
56963025,NBN fixed wireless,Fixed Wireless,Fixed Wireless Plus 100/20,,QLD,Remote,FALSE,FALSE,64:dxxxxxx,103.23,77.15,107.08,100.32,77.15,106.8,18.92,11.09,19.42,19.06,17.67,19.42,30.21,26.55,36.06,31.05,29.59,36.06,0.06
45887697,NBN,Fibre to the Node,100/20 Mbps,Aussie Broadband,QLD,Urban,FALSE,FALSE,40:5xxxxxx,108.6,103.41,108.97,108.53,103.44,108.97,18.91,16.61,19.22,18.89,18.02,19.02,22.4,17.12,45.54,22.81,19.83,45.54,0
48464337,NBN,Fibre to the Premises,100/20 Mbps,Aussie Broadband,QLD,Urban,FALSE,FALSE,bc:0xxxxxx,107.02,87.25,109.36,107.7,98.86,108.65,18.81,12.94,19,18.91,18.72,18.99,2.05,1.83,10.11,1.98,1.86,5.6,0
6986449,NBN,Hybrid Fibre Coaxial,250/25 Mbps,Superloop,QLD,Urban,FALSE,FALSE,20:2xxxxxx,270.03,244.88,272.8,268.9,254.59,272.3,23.58,20.83,23.86,23.64,23.28,23.75,7.99,7.73,8.91,8.07,7.86,8.42,0
114330067,NBN very high speed services,Fibre to the Premises,500-990/50 Mbps,Other RSPs,QLD,Urban,FALSE,FALSE,c4:2xxxxxx,922.95,850.76,928.26,920.52,858.5,928.26,46.99,45.18,47.21,46.88,45.18,47.12,7.95,7.82,8.55,7.98,7.85,8.55,0
117784276,NBN,Fibre to the Curb,100/20 Mbps,Telstra,QLD,Major Rural,FALSE,FALSE,d4:3xxxxxx,108.38,92.41,109.49,107.74,92.41,109.49,19.03,18.18,19.36,19,18.18,19.36,7.24,7.15,9.5,7.3,7.2,8.14,0
29843413,NBN,Fibre to the Node,50/20 Mbps,Dodo & iPrimus,QLD,Urban,FALSE,FALSE,c8:1xxxxxx,53.57,45.38,54.16,53.28,45.38,54.16,18.84,18.5,19.14,18.82,18.5,18.91,8.92,7.66,11.4,8.72,7.67,11.4,0
135546073,NBN fixed wireless,Fixed Wireless,Fixed Wireless Superfast 400/40,,QLD,Remote,FALSE,FALSE,14:exxxxxx,207.88,3.01,408.92,190.31,7.39,315.39,7.18,0.68,12.58,5.92,2.04,9.21,47.27,30.86,775.86,78.73,31.86,568.25,0.06
49779417,NBN,Hybrid Fibre Coaxial,50/20 Mbps,Superloop,QLD,Urban,FALSE,FALSE,d4:5xxxxxx,49.62,13.68,50.17,49.1,13.68,50.17,18.04,17.1,18.45,18.04,17.66,18.42,8.35,8.08,14.91,8.42,8.22,10.02,0
59419353,NBN fixed wireless,Fixed Wireless,Fixed Wireless Plus 100/20,,QLD,Remote,FALSE,FALSE,3c:7xxxxxx,140.56,88.58,144.52,140.24,107.62,143.44,23.58,5.38,24.07,23.52,22.45,24.07,16.16,13.25,29.11,16.17,14.53,22.41,0
45564641,NBN,Hybrid Fibre Coaxial,250/25 Mbps,TPG,QLD,Urban,FALSE,FALSE,98:dxxxxxx,249.92,135.04,269.06,247.83,148.36,269.06,18.77,18.42,18.95,18.76,18.44,18.91,11.09,10.28,13.76,11.01,10.28,12.44,0
23244521,NBN,Fibre to the Premises,100/40 Mbps,Optus,QLD,Urban,FALSE,FALSE,a0:1xxxxxx,96.36,51.06,109.41,96.66,63.53,109.28,37.37,32.54,38.24,37.33,35.8,37.68,3.68,3,15.22,3.73,3.1,6.8,0.03
135073771,NBN,Fibre to the Premises,50/20 Mbps,Telstra,QLD,Urban,FALSE,FALSE,40:axxxxxx,52.25,27.86,55.09,51.66,35.73,54.88,18.83,13.16,19,18.73,16.44,18.97,2.6,2.22,35.78,2.84,2.33,10.33,0.03
3880941,NBN very high speed services,Hybrid Fibre Coaxial,500-990/50 Mbps,Aussie Broadband,QLD,Urban,FALSE,FALSE,08:3xxxxxx,938.36,518.46,956.58,936.95,899.78,943.99,47.39,43.15,47.67,47.38,47.27,47.45,7.71,7.26,8.28,7.77,7.26,8.28,0
5071853,NBN very high speed services,Fibre to the Premises,500-990/50 Mbps,Leaptel,QLD,Major Rural,FALSE,FALSE,58:1xxxxxx,862.55,39.85,935.57,800.79,39.85,932.67,47.34,45.53,47.48,47.35,46.49,47.48,3.04,2.81,25.5,3.9,2.86,14.9,0.11
81801713,Non-NBN fixed line services,Fibre to the Premises,100/20 Mbps,,QLD,,FALSE,FALSE,6c:5xxxxxx,111.8,91.93,112.34,111.67,100.35,112.25,18.37,17.39,18.49,18.39,18.13,18.48,4.68,4.21,7.61,4.7,4.26,5.55,0
26490097,NBN very high speed services,Hybrid Fibre Coaxial,500-990/50 Mbps,Aussie Broadband,QLD,Urban,FALSE,FALSE,44:4xxxxxx,938.75,912.1,945.49,937.26,912.1,941.14,47.26,46.62,47.44,47.24,47.1,47.41,8.32,7.56,9.64,8.55,7.7,9.56,0.23
11285745,NBN,Fibre to the Node,50/20 Mbps,Leaptel,QLD,Urban,FALSE,FALSE,a4:9xxxxxx,47.08,19.84,51.53,43.93,19.84,51.45,8.28,6.92,9.35,8.07,6.92,9.04,10.05,8.64,40.78,12,8.96,40.78,0
131627509,NBN,Fibre to the Premises,50/20 Mbps,TPG,QLD,Urban,FALSE,FALSE,08:bxxxxxx,52.96,44.67,53.64,52.49,44.67,53.5,18.83,18.31,19.13,18.79,18.54,18.9,8.86,7.71,28.46,9.67,7.96,28.46,0
6986485,NBN,Fibre to the Node,50/20 Mbps,Aussie Broadband,QLD,Urban,FALSE,FALSE,00:0xxxxxx,42.04,20.01,45.64,40.92,22.45,45.6,7.36,4.16,8.9,7.33,6.62,8.9,13.34,9.82,69.54,13.76,11.12,26.1,0
133872890,NBN Satellite Services,Satellite,50/10 Mbps,,TAS,Major Rural,FALSE,FALSE,cc:4xxxxxx,39.49,5.96,55.77,32.22,5.96,54.7,8.93,2.58,10.12,7.92,2.58,9.96,607.84,582.28,647.86,618.8,590.48,647.86,0.16
3030013,NBN,Fibre to the Curb,50/20 Mbps,Optus,QLD,Urban,FALSE,FALSE,d0:6xxxxxx,54.48,42.87,55.4,54.1,42.87,55.21,18.67,18.47,18.99,18.66,18.54,18.68,5.98,5.87,9.07,6.11,5.9,9.07,0
78151165,NBN,Fibre to the Node,100/20 Mbps,Optus,QLD,Urban,FALSE,FALSE,c4:fxxxxxx,98.47,52.24,103.19,98.28,67.35,103.02,17.88,15.2,18.28,17.86,16.73,18.18,10.81,6.33,38.45,10.72,6.35,25.93,0
23116289,NBN,Fibre to the Premises,100/40 Mbps,Dodo & iPrimus,WA,Urban,FALSE,FALSE,1c:3xxxxxx,106.06,85.67,106.81,105.8,85.67,106.74,37.7,37.35,37.76,37.69,37.44,37.75,3.87,3.72,4.69,3.93,3.77,4.3,0.03
26490117,NBN,Fibre to the Node,50/20 Mbps,iiNet,WA,Urban,TRUE,FALSE,10:1xxxxxx,38.72,11.04,40.37,37.95,24.4,40.37,7.69,7.1,8.61,7.66,7.17,8.11,10.07,6.3,20.55,10.4,6.32,20.55,0
106454797,NBN,Fibre to the Premises,100/20 Mbps,Exetel,WA,Urban,FALSE,FALSE,8c:3xxxxxx,108.53,84.88,109.12,108.46,102.32,108.91,18.85,18.3,18.92,18.81,18.3,18.9,2.57,2.2,4.66,2.61,2.43,3.85,0
134710036,NBN,Fibre to the Premises,100/20 Mbps,Leaptel,WA,Urban,FALSE,FALSE,10:2xxxxxx,106.14,93.87,106.98,105.3,99.53,106.84,18.96,18.5,19.04,18.96,18.88,19.03,2,1.95,2.78,2.04,1.96,2.78,0.06
106456085,NBN very high speed services,Fibre to the Premises,500-990/50 Mbps,Superloop,WA,Urban,FALSE,FALSE,c2:5xxxxxx,931.88,854.43,937,933.26,924.18,936.94,47.3,46.44,47.45,47.35,47.28,47.4,2.16,1.91,2.72,2.18,2.12,2.56,0.03
2535447,NBN,Fibre to the Node,50/20 Mbps,Telstra,WA,Urban,FALSE,FALSE,bc:3xxxxxx,49.26,40.72,52.07,48.77,40.72,51.96,12.71,7.31,13.93,12.64,12.16,13.39,11.1,8.26,13.15,11.1,8.26,13.15,0.03
23244569,NBN,Fibre to the Node,50/20 Mbps,iiNet,WA,Urban,FALSE,FALSE,54:axxxxxx,52.88,30.11,54.11,52.59,48.28,53.86,16.88,16.67,17.2,16.85,16.67,17.2,9.65,6.76,11.31,9.68,7.04,11.23,0
26490141,NBN,Fibre to the Premises,100/40 Mbps,Aussie Broadband,WA,Urban,FALSE,FALSE,74:8xxxxxx,107.94,91.85,110.08,107.43,91.85,110.08,37.89,35.55,38.04,37.9,37.48,37.96,1.47,1.37,20.14,1.48,1.39,2.54,0.03
40518689,NBN,Fibre to the Premises,100/20 Mbps,TPG,WA,Urban,FALSE,FALSE,9c:5xxxxxx,107.04,89.65,107.78,106.67,89.65,107.37,17.09,16.27,18.56,17.07,16.38,17.28,2.67,2.58,66.55,2.69,2.64,4.08,0.13
55276837,NBN,Hybrid Fibre Coaxial,50/20 Mbps,Dodo & iPrimus,WA,Urban,FALSE,FALSE,24:4xxxxxx,53.28,26.81,54.13,53.22,49.59,53.83,18.79,12.8,18.93,18.75,17.66,18.9,9.08,8.44,11.54,9.16,8.46,10.23,0.06
50570797,NBN,Fibre to the Premises,100/20 Mbps,Aussie Broadband,WA,Urban,FALSE,FALSE,c8:7xxxxxx,107.92,91.98,108.61,107.51,91.98,108.51,18.81,17.58,18.96,18.81,18.59,18.88,2.32,2.23,4.44,2.39,2.28,4.44,0.03
103959605,NBN,Fibre to the Node,25/5 Mbps,Dodo & iPrimus,WA,Urban,FALSE,FALSE,a4:7xxxxxx,26.2,19.04,26.5,26.28,25.18,26.42,4.7,4.47,4.79,4.7,4.62,4.73,16.41,16.05,38.7,16.49,16.24,17.44,0.03
2975297,NBN,Fibre to the Premises,100/20 Mbps,Vodafone,WA,Urban,FALSE,FALSE,a0:bxxxxxx,107.33,98.55,108.58,106.93,98.55,108.58,18.79,17.34,18.89,18.76,17.34,18.85,2.71,2.56,3.67,2.71,2.62,2.85,0.1
93458501,NBN,Fibre to the Node,50/20 Mbps,iiNet,WA,Urban,TRUE,TRUE,70:4xxxxxx,33.04,31.01,33.67,33.02,31.01,33.67,10.15,9.62,10.71,10.18,9.86,10.64,10.79,6.58,12.87,10.71,7.84,11.8,0.03
81801541,NBN,Fibre to the Node,25/10 Mbps,Aussie Broadband,WA,Urban,FALSE,FALSE,7c:fxxxxxx,27.2,26.75,27.5,27.21,27.03,27.5,9.48,9.34,9.62,9.48,9.37,9.54,7.06,5.63,9.15,6.99,5.7,8.83,0.06
45564745,NBN,Hybrid Fibre Coaxial,100/20 Mbps,Aussie Broadband,WA,Urban,FALSE,FALSE,18:exxxxxx,107.94,93.85,110.19,107.37,93.85,109.56,18.89,18.17,19.01,18.89,18.56,19.01,8.38,8.05,13.14,8.43,8.12,11.5,0.03
21854281,NBN,Fibre to the Node,50/20 Mbps,Telstra,WA,Urban,FALSE,FALSE,40:9xxxxxx,37.68,24.84,39.18,37.07,29.29,39.14,6.39,5.44,8.39,6.31,5.54,8.35,27.71,24.01,39.98,27.63,24.11,37.29,0.03
93458509,NBN very high speed services,Fibre to the Premises,500-990/50 Mbps,Other RSPs,WA,Urban,FALSE,FALSE,34:6xxxxxx,919.55,293.13,927.31,909.62,386.54,927.05,46.47,45.09,46.65,46.52,45.4,46.65,3.16,3.12,3.73,3.17,3.13,3.47,0.06
21854285,NBN,Hybrid Fibre Coaxial,100/40 Mbps,Exetel,WA,Urban,FALSE,FALSE,28:dxxxxxx,108.55,99.64,109.68,108.48,99.94,109.55,37.63,36.39,37.78,37.66,36.96,37.78,8.74,8.02,9.19,8.81,8.58,9.1,0
110762831,NBN,Hybrid Fibre Coaxial,100/40 Mbps,Exetel,WA,Urban,FALSE,FALSE,a0:3xxxxxx,94.66,71.56,108.79,94.85,90.2,108.77,37.58,34.63,37.78,37.56,36.96,37.77,9.66,9.32,11.18,9.7,9.43,10.06,0
45564753,NBN very high speed services,Fibre to the Premises,500-990/50 Mbps,Aussie Broadband,WA,Urban,FALSE,FALSE,c4:exxxxxx,857.25,380.71,936.93,827,380.71,936.76,46.45,40.57,47.48,46.35,42.22,47.48,3.8,1.87,18.64,5.44,1.91,16.3,0.1
108598869,NBN very high speed services,Fibre to the Premises,500-990/50 Mbps,Superloop,WA,Urban,FALSE,FALSE,e4:fxxxxxx,927.09,260.37,936.92,914.73,731.9,936.64,47.37,45.24,47.47,47.15,45.24,47.47,2.48,2.38,6.47,2.53,2.44,3.21,0
2565211,NBN,Fibre to the Premises,50/20 Mbps,Superloop,WA,Urban,FALSE,FALSE,d4:3xxxxxx,54.36,42.67,55.27,54.26,42.67,54.46,18.96,15.58,19.01,18.97,18.87,19,2.12,1.96,3.47,2.13,1.97,2.24,0
81801569,NBN,Hybrid Fibre Coaxial,100/20 Mbps,Telstra,WA,Urban,FALSE,FALSE,d8:dxxxxxx,101.79,87.42,109.24,101.37,89.84,109.22,18.89,4.65,19.27,18.91,17.56,19.16,10.24,10.01,11.78,10.37,10.01,11.78,0
23084129,NBN very high speed services,Fibre to the Premises,500-990/50 Mbps,Superloop,WA,Urban,FALSE,FALSE,3c:8xxxxxx,930.55,804.98,936.69,929.59,882.05,936.38,47.41,38.51,47.5,47.41,47.27,47.5,2.43,2.13,4.1,2.55,2.18,3.02,0.03
21854317,NBN,Fibre to the Premises,100/20 Mbps,TPG,WA,Urban,FALSE,FALSE,b0:fxxxxxx,92.61,75.73,93.41,92.59,86.16,93.36,18.72,17.73,18.91,18.73,18.06,18.91,2.81,2.41,7.24,3.07,2.53,6.04,0.06
23084153,NBN,Fibre to the Node,50/20 Mbps,Optus,WA,Urban,FALSE,FALSE,34:6xxxxxx,41.05,2.42,46.89,40.31,4.29,46.85,9.64,7.24,10.83,9.61,8.49,10.83,13.34,8.94,75.43,13.23,10.9,22.81,0
102022013,NBN,Fibre to the Premises,250/25 Mbps,Dodo & iPrimus,WA,Urban,FALSE,FALSE,d8:4xxxxxx,269.37,233.36,273.2,269.95,265.46,272.36,23.68,22.53,23.78,23.69,23.63,23.72,2.94,2.51,4.3,2.92,2.51,3.1,0.06
134674303,NBN very high speed services,Fibre to the Premises,500-990/50 Mbps,Leaptel,WA,Urban,FALSE,FALSE,00:fxxxxxx,930.37,754.85,934.92,928.73,772.69,934.84,47.23,42.23,47.37,47.14,44.77,47.33,1.71,1.63,2.29,1.74,1.67,2.25,0.07
2992259,NBN,Fibre to the Node,100/20 Mbps,Other RSPs,WA,Urban,FALSE,FALSE,40:exxxxxx,106.81,81.71,108.84,105.59,81.71,108.79,18.82,17.42,19.02,18.78,17.42,18.97,7.94,7.91,8.51,7.98,7.92,8.45,0.1
111768967,NBN,Fibre to the Node,100/40 Mbps,Launtel,WA,Urban,FALSE,FALSE,a0:3xxxxxx,79.4,62.36,80.08,79.18,65.94,80.08,28.49,27.62,29.12,28.47,28.01,28.94,12.19,9.41,15.83,12.14,10.65,15.38,0
29843337,NBN very high speed services,Fibre to the Premises,500-990/50 Mbps,Aussie Broadband,WA,Urban,FALSE,FALSE,2c:3xxxxxx,915.58,280.62,925.84,917.7,832.56,925.47,47.39,45.78,47.54,47.42,47.29,47.54,2.1,2.07,2.18,2.11,2.08,2.14,0
2992265,NBN very high speed services,Fibre to the Premises,500-990/50 Mbps,Other RSPs,NT + SA,Urban,FALSE,FALSE,b0:5xxxxxx,853.93,567.55,936.21,827.82,620.05,936.21,47.03,45.11,47.96,47.04,45.92,47.85,72.12,43.2,92.85,71.2,43.35,83.58,0.03
24329357,NBN,Fibre to the Node,50/20 Mbps,Exetel,WA,Urban,FALSE,FALSE,28:exxxxxx,52.99,41.65,54.55,52.09,41.65,54.45,18.85,17.23,19.02,18.85,18.71,18.9,17.65,14.7,23.98,17.74,15.97,19.28,0
23486861,NBN,Fibre to the Premises,100/40 Mbps,Dodo & iPrimus,WA,Urban,FALSE,FALSE,c8:1xxxxxx,91.31,48.51,93.84,90.85,73.22,93.78,37.64,37.32,37.72,37.64,37.48,37.71,8.64,8.37,9.7,8.68,8.51,9.16,0
127446164,NBN,Fibre to the Node,50/20 Mbps,Vodafone,WA,Urban,FALSE,FALSE,10:7xxxxxx,53.57,48.74,54.01,53.41,48.74,53.86,18.96,18.37,19.22,18.93,18.4,19.01,9.3,6.35,12.19,9.22,6.42,9.96,0.03
97491349,NBN,Fibre to the Node,25/10 Mbps,Aussie Broadband,WA,Urban,FALSE,FALSE,f8:cxxxxxx,24.74,21.72,27.36,24.52,21.73,27.22,4.43,3.14,5.52,4.34,3.2,5.35,10.97,9.25,13.87,10.88,9.58,12.08,0.06
118405795,NBN very high speed services,Fibre to the Premises,500-990/50 Mbps,Launtel,WA,Urban,FALSE,FALSE,ee:fxxxxxx,880.59,335.49,906.48,860.71,335.49,906.26,44.42,36.67,45.37,43.76,36.67,45.33,2.84,2.33,3.6,2.9,2.57,3.6,0
66082745,NBN,Hybrid Fibre Coaxial,100/20 Mbps,Telstra,WA,Urban,FALSE,FALSE,24:axxxxxx,105.2,40.1,109.45,105.05,79.45,108.93,15.26,8.71,18.62,15.57,10.53,18.31,28.42,9.8,59.74,31.54,10.6,56.88,0.06
2621887,NBN,Fibre to the Premises,50/20 Mbps,TPG,WA,Urban,FALSE,FALSE,28:8xxxxxx,53.45,33.33,53.86,53.14,33.33,53.81,18.04,16.4,18.91,18.1,16.4,18.9,2.75,2.6,3.7,2.76,2.64,3.7,0.19
39287745,NBN,Fibre to the Premises,50/20 Mbps,iiNet,WA,Urban,FALSE,FALSE,9c:5xxxxxx,53.3,44.07,53.99,53.08,48.83,53.89,19.02,18.6,19.53,19.03,18.8,19.53,2.48,2.43,3.54,2.51,2.45,2.71,0.06
23486925,NBN,Fibre to the Premises,100/20 Mbps,Aussie Broadband,WA,Urban,FALSE,FALSE,e8:9xxxxxx,108.49,94.77,109.95,108.21,94.77,109.95,18.95,18.44,19.01,18.94,18.53,19.01,2.48,2.26,2.69,2.5,2.31,2.66,0.06
3995085,NBN very high speed services,Fibre to the Premises,500-990/50 Mbps,Aussie Broadband,WA,Urban,FALSE,FALSE,78:dxxxxxx,937.36,916.16,939.52,936.8,916.16,939.06,47.43,46.93,47.65,47.42,47.18,47.53,2.23,2.21,2.34,2.24,2.22,2.34,0.06
21854417,NBN,Fibre to the Premises,100/20 Mbps,Optus,WA,Urban,FALSE,FALSE,ac:bxxxxxx,108.53,93.93,109.31,108.28,95.99,109.31,19.08,16.27,19.29,19.09,18.86,19.28,3.51,3.43,5.84,3.51,3.43,3.57,0
31764193,NBN,Fibre to the Premises,250/25 Mbps,Vodafone,WA,Urban,FALSE,FALSE,d0:dxxxxxx,267.22,230.76,269.4,266.31,230.88,269.27,23.55,21.8,23.63,23.49,21.8,23.62,2.71,2.63,4.99,2.75,2.67,4.99,0
102479861,NBN,Fibre to the Premises,50/20 Mbps,Dodo & iPrimus,WA,Urban,FALSE,FALSE,30:dxxxxxx,52.47,31.47,54.19,51.16,31.47,53.75,18.8,17.9,18.89,18.71,18.03,18.86,3.25,2.82,9.16,3.44,2.83,9.16,0
2535419,NBN,Fibre to the Premises,100/40 Mbps,iiNet,WA,Urban,FALSE,FALSE,d0:2xxxxxx,87.15,58.31,90.92,85.77,58.31,90.92,37.59,35.86,37.84,37.52,36.82,37.79,2.83,2.64,3.91,2.88,2.65,3.84,3
24454653,NBN,Fibre to the Node,50/20 Mbps,iiNet,WA,Urban,TRUE,TRUE,10:1xxxxxx,33.97,19.45,34.85,33.38,19.45,34.85,4.61,3.83,4.98,4.6,4.21,4.98,18.84,15.05,99.46,19.7,17.85,26.86,0
126632445,NBN fixed wireless,Fixed Wireless,Fixed Wireless Home Fast 250/20,,WA,Remote,FALSE,FALSE,34:0xxxxxx,165.61,5.52,231.1,148.88,8.06,226.78,4.58,1,8.76,4.25,2.63,6.62,50.56,47.23,173.01,50.67,48.99,55.05,0.03
134710028,NBN very high speed services,Fibre to the Premises,500-990/50 Mbps,Leaptel,WA,Urban,FALSE,FALSE,08:bxxxxxx,925.92,852.86,927.43,919.04,852.86,927.35,47.43,47.22,47.57,47.39,47.29,47.52,2.89,2.78,3.49,2.9,2.81,3.49,0.03
128793621,NBN very high speed services,Fibre to the Premises,500-990/50 Mbps,Superloop,WA,Urban,FALSE,FALSE,00:exxxxxx,930.06,532.17,936.79,926.25,576.59,936.5,47.38,39.42,47.73,47.42,42.06,47.72,2.68,2.45,2.96,2.69,2.6,2.85,0
131364630,NBN fixed wireless,Fixed Wireless,Fixed Wireless Plus 100/20,,WA,Remote,FALSE,FALSE,d4:9xxxxxx,35.34,4.43,125.79,25.67,5.01,61.32,4.44,1.79,10.25,4.31,1.93,7.67,40.28,31.34,324.75,52.67,32.55,324.75,0.26
23430429,NBN,Fibre to the Premises,100/20 Mbps,Telstra,WA,Urban,FALSE,FALSE,f0:9xxxxxx,108.77,101.83,110.23,109.4,109.23,110.23,18.9,18.38,19,18.93,18.87,18.97,2.66,2.49,5.21,2.69,2.51,3.14,0
97560349,NBN,Fibre to the Premises,100/20 Mbps,Superloop,WA,Urban,FALSE,FALSE,26:5xxxxxx,108.1,78.94,109.07,107.15,78.94,108.94,18.94,17.69,19.03,18.93,18.63,18.99,2.48,2.02,4.46,2.5,2.29,3.42,0
50570793,NBN,Fibre to the Premises,100/20 Mbps,Leaptel,WA,Urban,FALSE,FALSE,76:axxxxxx,108.44,63.17,108.87,108.35,101.24,108.87,18.1,17.44,18.25,18.06,17.46,18.25,4.59,4.51,5.16,4.6,4.53,5.11,0.03
2975275,NBN,Fibre to the Premises,100/20 Mbps,Telstra,WA,Urban,FALSE,FALSE,a4:9xxxxxx,108.68,96.7,110.75,108.19,98.63,110.57,19.09,18.38,19.34,19.08,18.94,19.31,3.45,3.29,3.97,3.46,3.33,3.69,0.06
119832366,NBN very high speed services,Fibre to the Premises,500-990/50 Mbps,Leaptel,WA,Urban,FALSE,FALSE,10:7xxxxxx,932.18,869.24,934.64,923.94,869.24,934.64,47.15,43.57,47.53,46.28,43.57,47.29,2.51,2.37,3.21,2.57,2.4,3.18,0.03
23116337,NBN very high speed services,Hybrid Fibre Coaxial,500-990/50 Mbps,Other RSPs,WA,Urban,FALSE,FALSE,74:8xxxxxx,934.56,858.9,939.04,932.67,858.9,939.04,47.26,44.92,47.51,47.26,45.38,47.47,9.83,9.29,48.96,11.49,9.39,48.96,0
104511029,NBN,Fibre to the Premises,100/40 Mbps,Dodo & iPrimus,WA,Urban,FALSE,FALSE,34:6xxxxxx,107.02,92.27,108.48,106.67,100.95,107.47,37.7,37.48,37.76,37.67,37.49,37.74,5.04,4.25,6.59,5,4.31,6.31,0.13
1188407,NBN,Fibre to the Premises,50/20 Mbps,Aussie Broadband,WA,Urban,FALSE,FALSE,a4:9xxxxxx,54,47.84,54.57,53.94,50.06,54.57,18.95,17.24,19.03,18.93,18.58,19.03,2.72,2.6,3.09,2.73,2.61,2.76,0
114331449,NBN,Fibre to the Premises,50/20 Mbps,iiNet,WA,Urban,FALSE,FALSE,c4:exxxxxx,53.48,47.41,53.98,53.3,47.53,53.87,18.96,18.69,19.01,18.96,18.87,18.99,2.79,2.72,5.74,2.84,2.75,4.24,0
110762827,NBN,Fibre to the Premises,100/40 Mbps,Exetel,WA,Urban,FALSE,FALSE,a4:fxxxxxx,108.38,48.76,109.25,107.57,59.77,109.13,37.71,36.59,37.85,37.67,36.59,37.78,3.04,2.7,3.85,3.07,2.94,3.21,0
21854289,NBN,Fibre to the Premises,50/20 Mbps,TPG,WA,Urban,FALSE,FALSE,34:9xxxxxx,53.04,31.41,53.86,53.16,47.34,53.86,18.77,7.93,18.88,18.73,17.71,18.88,3.07,2.94,3.86,3.1,2.97,3.61,0
128118100,NBN fixed wireless,Fixed Wireless,Fixed Wireless Plus 100/20,,WA,Remote,FALSE,FALSE,3c:3xxxxxx,137.61,24.27,145.3,131.97,51.43,142.26,14.25,5.06,18.2,12.73,8.12,14.97,38.62,31.78,346.91,48.66,32.95,346.91,0.12
2565223,NBN,Fibre to the Premises,100/20 Mbps,iiNet,WA,Urban,FALSE,FALSE,54:bxxxxxx,106.48,82.48,109.31,106.12,82.48,109.31,18.91,18.03,19.27,18.91,18.06,19.27,3.28,2.65,15.82,3.36,2.68,7.39,0
23084137,NBN very high speed services,Fibre to the Premises,500-990/50 Mbps,Superloop,WA,Urban,FALSE,FALSE,9e:0xxxxxx,932.08,725.26,938.18,931.47,753.13,938.18,47.41,46.18,47.6,47.41,46.97,47.6,2.8,2.56,6.24,2.82,2.65,3.21,0.42
2565233,NBN very high speed services,Fibre to the Premises,500-990/50 Mbps,Other RSPs,WA,Urban,FALSE,FALSE,a8:6xxxxxx,930.48,899.11,936.41,930.66,908.35,935.19,47.11,46.38,47.28,47.08,46.38,47.18,2.44,2.32,3.37,2.44,2.34,2.56,0.04
6986613,NBN,Fibre to the Premises,50/20 Mbps,iiNet,WA,Urban,FALSE,FALSE,b0:axxxxxx,53.61,38.57,54.02,53.34,38.57,53.98,18.96,18.74,19.03,18.96,18.78,19.01,8.36,6.77,13.5,10.66,8.87,13.5,0
21854337,NBN,Fibre to the Premises,500/50 Mbps,Exetel,WA,Urban,FALSE,FALSE,c8:7xxxxxx,543.7,477.73,544.12,543.6,536.27,544.12,47.18,47.04,47.32,47.18,47.11,47.25,2.69,2.19,3.18,2.71,2.6,2.83,0
71060101,NBN very high speed services,Fibre to the Premises,500-990/50 Mbps,Launtel,WA,Urban,FALSE,FALSE,74:axxxxxx,895.93,105.75,922.5,864.17,105.75,922,41.63,7.51,43.03,40.03,7.51,42.97,1.59,1.54,2.22,1.63,1.56,2.22,0.05
80213385,NBN fixed wireless,Fixed Wireless,Fixed Wireless Home Fast 250/20,,WA,Major Rural,FALSE,FALSE,f8:cxxxxxx,172.69,81.31,233.52,197.16,81.56,220.92,20.31,14.04,22.14,20.04,19.49,20.51,54.29,49.9,100.88,55.7,51.03,100.88,0.64
24455053,NBN,Fibre to the Node,100/20 Mbps,iiNet,WA,Urban,TRUE,TRUE,c4:1xxxxxx,68.1,31.57,72.54,66.44,31.57,72.49,18.81,18.4,18.9,18.82,18.72,18.9,21.2,18.14,34.47,21.15,18.68,23.67,0.03
124438669,NBN,Fibre to the Premises,50/20 Mbps,Leaptel,WA,Urban,FALSE,FALSE,18:fxxxxxx,54.02,49.39,54.26,54.21,54.18,54.23,18.8,18.68,18.85,18.79,18.75,18.81,2.51,2.35,4.34,2.57,2.39,3.04,0.12
125662351,NBN,Hybrid Fibre Coaxial,25/5 Mbps,TPG,WA,Urban,FALSE,FALSE,cc:4xxxxxx,24.98,9.91,26.61,23.95,9.91,26.61,4.62,3.38,4.74,4.61,3.88,4.74,11.66,10.86,16.92,11.67,10.92,15.9,0.35
29843345,NBN,Fibre to the Node,50/20 Mbps,Telstra,WA,Urban,TRUE,FALSE,20:bxxxxxx,38.43,28.66,39.84,37.98,29.1,38.8,11.47,9.02,12.72,11.41,9.26,12.47,9.92,7.68,18.75,10.25,7.68,18.75,0
2512789,NBN,Fibre to the Premises,100/20 Mbps,Superloop,WA,Urban,FALSE,FALSE,08:3xxxxxx,108.19,86.3,109.07,107.66,87.72,108.68,18.95,18.26,19.25,18.94,18.54,19,3.75,2.6,4.4,3.43,2.61,4.09,0
106456213,NBN,Fibre to the Premises,100/20 Mbps,Exetel,WA,Urban,FALSE,FALSE,28:bxxxxxx,105.32,40.9,108.82,102.59,40.9,108.66,17.84,15.3,18.25,17.77,16.79,18.22,2.87,2.56,8.71,3,2.61,8.71,0.03
123218329,NBN,Fibre to the Premises,50/20 Mbps,TPG,WA,Urban,FALSE,FALSE,98:4xxxxxx,53.01,40.51,53.54,52.12,40.51,53.45,18.83,18.37,18.9,18.85,18.8,18.9,2.5,2.37,7.76,2.66,2.38,7.76,0.13
124770458,Non-NBN fixed line services,Fibre to the Premises,100/20 Mbps,,WA,,FALSE,FALSE,94:8xxxxxx,105.96,81.32,107.15,105.61,91.8,107.07,19.34,17.52,19.86,19.34,18.99,19.73,4.98,4.72,6.35,5,4.8,5.57,0.03
56715165,NBN,Fibre to the Node,100/20 Mbps,Aussie Broadband,WA,Urban,FALSE,TRUE,28:8xxxxxx,70.84,31.39,73.73,69.59,42.14,73.73,18.88,17.8,19,18.82,17.8,18.98,10.99,7.16,14.67,11.08,8.83,13.04,0.06
2521509,NBN very high speed services,Fibre to the Premises,500-990/50 Mbps,Other RSPs,WA,Urban,FALSE,FALSE,10:7xxxxxx,928.65,889.32,932.5,926.9,889.32,931.57,47.13,46.46,47.27,47.08,46.46,47.27,2.39,2.21,4.07,2.39,2.31,2.61,0.03
29843369,NBN very high speed services,Hybrid Fibre Coaxial,500-990/50 Mbps,Aussie Broadband,WA,Urban,FALSE,FALSE,d0:2xxxxxx,935.33,895.37,950.69,933.82,895.37,946.91,47.09,43.28,48.21,47.06,45.69,47.65,8.23,7.8,11.85,8.31,7.94,9.03,2.04
134533294,NBN very high speed services,Fibre to the Premises,500-990/50 Mbps,Leaptel,WA,Urban,FALSE,FALSE,f8:1xxxxxx,911.41,655.22,924.14,910.9,769.8,923.67,47.34,37.18,47.49,47.36,46.97,47.47,2.94,2.8,19.03,2.97,2.81,7.36,0.06
134533297,NBN,Fibre to the Premises,100/20 Mbps,Leaptel,WA,Urban,FALSE,FALSE,9c:5xxxxxx,105.94,92.58,107.3,105.83,99.82,106.76,18.94,18.23,19.02,18.93,18.62,19,2.31,2.24,4.61,2.36,2.26,4.61,0.03
124690610,NBN,Fibre to the Premises,100/20 Mbps,Leaptel,WA,Urban,FALSE,FALSE,1c:6xxxxxx,105.17,84.16,106.92,104.16,94.28,106.92,18.94,18.39,19.03,18.91,18.39,19,2.3,2.23,3.71,2.38,2.24,3,0.03
24869065,NBN,Hybrid Fibre Coaxial,100/20 Mbps,Telstra,WA,Urban,FALSE,FALSE,a4:9xxxxxx,107.81,81.03,109.59,105.6,81.03,109.31,18.73,17.98,18.96,18.71,18.35,18.83,8.91,8.67,24.14,9.2,8.67,24.14,0.03
28576205,NBN,Fibre to the Node,25/10 Mbps,Aussie Broadband,WA,Urban,FALSE,FALSE,2c:4xxxxxx,26.51,14.03,27.55,26.61,20.18,27.44,5.95,5.24,6.1,5.95,5.71,6.09,5.78,5.42,14.44,6.06,5.5,11.45,0.06
24328929,NBN,Fibre to the Node,50/20 Mbps,Aussie Broadband,WA,Urban,TRUE,TRUE,18:fxxxxxx,31.08,19.17,35.09,31.18,22.83,35.04,8.42,7.61,8.87,8.26,7.61,8.73,10.09,7.24,33.22,10.34,7.68,14.24,0.03
23486945,Starlink,Satellite,100/50 Mbps,Starlink,WA,,FALSE,FALSE,a8:4xxxxxx,290.73,105.87,435,288.95,105.87,417.82,39.04,10.21,69.32,39.88,19,63.48,25.4,23.15,29.39,25.68,24.02,28.09,0.32
24869089,NBN,Fibre to the Node,50/20 Mbps,iiNet,WA,Urban,FALSE,FALSE,28:8xxxxxx,52.41,25.8,53.56,52.26,42.43,53.56,16.82,16.5,18.71,16.8,16.61,17.05,9.46,6.01,27.46,9.53,6.19,11.78,0.13
106456301,NBN,Fibre to the Premises,100/20 Mbps,Exetel,WA,Urban,FALSE,FALSE,a4:fxxxxxx,107.44,67,109.15,106.33,75.25,109.03,18.77,16.99,18.89,18.71,18.1,18.85,5.66,5.05,11.93,5.66,5.2,7.14,0
125033975,NBN,Fibre to the Premises,50/20 Mbps,Other RSPs,WA,Urban,FALSE,FALSE,cc:4xxxxxx,47.13,23.76,48.66,46.2,36.97,48.25,18.83,18.28,18.91,18.81,18.77,18.86,2.58,2.31,6.46,3.28,2.36,5.84,0.74
102479873,NBN,Hybrid Fibre Coaxial,50/20 Mbps,Dodo & iPrimus,QLD,Urban,FALSE,FALSE,80:7xxxxxx,53.4,46.08,54.05,53.08,46.08,53.76,18.73,17.83,18.83,18.73,18.48,18.81,8.87,8.62,9.98,9.01,8.77,9.98,0
134710024,NBN,Hybrid Fibre Coaxial,250/25 Mbps,Leaptel,QLD,Urban,FALSE,FALSE,60:8xxxxxx,263.55,16.48,267.55,260.68,16.48,266.94,23.81,23.22,24.03,23.8,23.45,24.03,8.16,7.92,26.12,8.96,8.03,21.83,0
31032077,NBN,Fibre to the Premises,100/20 Mbps,Superloop,QLD,Urban,FALSE,FALSE,7c:4xxxxxx,108.26,93.18,108.93,108.26,104.28,108.78,18.94,18.4,19.01,18.93,18.62,19.01,2.55,2.49,2.77,2.57,2.51,2.71,0
55519249,NBN Satellite Services,Satellite,25/5 Mbps,,VIC,Minor Rural,FALSE,FALSE,b0:exxxxxx,17.39,2.35,24.86,7.5,2.35,23.64,4.11,0.66,5.6,2.74,0.66,5.53,682.82,622.05,1295.21,743.25,633.14,997.5,0.26
24028689,NBN,Fibre to the Node,50/20 Mbps,Vodafone,QLD,Urban,FALSE,FALSE,a4:9xxxxxx,52.37,41.34,54.13,51.5,43.81,54.12,18.46,17.55,18.65,18.47,17.9,18.65,9.74,7.03,49.63,10.91,7.17,49.63,0.1
31726869,NBN very high speed services,Hybrid Fibre Coaxial,500-990/50 Mbps,Other RSPs,QLD,Urban,FALSE,FALSE,1c:3xxxxxx,940.99,923.33,944.26,941.04,935.24,943.26,47.38,46.13,47.63,47.37,47.07,47.56,14.03,13.29,14.89,14.05,13.55,14.74,0.03
23116309,NBN very high speed services,Fibre to the Premises,500-990/50 Mbps,Launtel,QLD,Urban,FALSE,FALSE,00:0xxxxxx,888.42,93.16,919.16,877.32,379.78,916.84,44.72,21.69,45.42,44.43,21.69,45.38,8.98,8.19,9.72,9.01,8.22,9.61,0
48370457,NBN,Hybrid Fibre Coaxial,100/40 Mbps,Aussie Broadband,QLD,Urban,FALSE,FALSE,60:2xxxxxx,93.9,89.42,94.14,94.03,93.23,94.14,37.84,37.57,37.95,37.83,37.57,37.94,8.53,8.21,11.94,8.84,8.37,11.94,0
134710044,NBN fixed wireless,Fixed Wireless,Fixed Wireless Home Fast 250/20,,QLD,Urban,FALSE,FALSE,74:axxxxxx,134.24,19.22,282.69,93.47,25.12,233.15,6.94,1.63,16.02,5.62,1.63,10.92,35.11,34.11,57.69,35.27,34.3,40.62,0
55971361,NBN,Fibre to the Curb,50/20 Mbps,Optus,QLD,Urban,FALSE,FALSE,5c:bxxxxxx,52.82,41.65,55.15,51.82,46.82,54.75,18.58,17.98,18.89,18.52,18.09,18.65,6.31,5.35,10.14,6.64,5.38,8.19,0.03
23116325,NBN,Fibre to the Node,100/20 Mbps,Optus,QLD,Urban,FALSE,FALSE,44:dxxxxxx,108.61,68.78,111,107.49,81.19,110.88,19,18.61,19.19,18.99,18.61,19.13,5.92,5.86,8.02,5.92,5.87,6.08,0
108352038,NBN,Fibre to the Premises,250/25 Mbps,Exetel,QLD,Urban,FALSE,FALSE,78:cxxxxxx,270.19,211.08,271.57,267.96,211.08,271.43,23.53,4.82,23.76,22.98,4.82,23.72,2.49,2.44,4.68,2.54,2.48,3.18,0.03
103959593,NBN,Hybrid Fibre Coaxial,100/20 Mbps,Dodo & iPrimus,QLD,Urban,FALSE,FALSE,8c:0xxxxxx,106.87,91.37,107.8,106.5,93.96,107.52,18.55,13.97,18.84,18.76,18.55,18.84,9.34,9.19,9.61,9.36,9.19,9.57,0.1
97560361,NBN,Hybrid Fibre Coaxial,50/20 Mbps,TPG,QLD,Urban,FALSE,FALSE,28:exxxxxx,52.99,40.49,53.66,52.88,43.95,53.64,18.78,8.05,18.88,18.5,8.05,18.85,8.63,8.45,12.64,8.82,8.5,11.32,1.13
114331438,NBN very high speed services,Hybrid Fibre Coaxial,500-990/50 Mbps,Superloop,QLD,Urban,FALSE,FALSE,90:0xxxxxx,936.31,710.44,941.43,934.51,901.99,941.4,47.1,41.64,47.46,46.91,41.64,47.43,8.88,8.39,11.28,8.99,8.72,11.05,0
119832368,NBN very high speed services,Fibre to the Premises,500-990/50 Mbps,Leaptel,QLD,Urban,FALSE,FALSE,10:7xxxxxx,924,815.66,935.29,921.3,903.61,934.28,45.98,44.33,46.53,46.06,45.26,46.51,2.49,2.42,2.96,2.53,2.45,2.96,0
101484337,NBN,Hybrid Fibre Coaxial,100/20 Mbps,Telstra,QLD,Urban,FALSE,FALSE,a0:bxxxxxx,109.07,97.12,110.17,109,103.46,109.76,19.01,7.42,19.27,18.79,7.42,19.23,8.33,8.17,144.11,8.51,8.18,20.44,0.16
47445045,NBN very high speed services,Fibre to the Premises,500-990/50 Mbps,Aussie Broadband,QLD,Urban,FALSE,FALSE,08:bxxxxxx,926.57,903.82,934.61,925.32,904,934.15,47.32,44.73,47.48,47.42,47.39,47.44,4.9,4.73,5.18,4.93,4.76,5.18,0
135737911,NBN very high speed services,Hybrid Fibre Coaxial,500-990/50 Mbps,Other RSPs,QLD,Urban,FALSE,FALSE,fc:3xxxxxx,931.45,871.1,936.27,930.15,871.1,936.27,46.62,0.32,47.36,46.96,42.83,47.36,9.36,9.1,10.15,9.37,9.1,9.87,0.65
126632764,NBN very high speed services,Hybrid Fibre Coaxial,500-990/50 Mbps,Launtel,QLD,Urban,FALSE,FALSE,76:axxxxxx,919.03,873.09,922.62,917.12,873.09,921.71,46.2,45.18,46.37,46.13,45.18,46.32,11.3,10.66,72.82,10.95,10.73,13.01,2.82
101188673,NBN very high speed services,Fibre to the Premises,500-990/50 Mbps,Other RSPs,QLD,Urban,FALSE,FALSE,44:dxxxxxx,933.51,880.54,936.95,934.1,915.27,936.86,46.85,46.27,47.42,46.79,46.28,47.12,2.62,2.52,2.94,2.6,2.52,2.74,0
31726913,NBN very high speed services,Fibre to the Premises,500-990/50 Mbps,Other RSPs,QLD,Urban,FALSE,FALSE,a8:4xxxxxx,930.31,837.56,931.45,929.76,900.56,931.45,47.13,46.31,47.2,47.1,46.86,47.18,3.31,3.12,4.23,3.35,3.14,4.23,0
125788747,NBN Satellite Services,Satellite,25/5 Mbps,,NT + SA,Isolated,FALSE,FALSE,34:0xxxxxx,25.42,8.13,27.82,24.76,18.79,27.38,1.15,0.32,1.65,1.19,1.07,1.23,666.6,632.49,684.49,668.16,656.2,678.6,0
124438610,NBN,Fibre to the Premises,100/20 Mbps,Leaptel,QLD,Urban,FALSE,FALSE,3c:7xxxxxx,104.77,87.42,106.89,103.56,91.49,106.78,18.93,18.21,19.06,18.93,18.5,19.04,2.27,2.19,3.69,2.34,2.21,2.92,0
81801561,NBN,Fibre to the Premises,250/25 Mbps,Leaptel,QLD,Urban,FALSE,FALSE,7a:4xxxxxx,264.79,198.38,268.23,262.94,198.38,267.19,23.8,23.39,23.92,23.79,23.65,23.89,2.43,2.35,2.78,2.45,2.38,2.77,3.68
116680540,NBN very high speed services,Fibre to the Premises,500-990/50 Mbps,Superloop,QLD,Urban,FALSE,FALSE,a8:6xxxxxx,936.86,914.15,938.1,936.78,918.2,938.1,47.39,46.94,47.58,47.39,47.13,47.47,1.7,1.63,1.95,1.72,1.66,1.89,0
54368861,NBN,Hybrid Fibre Coaxial,250/25 Mbps,Superloop,QLD,Urban,FALSE,FALSE,e0:dxxxxxx,270.83,244.24,272.54,269.45,244.24,271.58,23.61,21.5,23.73,23.48,21.5,23.69,8.25,7.68,9.98,8.42,8.08,9.98,0
39581021,NBN,Fibre to the Premises,250/25 Mbps,Superloop,QLD,Urban,FALSE,FALSE,94:8xxxxxx,268.89,251.09,272.07,269.34,260.84,271.94,23.45,22.49,23.69,23.45,23.37,23.58,2.34,2.18,2.44,2.34,2.2,2.44,0
4329569,NBN,Fibre to the Node,25/5 Mbps,TPG,QLD,Urban,FALSE,FALSE,3c:6xxxxxx,26.35,13.88,26.57,26.32,22.42,26.55,4.63,4.51,4.79,4.63,4.51,4.74,19.24,19.18,35.95,19.26,19.2,19.77,0
2521441,NBN,Fibre to the Node,50/20 Mbps,Optus,QLD,Urban,FALSE,FALSE,44:axxxxxx,48.65,36.61,52.03,47.83,37.89,51.96,14.07,11.13,15.46,14.02,12.76,15.46,12.1,9.9,14.6,12.2,11.16,14.6,0
1027938,NBN,Hybrid Fibre Coaxial,50/20 Mbps,Telstra,QLD,Urban,FALSE,FALSE,d4:3xxxxxx,54.48,39.45,55,54.25,39.45,55,18.8,18.53,19.18,18.79,18.56,18.97,13.55,11.15,14.81,13.66,11.29,14.7,0.03
2512739,NBN,Fibre to the Premises,50/20 Mbps,Superloop,QLD,Urban,FALSE,FALSE,60:3xxxxxx,54.29,32.86,55.36,54.05,32.86,55.36,18.96,18.36,19.05,18.94,18.59,19,1.57,1.49,3.37,1.61,1.52,2.37,0
36509029,NBN,Fibre to the Node,50/20 Mbps,Telstra,QLD,Urban,TRUE,TRUE,20:bxxxxxx,22.22,3.22,25.5,22.31,4.53,25.48,3.7,0.51,5.13,3.57,1.16,4.92,18.78,7.96,63.99,20.9,8.32,48.76,0
96156261,NBN,Fibre to the Premises,25/5 Mbps,Dodo & iPrimus,QLD,Urban,FALSE,FALSE,74:fxxxxxx,26.29,14.04,26.54,26.3,23.82,26.53,4.39,3.34,4.54,4.33,3.34,4.54,5.1,4.25,8.41,5.19,4.42,6.66,0.1
95590501,NBN fixed wireless,Fixed Wireless,Fixed Wireless Plus 100/20,,QLD,Minor Rural,FALSE,FALSE,f8:cxxxxxx,52.03,12.21,101.7,41.13,12.21,78.65,7.6,3.66,10.57,6.35,4.51,9.6,56.56,48.68,72.96,57.27,48.84,72.96,0.03
116723816,NBN,Fibre to the Premises,100/40 Mbps,Exetel,QLD,Urban,FALSE,FALSE,c0:fxxxxxx,108.12,106.93,108.25,108.15,108.03,108.23,36.19,36.09,36.26,36.18,36.1,36.24,4.84,4.22,6.77,4.85,4.28,5.16,0
2512745,NBN,Fibre to the Node,25/10 Mbps,Dodo & iPrimus,QLD,Urban,FALSE,FALSE,d8:bxxxxxx,25.93,10.38,26.57,25.98,12.14,26.53,9.37,7.94,9.47,9.42,9.34,9.47,8.52,6.14,22.34,8.61,6.19,16.78,0
2565227,NBN,Fibre to the Node,50/20 Mbps,Superloop,QLD,Urban,FALSE,FALSE,b0:exxxxxx,37.52,8.48,45.06,36.41,22.26,45.06,13.18,9.17,14.19,13.23,9.93,14.19,17.98,13.61,46.43,18.11,14.71,42.6,0.06
124438638,NBN,Fibre to the Premises,100/20 Mbps,Leaptel,QLD,Urban,FALSE,FALSE,50:2xxxxxx,106.41,98.52,107.11,106.05,99.04,106.69,18.93,15.65,19.03,18.76,15.65,18.99,8.15,7.96,23.26,8.45,8.1,23.26,0
4406641,NBN,Fibre to the Premises,100/20 Mbps,iiNet,QLD,Major Rural,FALSE,FALSE,60:8xxxxxx,106.73,87.71,107.79,106.05,98.17,107.4,16.91,16.41,18.01,16.94,16.44,18.01,3.85,3.79,3.98,3.86,3.83,3.96,0.1
39485813,NBN,Fibre to the Node,25/10 Mbps,Aussie Broadband,QLD,Urban,FALSE,FALSE,78:3xxxxxx,26.82,20.88,27.58,26.61,20.88,27.58,5.49,4.02,6.78,5.49,5.26,6.17,11.51,7.1,18.51,11.53,7.7,15.15,0
134674293,NBN very high speed services,Hybrid Fibre Coaxial,500-990/50 Mbps,Leaptel,QLD,Urban,FALSE,FALSE,10:2xxxxxx,932.8,845.54,935.68,932.85,912.29,935.59,46.97,31.28,47.23,47.07,46.81,47.2,9.19,9.07,9.66,9.19,9.08,9.37,0
53382777,NBN,Fibre to the Node,25/5 Mbps,iiNet,QLD,Urban,FALSE,FALSE,a4:9xxxxxx,26.5,16.77,26.8,26.57,22.34,26.73,4.74,4.62,4.78,4.74,4.68,4.77,9.86,9.71,16.87,9.87,9.72,10.24,0
6986617,NBN,Fibre to the Premises,50/20 Mbps,Aussie Broadband,QLD,Urban,FALSE,FALSE,90:0xxxxxx,53.78,29.99,54.6,53.67,49.47,54.6,18.66,16.39,19.02,18.81,16.79,19.02,21.16,19.97,49.8,20.94,19.98,28.64,0.19
2521469,NBN,Fibre to the Node,25/5 Mbps,Dodo & iPrimus,QLD,Urban,FALSE,FALSE,a8:cxxxxxx,26.2,16.39,26.56,26.11,16.39,26.44,4.71,4.58,4.79,4.7,4.58,4.77,9.72,9.27,50.92,9.81,9.34,11.18,0
24029053,NBN very high speed services,Hybrid Fibre Coaxial,500-990/50 Mbps,Aussie Broadband,QLD,Urban,FALSE,FALSE,bc:3xxxxxx,940.4,923.48,945.43,939.89,926.05,944.64,46.68,30.1,47.49,47.02,40.68,47.48,8.24,7.97,13.6,8.26,8.09,9.11,0
128670341,Starlink,Satellite,100/50 Mbps,Starlink,NSW,,FALSE,FALSE,74:2xxxxxx,166.64,21.5,426.73,145.28,21.5,297.33,28.39,3.62,47.51,26.46,9.38,43.44,31.45,24.41,42.04,31.69,27.16,39.79,0.03
30048389,NBN,Hybrid Fibre Coaxial,100/40 Mbps,Superloop,QLD,Urban,FALSE,FALSE,64:dxxxxxx,104.81,91.78,107.77,104.18,91.78,107.56,36.2,32.73,36.53,36.2,35.82,36.44,9.9,9.37,11.97,9.98,9.73,11.6,0.35
2512775,NBN,Fibre to the Node,50/20 Mbps,Optus,QLD,Urban,FALSE,FALSE,80:2xxxxxx,47.62,36.68,48.53,47.59,44.75,48.26,7.5,6.81,8.22,7.48,6.98,8.04,15.38,11.7,20.53,15.45,12.42,17.81,0
2521479,NBN,Fibre to the Premises,100/20 Mbps,Superloop,QLD,Urban,FALSE,FALSE,f6:exxxxxx,95.04,69.09,108.68,95.61,83.5,108.68,18.9,18.5,18.99,18.89,18.52,18.99,2.19,2.11,3.3,2.25,2.14,3.3,0
4329609,NBN,Fibre to the Premises,50/20 Mbps,TPG,QLD,Urban,FALSE,FALSE,50:9xxxxxx,51.39,23.92,53.58,50.26,23.92,53.46,18.71,4.57,19.2,18.66,16.41,18.89,3.56,2.81,33.48,3.95,2.83,22.88,0.19
42314377,NBN,Fibre to the Premises,100/40 Mbps,Superloop,QLD,Urban,FALSE,FALSE,50:2xxxxxx,107.9,87.45,109.3,107.22,93.04,108.75,37.89,35.01,38.16,37.91,37.36,37.99,1.48,1.41,2.57,1.52,1.44,2.32,0.03
2521485,NBN very high speed services,Fibre to the Premises,500-990/50 Mbps,Aussie Broadband,QLD,Urban,FALSE,FALSE,62:3xxxxxx,935.03,879.53,937.09,932.67,879.53,936.6,47.38,46.79,47.6,47.38,47.23,47.48,4.87,4.77,4.96,4.88,4.84,4.96,0.06
4191117,NBN very high speed services,Fibre to the Premises,500-990/50 Mbps,Aussie Broadband,QLD,Urban,FALSE,FALSE,6a:dxxxxxx,930.35,251.26,933.31,929.86,891.17,933.14,47.38,46.99,47.5,47.37,47.02,47.5,4.53,4.49,4.69,4.54,4.51,4.69,0
117446031,NBN,Fibre to the Node,100/40 Mbps,Superloop,QLD,Urban,TRUE,TRUE,80:2xxxxxx,39.78,21.21,46.54,38.38,21.21,44.63,37.01,28.43,38.16,36.71,28.43,37.9,9.9,7.73,17.45,10.37,8.93,13.35,0.07
4991121,NBN,Hybrid Fibre Coaxial,100/40 Mbps,Superloop,QLD,Urban,FALSE,FALSE,64:fxxxxxx,107.38,88.39,109.12,106.28,94.4,108.74,18.6,17.77,19.28,18.56,17.96,18.99,7.54,7.36,67.83,7.62,7.38,10.27,0
116680597,NBN,Hybrid Fibre Coaxial,100/20 Mbps,Telstra,QLD,Urban,FALSE,TRUE,00:exxxxxx,52.35,12.39,107.54,52.65,33.16,107.54,6.21,3.28,16.84,6.1,3.5,16.82,25.59,14.18,79.46,26.93,14.78,33.93,0.03
134533269,NBN fixed wireless,Fixed Wireless,Fixed Wireless Home Fast 250/20,,QLD,Minor Rural,FALSE,FALSE,04:dxxxxxx,229.86,155.57,271.26,223.11,165.37,271.16,9.39,3.61,15.77,8.38,3.61,12.7,35.86,32.41,43.11,35.99,33.47,41.76,0.29
125662361,NBN very high speed services,Hybrid Fibre Coaxial,500-990/50 Mbps,Aussie Broadband,QLD,Urban,FALSE,FALSE,5c:axxxxxx,938.27,896.07,940.54,937.89,896.13,940.54,47.34,46.35,47.46,47.37,46.95,47.46,8.99,8.56,9.58,8.98,8.73,9.37,0
48464281,NBN very high speed services,Fibre to the Premises,500-990/50 Mbps,Aussie Broadband,QLD,Urban,FALSE,FALSE,d4:5xxxxxx,896.29,96.4,934.87,925.12,876.9,934.75,47.23,35.93,48.01,47.69,47.4,47.84,2.67,2.48,2.97,2.7,2.62,2.97,0.06
125662363,NBN,Fibre to the Node,25/10 Mbps,Leaptel,QLD,Major Rural,FALSE,FALSE,9c:5xxxxxx,25.06,5.81,25.5,24.89,5.81,25.42,9.45,7.37,9.56,9.48,9.32,9.53,35.6,23.83,46.72,35.71,23.83,43.1,0
55458205,NBN,Hybrid Fibre Coaxial,50/20 Mbps,Telstra,QLD,Urban,FALSE,FALSE,a4:9xxxxxx,53.6,28.75,55.16,53.45,46.25,54.79,18.77,17.22,19.04,18.72,17.99,18.89,9.59,8.84,13.02,9.68,8.86,13.02,0.06
49824673,NBN very high speed services,Fibre to the Premises,500-990/50 Mbps,Aussie Broadband,QLD,Urban,FALSE,FALSE,d4:5xxxxxx,930.63,875.66,935.85,930.53,912.8,935.56,47.43,46.87,47.64,47.43,47.22,47.59,2.23,2.12,2.51,2.25,2.17,2.46,0
26490021,NBN,Fibre to the Premises,100/40 Mbps,Exetel,QLD,Urban,FALSE,FALSE,34:3xxxxxx,108.41,98.77,108.82,107.77,98.77,108.77,37.67,37.12,37.77,37.68,37.53,37.77,1.87,1.79,2.91,1.93,1.82,2.57,0
129207206,NBN very high speed services,Fibre to the Premises,500-990/50 Mbps,Leaptel,QLD,Urban,FALSE,FALSE,b0:bxxxxxx,926.16,755.84,931.22,925.94,910.5,931.06,47.13,46.8,47.25,47.13,46.98,47.23,2.98,2.9,3.43,2.98,2.9,3.43,0
4329641,NBN very high speed services,Fibre to the Premises,500-990/50 Mbps,Aussie Broadband,QLD,Urban,FALSE,FALSE,bc:2xxxxxx,936.91,899.56,938.84,935.65,899.56,938.84,47.27,37.15,47.49,47.29,44.6,47.44,1.65,1.5,1.83,1.66,1.63,1.68,0
81801641,NBN very high speed services,Fibre to the Premises,500-990/50 Mbps,Superloop,QLD,Urban,FALSE,FALSE,7c:1xxxxxx,919.41,264.27,933.48,919.93,885.18,933.48,47.29,39.93,47.53,47.3,46.36,47.45,2.37,2.31,3.62,2.39,2.34,3.62,0
123218346,NBN,Fibre to the Premises,100/20 Mbps,Aussie Broadband,QLD,Urban,FALSE,FALSE,6c:cxxxxxx,108.13,76.17,110.03,107.39,76.17,110.02,18.85,15.78,19.03,18.91,18.42,19.03,2.32,2.27,2.52,2.33,2.31,2.41,0
123218350,NBN,Hybrid Fibre Coaxial,100/40 Mbps,Superloop,QLD,Urban,FALSE,FALSE,9e:0xxxxxx,97.54,0.77,106.08,97.86,27.65,103.73,36.18,23.29,37.98,35.49,23.61,37.96,10.38,9.92,34.02,10.3,10.05,11.11,1.09
28131253,NBN fixed wireless,Fixed Wireless,25/5 Mbps,,QLD,Remote,FALSE,FALSE,c4:exxxxxx,26.34,14.32,26.87,26.3,20.77,26.8,4.72,4.22,4.79,4.67,4.41,4.79,55,47.01,70.71,55.41,47.93,57.23,0
106455733,NBN,Hybrid Fibre Coaxial,100/20 Mbps,Exetel,QLD,Urban,FALSE,FALSE,c4:2xxxxxx,106.56,0.12,109,106.24,91.85,108.94,18.71,0.55,18.94,18.78,18.02,18.9,7.26,6.98,14.12,7.39,7.16,10.01,2.03
117784247,NBN,Fibre to the Premises,250/25 Mbps,Superloop,QLD,Urban,FALSE,FALSE,bc:bxxxxxx,270.01,240.47,272.39,267.93,240.47,272.18,23.49,21.39,23.69,23.51,22.9,23.65,3.37,3.05,4.35,3.41,3.08,4.31,0.03
23989177,NBN,Fibre to the Premises,250/25 Mbps,Aussie Broadband,QLD,Urban,FALSE,FALSE,00:1xxxxxx,271.65,112.28,273.46,271.42,263.16,272.66,23.81,17.2,23.91,23.82,23.64,23.91,3.56,3.29,16.88,3.55,3.38,3.81,0
21279161,NBN,Fibre to the Premises,100/20 Mbps,Exetel,QLD,Urban,FALSE,TRUE,74:8xxxxxx,66.03,41.26,69.61,65.36,50.54,69.61,18.78,17.67,18.92,18.77,18,18.87,17.46,16.78,74.65,17.51,16.82,18.71,0
41408441,NBN,Fibre to the Premises,100/40 Mbps,Dodo & iPrimus,QLD,Urban,FALSE,FALSE,d4:3xxxxxx,107.32,80.45,109.18,107.07,92.2,108.9,37.69,36.94,37.85,37.69,37.32,37.83,20.64,17.93,67.07,20.73,18.27,28.37,0
24029125,NBN,Hybrid Fibre Coaxial,50/20 Mbps,Optus,QLD,Urban,FALSE,FALSE,78:6xxxxxx,54.1,39.1,54.57,54,42.89,54.56,18.62,14.86,19.21,18.68,18.18,19.13,8.04,7.89,8.61,8.01,7.91,8.61,0
37383637,NBN very high speed services,Hybrid Fibre Coaxial,500-990/50 Mbps,Superloop,QLD,Urban,FALSE,FALSE,78:8xxxxxx,878.97,134.94,941.36,870.96,230.89,941.36,46.51,31.13,47.49,46.51,37.37,47.43,10.49,9.11,18.07,10.5,9.39,12.28,0.1
31764181,NBN,Hybrid Fibre Coaxial,50/20 Mbps,Vodafone,QLD,Urban,FALSE,FALSE,20:bxxxxxx,53.13,34.73,54.12,52.58,34.73,54.06,18.65,4.63,19.39,18.59,17.54,19.39,10.89,9.88,38.96,10.98,9.91,13.56,0.06
118699480,NBN,Fibre to the Premises,100/20 Mbps,Superloop,QLD,Urban,FALSE,FALSE,7c:4xxxxxx,106.64,99.47,107.6,106.75,103.37,107.42,18.41,17.17,18.65,18.43,18.13,18.65,1.66,1.6,1.92,1.68,1.63,1.83,0
88882649,NBN very high speed services,Fibre to the Premises,500-990/50 Mbps,Other RSPs,QLD,Urban,FALSE,FALSE,d0:dxxxxxx,917.82,768.36,938.94,906.55,796.61,937.93,47.36,44.91,47.51,47.31,44.97,47.49,12.36,12.2,12.57,12.35,12.23,12.5,0
119120095,NBN,Fibre to the Node,25/10 Mbps,Leaptel,QLD,Urban,FALSE,FALSE,00:1xxxxxx,27.15,27.01,27.25,27.15,27.06,27.21,8.98,8.76,9.07,8.98,8.76,9.06,11.02,10.57,11.39,10.99,10.57,11.1,0
54368997,NBN,Hybrid Fibre Coaxial,100/40 Mbps,Superloop,QLD,Urban,FALSE,FALSE,c8:7xxxxxx,105.35,69.17,109.59,104.35,83.68,108.86,37.6,24.43,38.01,37.32,33.78,37.96,8.65,8.03,26.4,8.85,8.28,11.12,0.03
6986477,NBN,Fibre to the Node,25/5 Mbps,iiNet,QLD,Urban,FALSE,FALSE,e0:bxxxxxx,26.53,19.17,26.75,26.38,19.17,26.74,4.71,4.29,4.77,4.71,4.34,4.75,9.89,9.7,14.7,9.78,9.74,9.91,0
122214125,NBN,Hybrid Fibre Coaxial,100/20 Mbps,Superloop,QLD,Urban,FALSE,FALSE,c0:0xxxxxx,107.55,78.34,109.27,107.6,78.34,108.98,18.95,17.72,19.04,18.91,17.72,19.01,8.13,7.82,12.7,8.33,7.96,11.58,0
126821875,NBN Satellite Services,Satellite,100/10 Mbps,,NT + SA,Isolated,FALSE,FALSE,c8:7xxxxxx,69.79,19.07,111.08,51.68,19.07,94.66,15.66,10.15,18.76,15.37,10.15,16.97,699.15,653.81,735.6,701.04,662.18,724.23,0.4
3030009,NBN,Fibre to the Premises,50/20 Mbps,TPG,QLD,Urban,FALSE,FALSE,34:6xxxxxx,52.71,38.42,53.48,52.5,38.42,53.46,18.82,18.1,18.89,18.8,18.41,18.89,2.12,1.99,7.92,2.25,2.02,7.92,0
6986489,NBN,Fibre to the Premises,250/25 Mbps,Telstra,QLD,Urban,FALSE,FALSE,e8:9xxxxxx,270.91,180.11,274.04,268.78,180.11,272.73,23.76,22.95,23.86,23.76,23.33,23.84,2.64,2.56,2.99,2.68,2.58,2.99,0.06
33275641,NBN,Hybrid Fibre Coaxial,50/20 Mbps,Optus,QLD,Urban,FALSE,FALSE,28:8xxxxxx,53.48,31.95,54.82,52.16,31.95,54.82,18.94,17.55,19.02,18.92,18.8,19.01,8.46,8.04,9.68,8.45,8.24,9.13,0
6986517,NBN,Hybrid Fibre Coaxial,100/40 Mbps,Aussie Broadband,NT + SA,Urban,FALSE,FALSE,60:bxxxxxx,108.36,103.69,109.73,108.04,103.69,109.73,37.73,37.25,37.91,37.7,37.25,37.86,17.39,17,21.45,17.45,17.17,18.07,0.11
128793623,NBN very high speed services,Fibre to the Premises,500-990/50 Mbps,Leaptel,VIC,Urban,FALSE,FALSE,c8:7xxxxxx,927.03,313.02,935.46,932.43,924.39,935.14,47.27,25.98,47.5,47.4,47.28,47.45,3.54,3.39,10.19,3.54,3.44,4.04,0
54368821,NBN very high speed services,Hybrid Fibre Coaxial,500-990/50 Mbps,Leaptel,VIC,Urban,FALSE,FALSE,3c:7xxxxxx,927.18,780.29,935.17,919.27,780.29,934.16,45.35,38.39,47.48,43.63,38.39,47.48,9.62,8.7,11.5,9.81,8.75,11.17,0.11
108598858,NBN very high speed services,Fibre to the Premises,500-990/50 Mbps,Other RSPs,VIC,Urban,FALSE,FALSE,74:dxxxxxx,781.89,739.03,782.33,781.67,761.5,782.33,44.73,33.76,47.13,44.7,41,44.95,3.28,3.13,3.47,3.24,3.13,3.28,0.03
134533259,NBN very high speed services,Fibre to the Premises,500-990/50 Mbps,Aussie Broadband,VIC,Urban,FALSE,FALSE,24:exxxxxx,928.33,716.51,940.34,920.83,716.51,939.37,47.01,44.85,47.27,46.9,44.98,47.24,1.73,1.66,2.07,1.72,1.66,1.92,0.07
48666813,NBN,Fibre to the Node,25/10 Mbps,Leaptel,VIC,Minor Rural,FALSE,FALSE,1c:fxxxxxx,24.41,5.85,25.37,24.08,16.28,25.36,4.72,3.8,5.44,4.73,3.81,5.44,10.95,6.35,77.68,10.42,6.41,16.44,0
55458257,NBN,Fibre to the Premises,50/20 Mbps,Dodo & iPrimus,TAS,Urban,FALSE,FALSE,e0:bxxxxxx,36.39,21.28,38.21,35.72,23.54,38.17,0.88,0.68,0.89,0.88,0.71,0.89,13.86,13.54,30.87,14.03,13.54,30.87,0.03
42980561,NBN,Fibre to the Node,50/20 Mbps,Aussie Broadband,VIC,Urban,TRUE,TRUE,2a:7xxxxxx,24.59,3.34,34.46,22.88,5.48,34.18,4.44,1.28,5.35,5.13,4.13,5.35,17.42,8.32,51.76,19.54,13.29,38.75,0.04
4991197,NBN very high speed services,Fibre to the Premises,500-990/50 Mbps,Aussie Broadband,VIC,Urban,FALSE,FALSE,d0:dxxxxxx,930.19,848.97,935.06,930.13,902.3,934.78,47.25,45.83,47.4,47.23,46.73,47.37,2.61,2.41,3.85,2.6,2.41,3.25,0.48
66151913,NBN,Hybrid Fibre Coaxial,100/20 Mbps,Telstra,VIC,Urban,FALSE,FALSE,3c:7xxxxxx,108.15,96.13,109.31,108.11,96.13,109.31,18.87,18.23,19,18.8,18.23,19,8.6,8.14,10.54,8.68,8.26,9.82,0
45564653,NBN very high speed services,Hybrid Fibre Coaxial,500-990/50 Mbps,Aussie Broadband,VIC,Urban,FALSE,TRUE,3c:8xxxxxx,713.88,664.55,754.26,712.57,664.55,754.26,46.4,40.61,47.44,46.37,45.9,46.52,8.32,8.22,8.68,8.31,8.22,8.68,0
135073777,NBN,Fibre to the Curb,100/20 Mbps,Dodo & iPrimus,VIC,Urban,FALSE,FALSE,68:7xxxxxx,87.65,73.32,89.05,87.38,73.32,89.05,14.65,14.17,14.84,14.63,14.17,14.84,5.63,5.48,5.83,5.59,5.48,5.77,0.03
108352010,Non-NBN fixed line services,Fibre to the Premises,500/50 Mbps,,VIC,,FALSE,FALSE,a8:4xxxxxx,541.92,501.62,544.1,539.82,501.62,543.95,47.91,47.52,48.38,47.88,47.55,48.05,4.17,4.08,4.22,4.13,4.08,4.17,0
1027852,NBN,Fibre to the Node,100/20 Mbps,Aussie Broadband,VIC,Urban,TRUE,TRUE,50:exxxxxx,56.02,40.95,60.55,55.89,40.95,59.02,18.99,18.66,19.45,18.98,18.82,19.33,10.29,9.12,11.29,10.21,9.21,11.29,0
108352014,NBN,Fibre to the Curb,100/20 Mbps,Exetel,VIC,Urban,FALSE,FALSE,54:axxxxxx,105.54,91.06,108.8,104.52,94.38,106.77,18.77,16.94,18.89,18.66,17.74,18.85,5.08,4.89,5.64,5.05,4.92,5.31,0.03
108352051,Non-NBN fixed line services,Fibre to the Premises,500/50 Mbps,,VIC,,FALSE,FALSE,7c:3xxxxxx,542.16,515.64,544.1,541.24,515.64,543.93,56.31,56.03,56.72,56.33,56.03,56.72,3.44,3.33,3.98,3.4,3.33,3.74,0.03
24424513,NBN,Fibre to the Curb,25/10 Mbps,Telstra,VIC,Urban,FALSE,FALSE,bc:3xxxxxx,27.18,16.84,27.48,27.08,20.36,27.47,4.68,4.33,4.75,4.69,4.54,4.73,5.86,5.48,6.15,5.83,5.48,6.15,0.03
96729185,NBN very high speed services,Hybrid Fibre Coaxial,500-990/50 Mbps,Leaptel,VIC,Urban,FALSE,FALSE,04:4xxxxxx,912.35,637.61,935.14,883.29,637.61,934.91,47.25,19.31,47.51,46.26,19.31,47.43,8.57,7.62,10.3,8.65,8.34,9.62,0
126126692,NBN,Fibre to the Node,50/20 Mbps,Aussie Broadband,TAS,Minor Rural,TRUE,TRUE,d0:dxxxxxx,34.17,19.44,34.65,33.49,19.44,34.64,6.88,6.67,6.93,6.89,6.74,6.93,20.07,17.01,23.08,19.98,18.41,23.08,0
1188465,NBN,Fibre to the Premises,100/20 Mbps,Superloop,VIC,Urban,FALSE,FALSE,10:7xxxxxx,107.81,98.17,109.54,107.67,102.31,108.98,18.92,18.49,19.02,18.92,18.86,19,2.62,2.46,7.03,2.57,2.46,2.81,0
21279133,NBN,Hybrid Fibre Coaxial,100/20 Mbps,Dodo & iPrimus,VIC,Urban,FALSE,FALSE,10:7xxxxxx,106.69,82.95,108.61,106.21,95.26,108.33,18.82,18.21,18.97,18.79,18.69,18.86,9.36,8.71,11.63,9.53,9.05,11.63,0.23
114330792,NBN,Hybrid Fibre Coaxial,100/20 Mbps,Exetel,VIC,Urban,FALSE,FALSE,c0:0xxxxxx,97.36,63.77,108.66,96.7,63.77,108.64,18.91,12,19.13,18.9,17.96,19.06,8.38,8.11,10.39,8.46,8.12,9.58,0.2
32833197,NBN,Fibre to the Premises,250/25 Mbps,Aussie Broadband,NT + SA,Urban,FALSE,FALSE,78:dxxxxxx,269.44,118.02,272.29,269.38,242.79,272.29,23.51,20.3,23.75,23.5,21.34,23.75,10.58,10.46,47.85,10.55,10.47,11.34,0.03
81885889,NBN very high speed services,Fibre to the Premises,500-990/50 Mbps,Superloop,VIC,Urban,FALSE,FALSE,bc:2xxxxxx,908.26,717.66,927.3,908.52,872.64,922.86,47.35,44.43,47.48,47.39,47.1,47.47,6.81,6.65,7.08,6.79,6.65,6.88,0
45887689,NBN,Fibre to the Premises,100/20 Mbps,Exetel,VIC,Urban,FALSE,FALSE,20:2xxxxxx,108.36,89.45,109.51,108.22,97.82,109.51,18.96,18.72,19.02,18.96,18.88,19.02,2.77,2.67,4.4,2.82,2.72,3.75,0
21279181,NBN very high speed services,Fibre to the Premises,500-990/50 Mbps,Launtel,VIC,Urban,FALSE,FALSE,24:4xxxxxx,915.96,660.74,921.93,906.7,660.74,921.1,45.9,45.74,46.05,45.92,45.81,46.05,2.73,2.65,2.86,2.7,2.65,2.76,0
81801685,NBN,Hybrid Fibre Coaxial,50/20 Mbps,Telstra,NT + SA,Urban,FALSE,FALSE,a4:9xxxxxx,53.23,41.11,54.68,53.17,44.27,54.67,18.62,11.09,19.06,18.72,17.38,19.06,17.99,17.04,37.77,18.01,17.05,24.2,0
31032049,NBN,Fibre to the Premises,100/20 Mbps,Dodo & iPrimus,VIC,Urban,FALSE,FALSE,a4:9xxxxxx,106.41,82.94,108.45,105.5,82.94,108.3,18.79,16.97,18.9,18.78,18.31,18.89,3.19,3.06,4.02,3.19,3.07,4.02,0
106456309,NBN,Fibre to the Premises,100/40 Mbps,Superloop,TAS,Urban,FALSE,FALSE,90:0xxxxxx,108.31,87.26,108.9,108.1,87.26,108.78,37.92,36.47,37.99,37.91,37.66,37.99,9.85,9.79,11.55,9.86,9.8,11.19,0
2219291,NBN very high speed services,Fibre to the Premises,500-990/50 Mbps,Aussie Broadband,NSW,Urban,FALSE,FALSE,cc:fxxxxxx,291.95,77.3,924.88,247.03,77.3,920.76,47.31,46.04,47.48,47.28,46.04,47.47,2.54,2.38,5.95,2.54,2.4,3.75,0.1
24454705,NBN,Fibre to the Curb,50/20 Mbps,Vodafone,NSW,Urban,FALSE,FALSE,a4:9xxxxxx,53.67,37.23,54.15,53.43,45.38,54.05,18.65,16.65,18.72,18.66,18.42,18.72,4.64,4.5,144.41,4.71,4.57,5.62,0.03
58068541,NBN very high speed services,Fibre to the Premises,500-990/50 Mbps,Launtel,ACT,Urban,FALSE,FALSE,a0:3xxxxxx,901.91,230.51,921.99,885.92,230.51,920.91,45.88,39.4,46.15,45.74,39.4,46.13,6.63,6.53,10.99,6.6,6.57,6.64,0
100558397,NBN,Fibre to the Premises,50/20 Mbps,Other RSPs,NSW,Urban,FALSE,FALSE,d4:9xxxxxx,53.01,11.28,54.73,52.06,11.28,54.68,18.9,17,19.11,18.86,18.11,19,9.2,5.69,210.88,9.07,5.69,10.45,0
55458385,NBN very high speed services,Fibre to the Premises,500-990/50 Mbps,Other RSPs,QLD,Urban,FALSE,FALSE,d0:dxxxxxx,928.97,906.75,931.14,927.06,915.74,930.8,47.05,46.55,47.1,47.06,47.01,47.1,3.33,3.14,7.05,3.59,3.18,4.99,0
61545061,NBN very high speed services,Fibre to the Premises,500-990/50 Mbps,Superloop,NSW,Urban,FALSE,FALSE,3c:3xxxxxx,936.73,914.33,937.94,935.88,914.33,937.71,41.43,39.53,41.81,41.35,39.53,41.6,2.58,2.45,7.12,2.59,2.45,7.12,0
59419273,Starlink,Satellite,100/50 Mbps,Starlink,VIC,,FALSE,FALSE,74:2xxxxxx,203.26,1.76,391.7,174.28,14.34,378.04,27.96,8.16,57.27,27.19,8.16,45,30.2,23.81,41.73,31.54,26.36,35.18,0
24869061,NBN,Fibre to the Premises,250/25 Mbps,iiNet,WA,Urban,FALSE,FALSE,74:axxxxxx,263.15,58.94,271.78,252.1,105.81,271.15,23.54,18.76,23.89,23.19,18.76,23.85,2.57,2.49,6.49,2.58,2.51,3.18,0
117784268,NBN,Fibre to the Node,100/40 Mbps,Launtel,NSW,Urban,FALSE,FALSE,40:6xxxxxx,94.23,23.26,96.65,94.02,74.54,96.65,36.51,34.56,37.07,36.54,36.05,37.07,18.19,13.19,36.73,18.3,14.12,24.76,0.03
110762820,NBN,Fibre to the Premises,100/20 Mbps,Exetel,WA,Urban,FALSE,FALSE,a4:fxxxxxx,108.68,99.74,109.21,108.47,99.74,109.04,18.86,18.68,18.91,18.84,18.69,18.9,2.36,2.12,23.58,2.4,2.34,2.63,0
125662348,NBN very high speed services,Hybrid Fibre Coaxial,500-990/50 Mbps,Aussie Broadband,NSW,Urban,FALSE,FALSE,34:9xxxxxx,928.51,889.4,932.68,926.95,889.4,932.68,47.09,24.56,47.62,45.83,24.56,47.62,8.45,7.99,9.46,8.63,8.25,9.46,0.03
1188505,NBN,Fibre to the Premises,100/20 Mbps,Telstra,NSW,Urban,FALSE,FALSE,d4:9xxxxxx,92.97,59.09,94.24,92.37,80.27,94.17,18.94,17.4,19.18,18.96,18.36,19.08,8.92,8.59,10.38,8.91,8.82,9.25,0
1028768,NBN,Fibre to the Premises,100/20 Mbps,Optus,VIC,Urban,FALSE,FALSE,ac:bxxxxxx,109.2,103.9,109.31,109.24,108.27,109.3,19.09,18.16,19.29,19.12,18.87,19.27,16.38,11.14,20.29,15.98,11.14,20.2,0
1028800,NBN,Fibre to the Premises,100/20 Mbps,Aussie Broadband,NSW,Urban,FALSE,TRUE,78:dxxxxxx,28.54,4.83,32.54,28.42,19.95,32.53,18.79,14.6,19.08,18.41,14.6,18.98,3.44,3.28,5.54,3.51,3.38,4.7,0.03
102021853,NBN,Fibre to the Premises,100/20 Mbps,Telstra,VIC,Urban,FALSE,FALSE,d4:3xxxxxx,109.2,102.11,110.79,109.13,102.11,109.4,19.05,15.28,19.29,19.07,18.98,19.21,11.01,10.56,69.5,10.94,10.56,11.73,0
55458309,NBN,Hybrid Fibre Coaxial,25/5 Mbps,TPG,QLD,Urban,FALSE,FALSE,a4:9xxxxxx,26.01,8.21,26.34,25.76,19.55,26.33,3.51,3.13,4.54,3.54,3.33,4.48,8.99,8.73,18.62,9.09,8.85,9.87,0
114331231,Non-NBN fixed line services,Fibre to the Premises,500/50 Mbps,,NSW,,FALSE,FALSE,34:dxxxxxx,543.5,519.99,544.23,543.45,536.67,544.19,56.32,55.56,56.38,56.3,55.82,56.37,3.47,3.16,7.34,3.5,3.32,4.26,0.13
112915338,NBN,Fibre to the Premises,250/25 Mbps,Exetel,NSW,Urban,FALSE,FALSE,58:1xxxxxx,271.45,260.57,272.86,270.77,260.57,272.38,23.63,22.1,23.81,23.58,23.36,23.69,6.11,5.3,7.28,6.03,5.3,7.26,0
49590433,NBN,Hybrid Fibre Coaxial,25/5 Mbps,Other RSPs,NT + SA,Urban,FALSE,FALSE,a0:bxxxxxx,26.43,15.42,27.3,27.01,24.47,27.28,4.62,0.99,4.72,4.63,4.39,4.7,17.09,16.61,46.66,17.16,16.9,17.61,0
48464553,NBN,Fibre to the Node,50/20 Mbps,iiNet,NSW,Major Rural,TRUE,FALSE,44:4xxxxxx,37.74,32.4,41.59,37.58,32.76,40.02,7.7,5.5,8.56,7.65,5.5,8.56,17.47,13.37,25.14,16.92,13.41,19.21,0.03
117784270,NBN,Fibre to the Node,100/20 Mbps,Launtel,ACT,Urban,FALSE,FALSE,18:fxxxxxx,104.7,79.31,105.71,104.23,79.31,105.55,18.2,17.57,18.33,18.18,17.86,18.32,13.96,10.11,16.87,13.87,11.61,16.52,0
103619069,NBN,Hybrid Fibre Coaxial,50/20 Mbps,Dodo & iPrimus,NSW,Urban,FALSE,FALSE,10:2xxxxxx,52.77,31.41,53.35,52.56,44.81,53.33,18.73,17.73,18.84,18.76,18.52,18.83,7.78,7.51,16.38,7.88,7.58,9.12,0
2975233,NBN,Fibre to the Node,50/20 Mbps,TPG,NSW,Urban,TRUE,FALSE,c4:7xxxxxx,41.47,21.78,42.5,41.53,40.66,42.47,7.47,6.97,9.24,7.45,7.05,7.95,9.6,6.06,61.65,9.63,9.33,10.41,0.1
135073794,NBN,Fibre to the Node,100/40 Mbps,Launtel,NSW,Urban,FALSE,FALSE,58:1xxxxxx,92.96,78.71,94.06,92.46,78.71,93.96,31.25,29.29,31.41,31.19,30.19,31.38,21.95,15.81,35.43,22.1,15.81,25.54,0
1029413,NBN,Fibre to the Premises,50/20 Mbps,iiNet,NSW,Urban,FALSE,FALSE,a4:9xxxxxx,53.32,45.83,53.93,53.4,49.11,53.87,18.3,17.41,18.35,18.31,18.15,18.35,3.46,3.34,84.48,3.5,3.45,3.79,0
2211111,NBN,Fibre to the Premises,50/20 Mbps,Aussie Broadband,ACT,Urban,FALSE,FALSE,4c:exxxxxx,53.64,35.44,54.63,53.78,52.18,54.21,18.9,17.22,19.1,18.86,18.03,18.99,6.29,6.12,10.29,6.27,6.12,8.87,0
55458345,NBN,Fibre to the Premises,100/20 Mbps,Aussie Broadband,NSW,Major Rural,FALSE,FALSE,34:9xxxxxx,107.97,101.94,110.03,106.98,102.6,108.66,18.9,18.32,19.02,18.95,18.95,18.95,5.12,4.98,5.28,5.17,5.12,5.22,0
57725741,NBN very high speed services,Fibre to the Premises,500-990/50 Mbps,Aussie Broadband,NSW,Urban,FALSE,FALSE,fc:exxxxxx,935.29,894.4,937.05,934.52,894.4,936.93,47.4,46.98,47.47,47.41,47.26,47.46,2.69,2.59,3.22,2.68,2.6,3,0
55703085,NBN,Fibre to the Premises,250/25 Mbps,Superloop,NSW,Urban,FALSE,FALSE,40:3xxxxxx,271.27,213.09,273.03,271.59,267.83,273.03,23.65,22.2,23.79,23.63,22.43,23.76,4.38,3.94,19.84,4.37,3.94,4.96,0
124438601,Starlink,Satellite,100/50 Mbps,Starlink,VIC,,FALSE,FALSE,62:2xxxxxx,211.31,88.09,403.04,170.51,88.09,256.03,27.3,6.69,47.21,24.81,6.69,40.13,27.97,22.86,35.18,28.97,25.91,33.32,0.16
49470801,NBN,Fibre to the Premises,100/20 Mbps,TPG,NSW,Urban,FALSE,FALSE,a8:6xxxxxx,106.69,92.3,107.98,106.26,92.81,107.98,18.65,17.03,18.92,18.66,18.34,18.85,6.75,6.61,6.92,6.73,6.65,6.87,0
23084133,NBN,Fibre to the Node,25/10 Mbps,Aussie Broadband,ACT,Urban,FALSE,FALSE,e0:2xxxxxx,27.01,15.85,27.56,26.93,15.85,27.5,9.47,9.03,9.54,9.47,9.07,9.51,13.13,9.24,30.71,13.31,9.58,27.41,0.39
53382761,NBN,Fibre to the Premises,100/20 Mbps,Exetel,NSW,Urban,FALSE,FALSE,68:7xxxxxx,107.55,99.68,108.87,106.64,99.68,108.8,18.81,18.61,18.88,18.78,18.67,18.87,3.2,3.09,3.3,3.22,3.15,3.25,0
23486829,NBN,Hybrid Fibre Coaxial,250/25 Mbps,Telstra,NSW,Urban,FALSE,FALSE,9e:0xxxxxx,271.78,246.69,272.85,271.56,261.37,272.85,23.66,22.29,23.88,23.62,22.84,23.84,14.42,14.05,68.66,14.5,14.27,14.84,0.14
54368913,NBN,Fibre to the Node,100/20 Mbps,Leaptel,NSW,Urban,TRUE,FALSE,14:4xxxxxx,94.11,25.52,107.14,90.92,27.51,106.88,18.5,10.84,19.02,18.56,14.15,18.99,8.48,4.89,16.56,8.47,4.99,12.61,0.23
44732065,NBN fixed wireless,Fixed Wireless,Fixed Wireless Home Fast 250/20,,NSW,Remote,FALSE,FALSE,f0:9xxxxxx,224.62,101.53,250.47,218.51,101.53,247.36,20.96,11.2,22.99,20.46,17.11,22.49,54.56,51.16,81.63,54.27,51.29,58.95,0.03
21279145,NBN,Fibre to the Node,50/20 Mbps,Aussie Broadband,NSW,Urban,FALSE,FALSE,d0:dxxxxxx,53.6,43.17,54.54,52.81,43.55,54.49,18.93,15.79,19.44,18.86,15.95,19.23,9.68,7.71,18.74,10.17,8.4,18.74,0
59419333,NBN,Hybrid Fibre Coaxial,100/40 Mbps,Launtel,NSW,Urban,FALSE,FALSE,00:exxxxxx,96.78,10.98,105.64,96.41,78.07,105.42,36.77,32.85,37.49,36.96,36.47,37.12,11.54,10.95,14.48,11.7,11.04,14.12,16.67
129577419,NBN Satellite Services,Satellite,100/10 Mbps,,TAS,Major Rural,FALSE,FALSE,18:fxxxxxx,59.7,12.68,89.66,42.24,12.68,82.33,11.76,2.86,19.84,8.18,2.86,14.72,674.63,651.03,753.47,680.69,655.27,753.47,0.29
13097165,NBN,Fibre to the Premises,100/40 Mbps,Exetel,ACT,Urban,FALSE,FALSE,78:8xxxxxx,108.43,103.62,108.77,108.37,106.27,108.67,37.88,36.09,37.97,37.9,37.86,37.95,6.19,6.02,7.17,6.26,6.14,7.05,0.05
49590489,NBN,Fibre to the Node,25/5 Mbps,iiNet,NSW,Urban,FALSE,FALSE,9c:axxxxxx,25.53,18.39,26.78,24.84,18.39,26.78,4.71,4.45,4.77,4.7,4.5,4.76,10.33,6.94,15.37,10.89,7.36,15.37,0
1231597,NBN very high speed services,Fibre to the Premises,500-990/50 Mbps,Other RSPs,VIC,Urban,FALSE,FALSE,94:8xxxxxx,933,796.56,936.16,933.06,924.35,935.29,47.07,39.44,47.55,46.51,40.68,47.49,5.35,5.17,9.12,5.4,5.23,9.12,0
24454665,NBN,Fibre to the Premises,100/40 Mbps,iiNet,NSW,Urban,FALSE,FALSE,a4:9xxxxxx,106.77,92.04,108,106.34,92.04,107.7,37.64,36.51,37.78,37.63,37.28,37.7,2.73,2.6,13.29,2.98,2.6,13.29,0
31032089,NBN,Fibre to the Premises,100/20 Mbps,Aussie Broadband,ACT,Urban,FALSE,FALSE,d0:dxxxxxx,108.01,103.07,108.64,108.21,106.47,108.64,18.91,18.14,19,18.95,18.9,18.99,6.53,6.09,16.92,6.49,6.17,7.63,0
97560357,NBN,Fibre to the Premises,100/20 Mbps,Optus,ACT,Urban,FALSE,FALSE,70:3xxxxxx,106.85,54.96,110.94,106.54,89.11,110.94,18.85,15.24,19.01,18.81,17.07,19,17.14,10.06,112.41,17.13,10.11,20.9,0
4114221,NBN fixed wireless,Fixed Wireless,Fixed Wireless Plus 50/10,,NSW,Urban,FALSE,FALSE,cc:4xxxxxx,53.52,36.08,56,53.35,36.08,55.05,9.36,8.55,9.59,9.37,9,9.59,40.94,38.82,55.31,40.99,40.11,43.33,0.1
1188453,NBN,Fibre to the Premises,250/25 Mbps,Telstra,NSW,Urban,FALSE,FALSE,bc:3xxxxxx,271.59,246.59,275.35,269.57,246.59,273.3,23.4,22.59,23.53,23.38,23.16,23.5,3.97,3.5,5.48,3.97,3.53,4.98,0
55458425,NBN,Fibre to the Premises,50/20 Mbps,Dodo & iPrimus,ACT,Urban,FALSE,FALSE,00:1xxxxxx,51.85,20.37,53.4,51.31,22.29,53.36,18.75,16.44,18.91,18.68,17.97,18.91,5.86,5.56,14.16,5.89,5.63,7.48,0.29
5071737,NBN,Fibre to the Premises,250/25 Mbps,Telstra,NSW,Urban,FALSE,FALSE,a0:bxxxxxx,270.89,69.7,274.07,270.75,240.35,274.07,23.41,5.8,23.69,23.45,23.13,23.59,12.83,11.63,64.68,12.95,11.73,15.5,0
2565255,NBN,Fibre to the Node,50/20 Mbps,Dodo & iPrimus,NSW,Urban,FALSE,FALSE,bc:7xxxxxx,45.69,34.36,46.7,46.2,44.7,46.68,18.78,16.89,18.96,18.86,18.81,18.96,17.96,14.67,19.87,17.46,16.61,18.11,0.06
116680586,Non-NBN fixed line services,Fibre to the Premises,100/40 Mbps,,NSW,,FALSE,FALSE,18:fxxxxxx,108.09,57.36,109.2,107.02,57.36,108.92,45.19,17.92,45.41,45.19,45.02,45.36,5.01,4.9,57,5,4.9,7.95,0
1188503,NBN very high speed services,Fibre to the Premises,500-990/50 Mbps,Aussie Broadband,NSW,Urban,FALSE,FALSE,d2:2xxxxxx,927.35,887.19,935.48,927.16,917.52,932.6,47.36,46.86,47.45,47.34,47.31,47.38,1.96,1.72,2.81,2,1.87,2.81,0.03
1354397,NBN,Hybrid Fibre Coaxial,100/20 Mbps,Aussie Broadband,NSW,Urban,FALSE,FALSE,18:fxxxxxx,107.61,83.67,109.33,107.49,102.73,108.64,18.92,18.41,19.04,18.85,18.41,18.98,8.43,8.16,10.27,8.6,8.31,10.27,0
124146108,Starlink,Satellite,100/50 Mbps,Starlink,QLD,Isolated,FALSE,FALSE,7a:4xxxxxx,197.96,10.28,375.84,177.28,10.28,334.69,32.66,8.75,56.81,32.7,8.75,56.44,30.93,25.86,36.92,31.95,27.5,36.51,4.55
45887685,NBN,Hybrid Fibre Coaxial,50/20 Mbps,TPG,NSW,Urban,FALSE,FALSE,1c:6xxxxxx,50.08,33.38,53.76,47.54,37.22,53.68,18.68,17.61,19.04,18.45,17.94,18.81,8.1,7.63,109.71,8.43,7.7,10.3,0.2
106456273,NBN very high speed services,Hybrid Fibre Coaxial,500-990/50 Mbps,Superloop,NSW,Urban,FALSE,FALSE,8c:3xxxxxx,913.85,587.11,941.25,919.94,591.05,941.24,47.27,44.1,47.53,46.99,44.1,47.44,8.01,7.63,9.44,8.1,7.74,9.44,0.03
31032017,NBN,Hybrid Fibre Coaxial,100/20 Mbps,Vodafone,NSW,Urban,FALSE,FALSE,3c:7xxxxxx,106.66,73.61,108.15,106.08,89.46,108.15,18.77,18.1,18.94,18.69,18.1,18.85,8.8,8.62,10.53,8.83,8.63,9.21,0
96729297,NBN fixed wireless,Fixed Wireless,Fixed Wireless Plus 100/20,,NSW,Minor Rural,FALSE,FALSE,d4:3xxxxxx,137.56,0,145.14,136.11,0,144.42,17.27,2.26,21.66,15.34,2.26,19.56,53.39,47.26,775.32,52.7,47.91,100.13,3.13
1188469,NBN,Fibre to the Premises,50/20 Mbps,Optus,VIC,Urban,FALSE,FALSE,b8:exxxxxx,52.94,35.31,55.33,53.64,50.99,54.85,18.66,17.8,18.82,18.76,18.75,18.78,5.6,5.12,56.48,6.11,5.16,32.92,0.03
53382793,NBN,Hybrid Fibre Coaxial,100/20 Mbps,Optus,VIC,Urban,FALSE,FALSE,8c:8xxxxxx,109.01,58.59,109.55,108.05,58.59,109.55,18.83,18.06,19.64,18.84,18.15,19.35,10.25,9.67,11.12,10.25,9.99,10.75,0.03
44732061,NBN Satellite Services,Satellite,50/10 Mbps,,NSW,Major Rural,FALSE,FALSE,78:1xxxxxx,44.87,5.01,55.72,26.78,5.01,49.47,11.18,2.59,17.75,6.68,2.59,13.55,673.93,661.33,712.79,679.22,670.02,712.79,0
125103631,NBN very high speed services,Hybrid Fibre Coaxial,500-990/50 Mbps,Superloop,QLD,Urban,FALSE,TRUE,c4:8xxxxxx,319.33,222.77,513.66,326.37,239.14,513.66,46.95,37.6,47.42,47.09,44.92,47.39,8.63,8.04,11.24,8.67,8.11,11.24,0
114330425,NBN,Hybrid Fibre Coaxial,500/50 Mbps,Exetel,QLD,Urban,FALSE,TRUE,e8:fxxxxxx,107.37,63.53,109.02,106.74,63.53,108.99,47.13,45.3,47.31,47.11,46.46,47.31,8.09,7.88,10.64,8.12,7.94,9.44,0
38966333,NBN,Fibre to the Curb,100/20 Mbps,Optus,QLD,Urban,FALSE,FALSE,48:dxxxxxx,108.47,98.03,110.6,107.66,98.03,109.28,18.35,10.37,18.67,18.58,18.47,18.65,8.34,8.24,10.24,8.38,8.25,9.08,0.03
6986373,NBN very high speed services,Fibre to the Premises,500-990/50 Mbps,Aussie Broadband,QLD,Urban,FALSE,FALSE,d0:dxxxxxx,181.79,93.5,919.93,188.95,93.72,906.7,47.42,46.97,47.55,47.39,46.97,47.46,16.59,16.05,17.58,16.6,16.05,17.58,0.03
29843377,NBN,Fibre to the Node,50/20 Mbps,Aussie Broadband,QLD,Urban,FALSE,FALSE,00:1xxxxxx,52.4,38.41,54.48,49.89,46.1,53.26,18.87,17.73,19.06,18.93,18.91,18.94,11.6,8.8,17.5,11.95,10.07,15.11,0.13
111902681,NBN very high speed services,Fibre to the Premises,500-990/50 Mbps,Leaptel,QLD,Urban,FALSE,FALSE,7c:1xxxxxx,933.03,913.71,934.45,933.83,932.1,934.23,47.31,47.04,47.45,47.32,47.26,47.39,3.87,3.73,4,3.87,3.75,3.96,0
55105253,NBN very high speed services,Fibre to the Premises,500-990/50 Mbps,Superloop,QLD,Urban,FALSE,FALSE,a8:bxxxxxx,930.49,581.49,936.46,931.13,849.75,936.3,47.04,21.41,47.46,45.23,21.41,47.46,1.72,1.62,10.43,1.76,1.62,2.26,0
123218332,NBN,Fibre to the Node,50/20 Mbps,TPG,WA,Urban,FALSE,FALSE,1c:3xxxxxx,52.95,7.46,53.95,53.09,48.79,53.83,18.76,18.42,18.96,18.75,18.42,18.9,9.8,8.29,15.71,9.88,9.08,11.54,0
106456165,NBN,Fibre to the Premises,100/20 Mbps,Dodo & iPrimus,WA,Urban,FALSE,FALSE,e8:9xxxxxx,106.16,96.7,106.67,105.07,99.19,106.61,18.78,17.92,18.88,18.79,18.67,18.84,3.05,2.76,3.38,3.07,2.77,3.3,0
124146117,NBN,Fibre to the Premises,100/20 Mbps,Aussie Broadband,WA,Urban,FALSE,FALSE,a4:9xxxxxx,108.57,107.7,109.54,108.55,107.7,108.64,18.95,18.82,19.01,18.92,18.82,18.97,2.33,2.28,2.49,2.33,2.31,2.39,0
116127469,NBN,Fibre to the Premises,250/25 Mbps,TPG,WA,Urban,FALSE,FALSE,b0:9xxxxxx,262.65,154.82,273.04,261.95,223.4,269.89,18.71,16.65,18.94,18.76,18.64,18.81,3.35,3.17,120.26,3.93,3.24,17.96,0
126058248,NBN,Fibre to the Premises,50/20 Mbps,Telstra,QLD,Urban,FALSE,FALSE,9c:3xxxxxx,53.66,45.36,54.97,53.39,46.89,54.62,18.88,17.66,19.01,18.84,18.52,18.98,2.39,1.74,17.87,2.54,1.79,9.7,0
2512725,NBN very high speed services,Fibre to the Premises,500-990/50 Mbps,Aussie Broadband,QLD,Urban,FALSE,FALSE,e4:cxxxxxx,889.76,526.98,936.52,892.09,603.98,936.47,47.27,35.85,47.54,47.2,42.96,47.49,16.33,15.96,17.18,16.34,15.97,17.14,0
23116193,NBN,Fibre to the Node,100/40 Mbps,Aussie Broadband,QLD,Urban,TRUE,FALSE,44:4xxxxxx,77.44,51.79,80.75,75.58,57.07,80.39,37.38,34.32,37.98,37.16,34.32,37.98,9.83,6.6,13.63,9.96,8.77,12.41,0.03
24029377,NBN,Fibre to the Node,50/20 Mbps,iiNet,QLD,Urban,FALSE,FALSE,a4:9xxxxxx,53.04,43.47,53.96,53.34,52.35,53.74,18.76,13.89,19.24,18.26,14.24,19.14,9.39,6.93,24.04,9.37,6.95,13.81,0.06
134710022,NBN very high speed services,Fibre to the Premises,500-990/50 Mbps,Leaptel,VIC,Urban,FALSE,FALSE,90:0xxxxxx,921.68,742.36,927.08,910.26,742.36,926.84,47.59,47.35,47.69,47.6,47.49,47.69,5.67,3.64,8.4,5.75,3.66,7.58,0.03
23786605,NBN,Fibre to the Premises,100/40 Mbps,Optus,NT + SA,Urban,FALSE,FALSE,d8:axxxxxx,108.58,89.48,109.92,108.43,89.48,109.92,37.42,35.99,37.87,37.38,35.99,37.51,14.91,13.73,39.78,14.99,13.89,22.9,0
1195905,NBN,Fibre to the Premises,100/20 Mbps,TPG,VIC,Urban,FALSE,FALSE,ac:9xxxxxx,92.14,71.87,93.74,92.55,76.13,93.74,18.72,16.05,18.93,18.53,16.05,18.88,5.58,5.37,7.99,5.51,5.39,5.91,0.23
106456221,NBN,Hybrid Fibre Coaxial,500/50 Mbps,Exetel,VIC,Urban,FALSE,FALSE,28:dxxxxxx,543.63,538.91,544.04,543.99,543.99,543.99,45.91,27.19,47.23,,,,11.52,8.5,12.08,8.61,8.61,8.61,0
2142639,NBN,Fibre to the Node,100/40 Mbps,Superloop,VIC,Urban,TRUE,FALSE,10:0xxxxxx,95.74,82.77,98.26,95.19,84.71,98.19,19.19,18.84,19.39,19.25,19.09,19.39,12.47,10.93,14.72,12.68,11.15,13.39,0
134710037,NBN,Fibre to the Premises,100/20 Mbps,Leaptel,NT + SA,Urban,FALSE,FALSE,cc:2xxxxxx,97.49,83.37,98.94,96.99,88.96,98.82,18.89,15.5,19.26,18.68,15.5,19.07,11.55,11.21,13.71,11.6,11.3,13.71,0
24329293,NBN very high speed services,Hybrid Fibre Coaxial,500-990/50 Mbps,Superloop,VIC,Urban,FALSE,TRUE,cc:2xxxxxx,711.98,678.41,762.28,711.99,678.41,746.59,47.44,47.21,47.6,47.44,47.21,47.53,7.58,7.4,8.2,7.56,7.45,7.67,0
134533286,NBN very high speed services,Fibre to the Premises,500-990/50 Mbps,Superloop,VIC,Major Rural,FALSE,FALSE,d8:bxxxxxx,922.69,859.38,926.98,921.88,872.8,926.85,47.35,45.24,47.48,47.35,47.04,47.46,4.63,4.58,5.03,4.62,4.6,4.72,0
81801797,Non-NBN fixed line services,Fibre to the Premises,100/40 Mbps,,NSW,,FALSE,FALSE,78:8xxxxxx,109.48,19.34,112.49,107.67,19.34,112.31,36.47,28.67,36.94,36.21,32.33,36.94,3.11,2.63,25.14,3.67,2.84,25.14,0
135073766,NBN,Hybrid Fibre Coaxial,50/20 Mbps,Vodafone,QLD,Urban,FALSE,FALSE,d0:dxxxxxx,53.7,46.01,54.02,53.64,51.19,53.97,18.67,8.34,19.3,17.8,8.34,19.3,10.62,10.2,15.67,11.06,10.52,12.05,0
1188299,NBN,Fibre to the Premises,100/40 Mbps,Optus,VIC,Urban,FALSE,FALSE,d0:8xxxxxx,108.77,102.45,109.63,108.67,102.45,109.31,37.58,36.99,37.73,37.62,37.35,37.73,4.27,3.92,5.64,4.26,3.94,4.45,0
1028816,NBN,Fibre to the Premises,50/20 Mbps,Optus,NSW,Urban,FALSE,FALSE,b0:9xxxxxx,54.54,52.24,55.47,54.53,53.06,55.42,18.55,15.18,18.66,18.45,15.18,18.65,3.97,3.9,19.2,4.02,3.9,7.27,0
1029403,NBN,Fibre to the Premises,100/20 Mbps,Aussie Broadband,NSW,Urban,FALSE,FALSE,94:8xxxxxx,106.62,82.41,109.86,105.3,82.41,109.86,18.88,17.93,19.01,18.83,18.27,18.97,12.73,12.36,20.85,12.78,12.56,15.8,0
78151097,NBN,Hybrid Fibre Coaxial,100/20 Mbps,Superloop,NSW,Urban,FALSE,FALSE,3c:3xxxxxx,107.19,80.27,109.42,106.67,99.81,108.67,18.94,18.48,19.04,18.97,18.94,19,8.67,8.47,9.4,8.69,8.57,8.79,1.5
1188363,NBN,Fibre to the Premises,100/20 Mbps,TPG,NSW,Urban,FALSE,FALSE,9c:axxxxxx,106.6,68.27,108.33,105.87,95.74,108.16,18.73,16.64,18.9,18.49,16.64,18.87,5.78,5.38,11.25,6.01,5.38,8.71,1.45
4803353,NBN,Fibre to the Premises,100/20 Mbps,Dodo & iPrimus,VIC,Urban,FALSE,FALSE,d0:dxxxxxx,106.64,86.58,108.25,107.04,87.78,108.25,18.73,14.32,18.95,18.54,15.82,18.95,13.39,12.92,16.1,13.59,12.96,16.1,0
45564825,NBN,Fibre to the Premises,100/40 Mbps,Aussie Broadband,ACT,Urban,FALSE,FALSE,28:bxxxxxx,93.47,54.61,106.71,89.89,64.14,104.53,35.73,22.06,38.46,36.4,33.07,38.38,6.28,6.15,7.08,6.28,6.16,6.85,0
2521533,Starlink,Satellite,100/50 Mbps,Starlink,NSW,,FALSE,FALSE,d8:exxxxxx,81.23,2.22,124.47,77.79,2.22,115.64,22.5,5.2,25.41,21.94,10.84,25.26,24.24,20,29.75,24.62,21.35,28.6,0.35
130915560,NBN very high speed services,Fibre to the Premises,500-990/50 Mbps,Other RSPs,NSW,Urban,FALSE,FALSE,60:2xxxxxx,919.94,903.73,924.78,,,,46.96,46.1,47.08,47.02,46.97,47.06,2.88,2.79,3.3,2.85,2.8,2.91,0
45564661,NBN very high speed services,Hybrid Fibre Coaxial,500-990/50 Mbps,Other RSPs,NSW,Urban,FALSE,FALSE,3c:5xxxxxx,932.84,904.1,936.86,932.76,904.1,936.86,47.35,43.57,47.58,47.36,47.09,47.51,9.47,8.89,11.03,9.5,8.91,10.4,0
1029367,NBN,Fibre to the Premises,100/20 Mbps,Telstra,NSW,Major Rural,FALSE,FALSE,08:cxxxxxx,109.17,96.07,110.96,109.07,96.07,110.96,18.97,17.78,19.21,18.98,18.91,19.17,8.75,8.65,8.91,8.73,8.67,8.83,0.04
96729153,NBN very high speed services,Hybrid Fibre Coaxial,500-990/50 Mbps,Other RSPs,VIC,Urban,FALSE,FALSE,40:exxxxxx,936.16,858.46,947.57,934.89,867.61,941.56,46.97,44.35,47.16,47.04,46.49,47.14,9.07,8.64,11.12,8.97,8.65,9.52,0
2219371,NBN,Fibre to the Premises,250/25 Mbps,Optus,VIC,Minor Rural,FALSE,FALSE,d8:dxxxxxx,249.09,216.9,264.73,247.84,229.24,264.73,23.65,23.56,23.68,23.63,23.57,23.66,17.7,17.48,17.9,17.66,17.58,17.86,0.17
48464301,NBN,Fibre to the Premises,250/25 Mbps,Other RSPs,QLD,Urban,FALSE,FALSE,58:dxxxxxx,271.31,190.28,273.65,270.64,190.28,273.44,23.67,20.9,23.88,23.71,22.19,23.87,3.55,2.51,4.49,3.57,2.55,4.22,0
76746685,NBN,Fibre to the Node,50/20 Mbps,Dodo & iPrimus,VIC,Urban,FALSE,FALSE,d0:dxxxxxx,46.17,36.53,46.95,44.93,36.53,46.91,18.82,18.58,18.96,18.68,18.58,18.82,9.44,6.74,10.22,9.43,8.29,9.89,0
96729241,NBN very high speed services,Hybrid Fibre Coaxial,500-990/50 Mbps,Launtel,VIC,Urban,FALSE,FALSE,9c:0xxxxxx,896.32,376.88,922.34,877.96,378.18,919.69,46.01,43.18,46.64,45.92,45.02,46.47,9.91,8.07,13.47,9.74,8.9,10.73,0
45887705,NBN,Fibre to the Node,50/20 Mbps,Aussie Broadband,NT + SA,Major Rural,TRUE,TRUE,f8:axxxxxx,36,31.83,37.29,36.15,34.59,37.24,5.17,4.84,5.38,5.13,4.93,5.36,20.26,16.05,23.68,19.97,17.4,21.88,0
102021849,NBN,Fibre to the Curb,50/20 Mbps,TPG,VIC,Urban,FALSE,FALSE,34:6xxxxxx,52.09,35.71,53.78,51.31,47.25,53.63,16.62,14.48,17.15,16.19,15.44,17.02,5.21,5.01,9.28,5.37,5.07,6.05,0
124438661,NBN,Fibre to the Node,50/20 Mbps,Dodo & iPrimus,NT + SA,Urban,TRUE,TRUE,70:3xxxxxx,14.67,7.72,18.39,14.15,7.72,18.23,3.61,2.57,4.98,3.58,2.64,4.94,24.2,17.6,41.36,24.57,20.47,31.74,0.23
42314505,NBN,Fibre to the Premises,100/40 Mbps,Superloop,NSW,Urban,FALSE,FALSE,bc:axxxxxx,108.41,106.68,108.72,108.42,107.68,108.67,37.7,37.53,37.91,37.68,37.62,37.73,2.2,2.04,3.1,2.21,2.14,2.26,0.07
124395607,NBN Satellite Services,Satellite,100/10 Mbps,,NSW,Major Rural,FALSE,FALSE,04:4xxxxxx,63.25,10.62,109.78,35.8,10.62,54.55,8.79,3.81,15.11,8.21,3.81,9.69,653.94,633.39,697.85,654.27,634.97,680.14,0.75
97045689,NBN,Fibre to the Premises,250/100 Mbps,iiNet,NSW,Urban,FALSE,FALSE,04:4xxxxxx,272.65,265.98,273.27,272.97,272.7,273.27,94.48,90.6,94.93,94.64,94.53,94.86,4.96,4.79,5.17,4.98,4.91,5.07,0
31726865,NBN,Hybrid Fibre Coaxial,250/25 Mbps,Vodafone,WA,Urban,FALSE,FALSE,bc:axxxxxx,268.83,241.43,271.16,267.33,241.43,271.15,23.79,23.49,23.91,23.78,23.6,23.91,8.77,8.53,9.25,8.82,8.55,9.16,0
2565191,NBN,Fibre to the Node,100/20 Mbps,Aussie Broadband,WA,Urban,FALSE,FALSE,d0:dxxxxxx,95.48,85.66,99.99,95.59,85.66,99.99,18.93,18.64,19.01,18.93,18.84,18.98,8.68,4.64,12.21,8.89,7.65,11.94,0.3
61544917,NBN,Fibre to the Premises,250/25 Mbps,Launtel,WA,Urban,FALSE,FALSE,84:dxxxxxx,263.39,228.09,267.79,264.55,259.43,267.79,22.9,22.71,22.97,22.91,22.84,22.97,4.52,4.41,5.54,4.59,4.45,5.15,0
42617389,NBN very high speed services,Hybrid Fibre Coaxial,500-990/50 Mbps,Other RSPs,VIC,Urban,FALSE,FALSE,64:fxxxxxx,940.46,920.61,956.94,940.75,921.38,956.94,46.84,45.71,47.28,46.85,46.48,46.96,8.9,8.64,9.26,8.86,8.73,9.19,0
48464293,NBN very high speed services,Hybrid Fibre Coaxial,500-990/50 Mbps,Other RSPs,VIC,Urban,FALSE,FALSE,c8:9xxxxxx,935.58,927.2,936.57,935.14,930.35,936.38,47.32,46.72,47.87,,,,8.53,7.93,9.65,8.49,7.93,9.13,0
55105341,NBN very high speed services,Fibre to the Premises,500-990/50 Mbps,Other RSPs,NSW,Urban,FALSE,FALSE,d0:dxxxxxx,900.69,740.28,930.84,899.3,850.38,930.77,44.39,35.5,47.05,44.32,39.76,46.73,2.75,2.33,3.46,2.72,2.39,3.15,0.07
118146323,NBN,Hybrid Fibre Coaxial,100/40 Mbps,Superloop,QLD,Urban,FALSE,FALSE,2c:3xxxxxx,98.15,31.74,101.33,100.78,98.94,101.27,31.28,9.7,37.87,31.71,13.75,37.87,9.46,9.17,11.18,9.59,9.32,11.18,0
135073763,NBN,Fibre to the Node,50/20 Mbps,Telstra,QLD,Major Rural,FALSE,FALSE,d8:dxxxxxx,53.47,46.74,55.1,53.65,50.58,55.1,10.28,9.57,11.07,10.21,10.04,10.29,32.4,26.11,38.51,31.35,27.36,36.87,0
33308897,NBN very high speed services,Hybrid Fibre Coaxial,500-990/50 Mbps,Aussie Broadband,QLD,Urban,FALSE,FALSE,a0:3xxxxxx,939.64,932.74,946.48,940.23,939.36,941.07,46.35,44.93,48,46.91,46.36,47.4,10.2,9.54,11.68,10.18,9.56,11.46,0.17
